ticket_id,client_name,client_sector,ticket_subject,ticket_description,module,component,urgency_signals,previous_classification,correct_ticket_type,correct_priority,correct_target_team,preferred_resolver
SIS-2026-0001,EuroPackaging PT,packaging,Pedido de configuração na integração,"O fluxo atual funciona para os restantes clientes, por isso parece claramente tema de parametrização e não bug geral. Já reiniciaram sessão, browser e posto, sem conclusão clara. O cliente consegue continuar de forma limitada, mas com custo operacional claro.",integrations,edi,afeta vários utilizadores,feature_request / low / account_management,configuration_request,high,technical_support,Marta Silva
SIS-2026-0002,MetalLabel,industrial manufacturing,Timeout na integração com loja online,"As chamadas para a API externa estão a falhar por timeout e as encomendas deixam de entrar automaticamente. Ainda estamos a confirmar se acontece em todas as empresas do grupo ou só nesta. O impacto é real, mas a equipa ainda consegue trabalhar com alguma contenção.",integrations,api,afeta uma equipa; pode esperar,infrastructure_problem / high / infrastructure,infrastructure_problem,medium,infrastructure,
SIS-2026-0003,NorteCartao,packaging,Relatórios grandes dão timeout,"Não é um incidente total do ERP, mas para certas equipas já travou trabalho relevante. Há referência a outro ticket antigo, mas sem número. O cliente pediu retorno curto mesmo que ainda não haja solução final. O impacto é real, mas a equipa ainda consegue trabalhar com alguma contenção.",reporting,custom_reports,convém validar com alguma brevidade,software_bug / high / development,infrastructure_problem,medium,infrastructure,
SIS-2026-0004,EtiquetaFina,labels,Servidor de relatórios falha ao abrir mapas pesados,"Não é um incidente total do ERP, mas para certas equipas já travou trabalho relevante. A descrição veio por telefone e foi resumida internamente. Há alguma sensibilidade comercial, mas sem dramatização no pedido. Existe impacto relevante no dia de trabalho, embora ainda haja algum contorno manual.",reporting,custom_reports,precisamos ainda hoje,infrastructure_problem / high / infrastructure,infrastructure_problem,high,infrastructure,
SIS-2026-0005,NorteCartao,packaging,Transferência lançou linhas repetidas,"Depois de uma integração/importação noturna apareceram movimentos em duplicado e o saldo disponível ficou acima do físico. Ainda não anexaram prints, mas podem enviar. Se fizer sentido, podem manter o ticket com análise humana antes de encaminhar. O impacto reportado é imediato e o cliente diz que o processo principal ficou parado.",stock,stock_movements,sem faturar,software_bug / high / development,data_issue,critical,technical_support,
SIS-2026-0006,LusoPack Embalagens,packaging,Training request for opportunity follow-up,"Não há avaria; a ideia é consolidar processo antes de aumentar utilizadores. A equipa insiste que o problema é novo, mas não quantifica bem quando começou. O texto original mistura português com inglês e foi limpo apenas o mínimo para ficar legível. Se precisarem de mais detalhe, o contacto principal está disponível de tarde. O impacto é real, mas a equipa ainda consegue trabalhar com alguma contenção.",CRM,opportunities,convém validar com alguma brevidade; sem bloqueio operacional,,training_needed,medium,training_consulting,
SIS-2026-0007,FlexoPrime,printing,Utilizador não encontra campo no CRM,"Não há indício claro de erro técnico; parece mais navegação ou diferença de permissões entre perfis. Ainda estamos a confirmar se acontece em todas as empresas do grupo ou só nesta. O cliente pediu retorno curto mesmo que ainda não haja solução final. O impacto é real, mas a equipa ainda consegue trabalhar com alguma contenção.",CRM,customer_cards,convém validar com alguma brevidade,,client_misunderstanding,medium,support_level_1,
SIS-2026-0008,AlfaForms,forms and labels,Ambiente muito lento desde esta manhã,"Não temos um erro único; é degradação geral percebida por equipas diferentes. O pedido entrou com pouco contexto e alguma pressa. O cliente consegue continuar de forma limitada, mas com custo operacional claro.",general,performance,fecho do mês; impacto moderado,software_bug / high / development,infrastructure_problem,high,infrastructure,
SIS-2026-0009,AlfaForms,forms and labels,Cliente acha que o botão desapareceu,"Talvez valha confirmar se precisam de mini-guia em vez de intervenção técnica. A descrição veio por telefone e foi resumida internamente. Se possível, manter com Ana Martins porque já conhece o contexto do cliente. Se precisarem de mais detalhe, o contacto principal está disponível de tarde. Não é um bloqueio total; mesmo assim já está a consumir tempo e retrabalho.",invoicing,credit_notes,precisamos esta semana,,client_misunderstanding,medium,support_level_1,Ana Martins
SIS-2026-0010,TecnoRolo Iberia,industrial manufacturing,Training on invoice validation workflow,"Por envolver faturação, às vezes estes tickets soam mais urgentes do que realmente são. O utilizador admite que pode estar a seguir um passo desatualizado. Há alguma sensibilidade comercial, mas sem dramatização no pedido. O impacto é real, mas a equipa ainda consegue trabalhar com alguma contenção.",invoicing,tax_validation,convém validar com alguma brevidade,training_needed / low / training_consulting,training_needed,medium,training_consulting,
SIS-2026-0011,EtiquetaFina,labels,Números do dashboard não batem com relatório,"Como estes números entram em reunião de gestão, convém não desvalorizar logo como simples uso incorreto. Se fizer sentido, podem manter o ticket com análise humana antes de encaminhar. Existe impacto relevante no dia de trabalho, embora ainda haja algum contorno manual.",reporting,kpi_analysis,cliente à espera,client_misunderstanding / medium / support_level_1,data_issue,high,technical_support,
SIS-2026-0012,TecnoRolo Iberia,industrial manufacturing,Need training on warehouse movement process,"Há utilizadores novos no armazém e estão a abrir tickets diferentes para o mesmo processo de transferência. A descrição veio por telefone e foi resumida internamente. Se fizer sentido, podem manter o ticket com análise humana antes de encaminhar. O impacto é real, mas a equipa ainda consegue trabalhar com alguma contenção.",stock,warehouse_transfer,impacto moderado; sem bloqueio operacional,client_misunderstanding / medium / support_level_1,training_needed,medium,training_consulting,
SIS-2026-0013,PrintWorks Porto,printing,Feature request for complaint workflow,"A área de qualidade queria registar um código interno adicional para análise futura. Existe suspeita de configuração, embora nada conclusivo. Se fizer sentido, podem manter o ticket com análise humana antes de encaminhar. Não há bloqueio operacional imediato; o valor aqui é mais de conveniência ou prevenção.",CRM,complaints,sem bloqueio operacional,configuration_request / medium / technical_support,feature_request,low,account_management,
SIS-2026-0014,EuroPackaging PT,packaging,Documentos enviados aparecem pendentes,"Há registos técnicos por confirmar, por isso o ticket mistura dados, integração e possível bug. Não é um bloqueio total; mesmo assim já está a consumir tempo e retrabalho.",invoicing,e_invoice,impacto moderado,data_issue / medium / technical_support,data_issue,medium,technical_support,
SIS-2026-0015,TecnoRolo Iberia,industrial manufacturing,Nova regra para overhead de produção,"Não se trata de erro; o pedido é alinhar o sistema com prática interna que mudou no trimestre. Ainda não anexaram prints, mas podem enviar. No ticket interno alguém escreveu “talvez seja processo”, mas sem certeza. Existe impacto relevante no dia de trabalho, embora ainda haja algum contorno manual.",production,cost_calculation,afeta vários utilizadores,configuration_request / medium / technical_support,configuration_request,high,technical_support,
SIS-2026-0016,Braga Print House,printing,Question about customer card flow,"O pedido vem com pouca informação e pode ser simplesmente orientação funcional. Já reiniciaram sessão, browser e posto, sem conclusão clara. Se possível, manter com Rui Costa porque já conhece o contexto do cliente. Ainda estamos a confirmar se acontece em todas as empresas do grupo ou só nesta. Não há bloqueio operacional imediato; o valor aqui é mais de conveniência ou prevenção.",CRM,customer_cards,sem urgência; convém validar com alguma brevidade,software_bug / medium / technical_support,client_misunderstanding,low,support_level_1,Rui Costa
SIS-2026-0017,AlfaForms,forms and labels,Need help with credit note process,"Talvez valha confirmar se precisam de mini-guia em vez de intervenção técnica. No ticket interno alguém escreveu “talvez seja processo”, mas sem certeza. Não é um bloqueio total; mesmo assim já está a consumir tempo e retrabalho.",invoicing,credit_notes,impacto moderado,client_misunderstanding / low / support_level_1,client_misunderstanding,medium,support_level_1,Joao Pereira
SIS-2026-0018,FibraSul,paper converting,Urgent: Notificações de acesso não saem,"O cliente ainda não sabe dizer se afeta todos os domínios ou só alguns. O cliente pediu retorno curto mesmo que ainda não haja solução final. Existe impacto relevante no dia de trabalho, embora ainda haja algum contorno manual.",user_permissions,password_policy,parcialmente parado,infrastructure_problem / high / infrastructure,infrastructure_problem,high,infrastructure,
SIS-2026-0019,LusoPack Embalagens,packaging,Equipa nova no armazém precisa de acompanhamento,"Há utilizadores novos no armazém e estão a abrir tickets diferentes para o mesmo processo de transferência. Ainda não anexaram prints, mas podem enviar. Há quem diga que é só configuração; outros acham que começou depois da última atualização. Não é um bloqueio total; mesmo assim já está a consumir tempo e retrabalho.",stock,warehouse_transfer,convém validar com alguma brevidade,training_needed / low / training_consulting,training_needed,medium,training_consulting,
SIS-2026-0020,FibraSul,paper converting,Sugestão para melhorar registo em produção,"É o tipo de pedido que pode parecer bug para quem escreve o ticket, apesar de ser melhoria. Pode ser necessário validar em ambiente real e não só em teste. Há alguma sensibilidade comercial, mas sem dramatização no pedido. Não é um bloqueio total; mesmo assim já está a consumir tempo e retrabalho.",production,shop_floor,precisamos esta semana,,feature_request,medium,technical_support,Ana Martins
SIS-2026-0021,ValeFlex,printing,Adicionar etapa nova ao funil comercial,"Não há erro, apenas uma necessidade de processo mais fino. O cliente insiste que queria isto antes da próxima reunião de vendas. Podemos recolher base de dados de exemplo se for preciso, mas ainda não foi pedido. Existe impacto relevante no dia de trabalho, embora ainda haja algum contorno manual.",CRM,commercial_pipeline,cliente à espera,configuration_request / medium / technical_support,configuration_request,high,technical_support,Miguel Santos
SIS-2026-0022,TextilMinho,textile,Bug no registo de reclamações,"A equipa de qualidade abre a ficha mas ao anexar observações o ecrã fecha sem guardar. Se fizer sentido, podem manter o ticket com análise humana antes de encaminhar. Não é um bloqueio total; mesmo assim já está a consumir tempo e retrabalho.",CRM,complaints,convém validar com alguma brevidade,data_issue / high / technical_support,software_bug,medium,technical_support,Carla Sousa
SIS-2026-0023,Braga Print House,printing,URGENTE - Mensagem 500 no fecho de fatura,"Desde o início da manhã a equipa comercial consegue preparar a venda mas o documento falha no momento de emitir. Não temos mudança de processo do lado do cliente. O utilizador admite que pode estar a seguir um passo desatualizado. Se fizer sentido, podem manter o ticket com análise humana antes de encaminhar. Não é um bloqueio total; mesmo assim já está a consumir tempo e retrabalho.",invoicing,invoice_emission,impacto moderado,configuration_request / medium / technical_support,software_bug,medium,technical_support,Marta Silva
SIS-2026-0024,LusoPack Embalagens,packaging,Dados de chão de fábrica não batem,"A chefia diz que consegue continuar a produzir, só que a visibilidade de produção ficou pouco fiável. Ainda não anexaram prints, mas podem enviar. Podemos recolher base de dados de exemplo se for preciso, mas ainda não foi pedido. Se fizer sentido, podem manter o ticket com análise humana antes de encaminhar. O impacto é real, mas a equipa ainda consegue trabalhar com alguma contenção.",production,shop_floor,convém validar com alguma brevidade,client_misunderstanding / medium / support_level_1,data_issue,medium,support_level_1,
SIS-2026-0025,TecnoRolo Iberia,industrial manufacturing,Sessão de esclarecimento sobre transferências internas,"Mesmo assim o texto do pedido mistura “erro” e “não sabemos fazer”, o que o torna menos limpo do que um exemplo de manual. A equipa insiste que o problema é novo, mas não quantifica bem quando começou. Se precisarem de mais detalhe, o contacto principal está disponível de tarde. Não há bloqueio operacional imediato; o valor aqui é mais de conveniência ou prevenção.",stock,warehouse_transfer,quando possível,configuration_request / medium / technical_support,training_needed,low,training_consulting,
SIS-2026-0026,FibraSul,paper converting,Mapeamento EDI precisa de novo campo,"O fluxo atual funciona para os restantes clientes, por isso parece claramente tema de parametrização e não bug geral. Há alguma sensibilidade comercial, mas sem dramatização no pedido. Não é um bloqueio total; mesmo assim já está a consumir tempo e retrabalho.",integrations,edi,afeta uma equipa; parcialmente parado,,configuration_request,medium,technical_support,
SIS-2026-0027,PrintWorks Porto,printing,System is slow across multiple screens,"O sistema abre, mas quase todos os ecrãs demoram demasiado tempo e alguns acabam por falhar. O cliente diz que ontem funcionava. Se possível, manter com Pedro Neves porque já conhece o contexto do cliente. O cliente consegue continuar de forma limitada, mas com custo operacional claro.",general,performance,afeta vários utilizadores,software_bug / high / development,infrastructure_problem,high,infrastructure,Pedro Neves
SIS-2026-0028,TecnoRolo Iberia,industrial manufacturing,Need clarification on scheduling board,Pode haver mistura de configuração com utilização normal. O texto do cliente não é conclusivo. O texto original mistura português com inglês e foi limpo apenas o mínimo para ficar legível. Não há bloqueio operacional imediato; o valor aqui é mais de conveniência ou prevenção.,production,scheduling,quando possível,training_needed / medium / training_consulting,client_misunderstanding,low,support_level_1,
SIS-2026-0029,EuroPackaging PT,packaging,Question about dashboard totals,"Ainda assim, a descrição não é cristalina e vale validar antes de assumir erro do cliente. Pode ser necessário validar em ambiente real e não só em teste. Ainda estamos a confirmar se acontece em todas as empresas do grupo ou só nesta. Não é um bloqueio total; mesmo assim já está a consumir tempo e retrabalho.",reporting,dashboards,precisamos esta semana,training_needed / medium / training_consulting,client_misunderstanding,medium,support_level_1,Marta Silva
SIS-2026-0030,PrintWorks Porto,printing,Nova regra para overhead de produção,"Pode tocar financeiramente o negócio, portanto convém tratar com cuidado mesmo sem ser crítico. O cliente pediu retorno curto mesmo que ainda não haja solução final. O cliente consegue continuar de forma limitada, mas com custo operacional claro.",production,cost_calculation,cliente à espera,,configuration_request,high,technical_support,
SIS-2026-0031,TextilMinho,textile,Inventário mostra diferença mas não sabemos porquê,"Pelo relato, a lógica do ecrã pode estar correta e a dificuldade é perceber o significado dos estados. O pedido entrou com pouco contexto e alguma pressa. O cliente pediu retorno curto mesmo que ainda não haja solução final. Não é um bloqueio total; mesmo assim já está a consumir tempo e retrabalho.",stock,inventory_counts,precisamos esta semana,software_bug / medium / technical_support,client_misunderstanding,medium,support_level_1,
SIS-2026-0032,AlfaForms,forms and labels,Erro ao descarregar mapa para Excel,"Não é crítico para a operação minuto a minuto, mas o cliente usa este ficheiro em reunião com direção e o erro já foi reproduzido várias vezes. Há referência a outro ticket antigo, mas sem número. Se possível, manter com Ana Martins porque já conhece o contexto do cliente. O cliente consegue continuar de forma limitada, mas com custo operacional claro.",reporting,excel_export,precisamos ainda hoje,client_misunderstanding / medium / support_level_1,software_bug,high,development,Ana Martins
SIS-2026-0033,TextilMinho,textile,Need help with credit note process,"Há ansiedade porque envolve faturação, mas o fluxo esperado continua disponível e parece ser questão de procedimento. A equipa insiste que o problema é novo, mas não quantifica bem quando começou. Se possível, manter com Carla Sousa porque já conhece o contexto do cliente. O cliente pediu retorno curto mesmo que ainda não haja solução final. Não é um bloqueio total; mesmo assim já está a consumir tempo e retrabalho.",invoicing,credit_notes,afeta uma equipa; parcialmente parado,training_needed / medium / training_consulting,client_misunderstanding,medium,support_level_1,Carla Sousa
SIS-2026-0034,EuroPackaging PT,packaging,Linha não consegue terminar OF,"No chão de fábrica conseguem apontar tempos mas a ordem fica presa quando tentam fechar o consumo real. O pedido entrou com pouco contexto e alguma pressa. O texto original mistura português com inglês e foi limpo apenas o mínimo para ficar legível. Se precisarem de mais detalhe, o contacto principal está disponível de tarde. O cliente consegue continuar de forma limitada, mas com custo operacional claro.",production,work_orders,fecho do mês,,software_bug,high,development,Helena Rocha
SIS-2026-0035,ValeFlex,printing,Pedido de formação sobre validação fiscal,"Não existe bloqueio atual, mas houve erros operacionais recentes e querem reduzir risco humano. A equipa insiste que o problema é novo, mas não quantifica bem quando começou. O texto original mistura português com inglês e foi limpo apenas o mínimo para ficar legível. O cliente pediu retorno curto mesmo que ainda não haja solução final. O cliente consegue continuar de forma limitada, mas com custo operacional claro.",invoicing,tax_validation,precisamos ainda hoje,configuration_request / medium / technical_support,training_needed,high,training_consulting,
SIS-2026-0036,GrafiNorte SA,printing,Totais do diário diferentes entre ecrãs,"A contabilidade encontra o documento na origem mas os lançamentos associados não aparecem no diário final. Se fizer sentido, podem manter o ticket com análise humana antes de encaminhar. O impacto é real, mas a equipa ainda consegue trabalhar com alguma contenção.",accounting,journal_entries,precisamos esta semana; sem urgência,software_bug / high / development,data_issue,medium,technical_support,Rui Costa
SIS-2026-0037,PlastiCentro,plastics,Integração fica intermitente durante o dia,"Ainda não sabemos se o problema está no nosso lado, no certificado ou no parceiro. Se precisarem de mais detalhe, o contacto principal está disponível de tarde. Não é um bloqueio total; mesmo assim já está a consumir tempo e retrabalho.",integrations,api,precisamos esta semana; pode esperar,technical issue / high / infrastructure,infrastructure_problem,medium,infrastructure,
SIS-2026-0038,AlfaForms,forms and labels,Precisa análise - Dados contabilísticos inconsistentes,"A contabilidade encontra o documento na origem mas os lançamentos associados não aparecem no diário final. Há alguma sensibilidade comercial, mas sem dramatização no pedido. Não é um bloqueio total; mesmo assim já está a consumir tempo e retrabalho.",accounting,journal_entries,afeta uma equipa; parcialmente parado,data_issue / medium / technical_support,data_issue,medium,technical_support,
SIS-2026-0039,MetalLabel,industrial manufacturing,KPI de margem não coincide com detalhe,"Pode ser atraso de atualização, transformação do dado ou erro humano no filtro; ainda não está claro. Pode ser necessário validar em ambiente real e não só em teste. Se fizer sentido, podem manter o ticket com análise humana antes de encaminhar. Existe impacto relevante no dia de trabalho, embora ainda haja algum contorno manual.",reporting,kpi_analysis,fecho do mês,,data_issue,high,technical_support,Joao Pereira
SIS-2026-0040,Braga Print House,printing,Adicionar etapa nova ao funil comercial,"A equipa comercial quer separar pré-orçamento de proposta formal e hoje isso está tudo na mesma etapa. O pedido entrou com pouco contexto e alguma pressa. Se possível, manter com Helena Rocha porque já conhece o contexto do cliente. No ticket interno alguém escreveu “talvez seja processo”, mas sem certeza. Não é um bloqueio total; mesmo assim já está a consumir tempo e retrabalho.",CRM,commercial_pipeline,há workaround parcial,client_misunderstanding / medium / support_level_1,configuration_request,medium,technical_support,Helena Rocha
SIS-2026-0041,Cartonagem Douro,packaging,System is slow across multiple screens,"O sistema abre, mas quase todos os ecrãs demoram demasiado tempo e alguns acabam por falhar. Existe suspeita de configuração, embora nada conclusivo. Se possível, manter com Miguel Santos porque já conhece o contexto do cliente. O impacto é real, mas a equipa ainda consegue trabalhar com alguma contenção.",general,performance,há workaround parcial,software_bug / high / development,infrastructure_problem,medium,infrastructure,Miguel Santos
SIS-2026-0042,GrafiNorte SA,printing,Pedido de formação sobre validação fiscal,"Por envolver faturação, às vezes estes tickets soam mais urgentes do que realmente são. A equipa insiste que o problema é novo, mas não quantifica bem quando começou. O cliente pediu retorno curto mesmo que ainda não haja solução final. O impacto é real, mas a equipa ainda consegue trabalhar com alguma contenção.",invoicing,tax_validation,há workaround parcial,training_needed / low / training_consulting,training_needed,medium,training_consulting,
SIS-2026-0043,PlastiCentro,plastics,Ajustar regra EDI para novo cliente,"Entrou um parceiro novo e o ficheiro precisa de levar um identificador adicional antes de seguir para o destino. Se precisarem de mais detalhe, o contacto principal está disponível de tarde. O impacto é real, mas a equipa ainda consegue trabalhar com alguma contenção.",integrations,edi,precisamos esta semana; melhoria para analisar,client_misunderstanding / medium / support_level_1,configuration_request,medium,technical_support,Carla Sousa
SIS-2026-0044,GrafiNorte SA,printing,Aprovação desaparece depois de validar,"O diretor aprova o pedido e segundos depois o documento regressa ao estado pendente, como se a ação não tivesse ficado persistida. Ainda não anexaram prints, mas podem enviar. Se precisarem de mais detalhe, o contacto principal está disponível de tarde. Existe impacto relevante no dia de trabalho, embora ainda haja algum contorno manual.",user_permissions,approvals,cliente à espera,configuration_request / medium / technical_support,software_bug,high,development,
SIS-2026-0045,PrintWorks Porto,printing,Dúvida no dashboard comercial,"Ainda assim, a descrição não é cristalina e vale validar antes de assumir erro do cliente. Existe suspeita de configuração, embora nada conclusivo. Se possível, manter com Rui Costa porque já conhece o contexto do cliente. Se fizer sentido, podem manter o ticket com análise humana antes de encaminhar. O impacto é real, mas a equipa ainda consegue trabalhar com alguma contenção.",reporting,dashboards,afeta uma equipa; sem bloqueio operacional,,client_misunderstanding,medium,support_level_1,Rui Costa
SIS-2026-0046,GrafiNorte SA,printing,Adicionar aviso visual no shop floor,"Hoje conseguem trabalhar sem isso, mas a melhoria pouparia erros manuais e retrabalho. Há alguma sensibilidade comercial, mas sem dramatização no pedido. O impacto é real, mas a equipa ainda consegue trabalhar com alguma contenção.",production,shop_floor,impacto moderado,configuration_request / medium / technical_support,feature_request,medium,technical_support,
SIS-2026-0047,TecnoRolo Iberia,industrial manufacturing,Pedido de parametrização no cálculo de custos,"Pode tocar financeiramente o negócio, portanto convém tratar com cuidado mesmo sem ser crítico. Existe suspeita de configuração, embora nada conclusivo. O texto original mistura português com inglês e foi limpo apenas o mínimo para ficar legível. Existe impacto relevante no dia de trabalho, embora ainda haja algum contorno manual.",production,cost_calculation,fecho do mês,,configuration_request,high,technical_support,Rui Costa
SIS-2026-0048,GrafiNorte SA,printing,Saldo do armazém não bate com histórico,"O cliente já tentou validar filtros e datas; o problema parece estar mesmo nos dados gravados. O texto original mistura português com inglês e foi limpo apenas o mínimo para ficar legível. Se fizer sentido, podem manter o ticket com análise humana antes de encaminhar. O cliente consegue continuar de forma limitada, mas com custo operacional claro.",stock,stock_movements,afeta vários utilizadores,,data_issue,high,technical_support,
SIS-2026-0049,TextilMinho,textile,Saldo do armazém não bate com histórico,"O cliente já tentou validar filtros e datas; o problema parece estar mesmo nos dados gravados. Já reiniciaram sessão, browser e posto, sem conclusão clara. Há quem diga que é só configuração; outros acham que começou depois da última atualização. Se precisarem de mais detalhe, o contacto principal está disponível de tarde. O cliente consegue continuar de forma limitada, mas com custo operacional claro.",stock,stock_movements,precisamos ainda hoje; deadline hoje,,data_issue,high,technical_support,
SIS-2026-0050,AlfaForms,forms and labels,Dúvida sobre nota de crédito,"O cliente quer corrigir um documento já emitido e não percebe a diferença entre anulação e nota de crédito. Ainda não anexaram prints, mas podem enviar. Se precisarem de mais detalhe, o contacto principal está disponível de tarde. Existe impacto relevante no dia de trabalho, embora ainda haja algum contorno manual.",invoicing,credit_notes,precisamos ainda hoje,client_misunderstanding / low / support_level_1,client_misunderstanding,high,support_level_1,
SIS-2026-0051,TextilMinho,textile,Feature request for management report,"Não é correção nem parametrização urgente; é melhoria com valor de negócio se entrar em backlog. O texto original mistura português com inglês e foi limpo apenas o mínimo para ficar legível. Se fizer sentido, podem manter o ticket com análise humana antes de encaminhar. Não há bloqueio operacional imediato; o valor aqui é mais de conveniência ou prevenção.",reporting,custom_reports,quando possível,configuration_request / medium / technical_support,feature_request,low,account_management,
SIS-2026-0052,TextilMinho,textile,Treino sobre quadro de planeamento,"Os planeadores usam o quadro há meses, mas com a mudança de responsável surgiram dúvidas sobre prioridades, cores e bloqueios. O cliente pediu retorno curto mesmo que ainda não haja solução final. O impacto é real, mas a equipa ainda consegue trabalhar com alguma contenção.",production,scheduling,há workaround parcial,configuration_request / medium / technical_support,training_needed,medium,training_consulting,
SIS-2026-0053,PrintWorks Porto,printing,CRM fecha quando anexamos ocorrência,"O cliente não chama isto urgente, mas já perdeu registos e está a duplicar trabalho manualmente. Existe suspeita de configuração, embora nada conclusivo. Se possível, manter com Carla Sousa porque já conhece o contexto do cliente. Há alguma sensibilidade comercial, mas sem dramatização no pedido. O impacto é real, mas a equipa ainda consegue trabalhar com alguma contenção.",CRM,complaints,convém validar com alguma brevidade; fecho do mês,client_misunderstanding / medium / support_level_1,software_bug,medium,technical_support,Carla Sousa
SIS-2026-0054,FibraSul,paper converting,CRM precisa de workflow diferente,"Não há erro, apenas uma necessidade de processo mais fino. O cliente insiste que queria isto antes da próxima reunião de vendas. O impacto é real, mas a equipa ainda consegue trabalhar com alguma contenção.",CRM,commercial_pipeline,convém validar com alguma brevidade,client_misunderstanding / medium / support_level_1,configuration_request,medium,technical_support,
SIS-2026-0055,NorteCartao,packaging,Problema transversal no processo de login,"Pode parecer permissão ou suporte simples, mas a escala do problema aponta para algo mais transversal. Pode ser necessário validar em ambiente real e não só em teste. Se possível, manter com Rui Costa porque já conhece o contexto do cliente. Se fizer sentido, podem manter o ticket com análise humana antes de encaminhar. Existe impacto relevante no dia de trabalho, embora ainda haja algum contorno manual.",user_permissions,password_policy,afeta vários utilizadores,software_bug / high / development,infrastructure_problem,high,infrastructure,Rui Costa
SIS-2026-0056,LusoPack Embalagens,packaging,Dúvida no dashboard comercial,"Ainda assim, a descrição não é cristalina e vale validar antes de assumir erro do cliente. A equipa insiste que o problema é novo, mas não quantifica bem quando começou. Não há bloqueio operacional imediato; o valor aqui é mais de conveniência ou prevenção.",reporting,dashboards,pode esperar,software_bug / medium / technical_support,client_misunderstanding,low,support_level_1,
SIS-2026-0057,MetalLabel,industrial manufacturing,Vários utilizadores sem conseguir entrar,"Desde cerca das 08:30 vários utilizadores recebem erro no login ou ficam presos depois de autenticar. Se fizer sentido, podem manter o ticket com análise humana antes de encaminhar. O impacto reportado é imediato e o cliente diz que o processo principal ficou parado.",general,login,produção parada,infrastructure_problem / high / infrastructure,infrastructure_problem,critical,infrastructure,
SIS-2026-0058,Braga Print House,printing,Precisa análise - Dados de faturação ficaram incoerentes,"O risco aqui é repetir envio ou parar faturação por excesso de prudência. Há alguma sensibilidade comercial, mas sem dramatização no pedido. O impacto reportado é imediato e o cliente diz que o processo principal ficou parado.",invoicing,e_invoice,produção parada,software_bug / high / development,data_issue,critical,technical_support,
SIS-2026-0059,TextilMinho,textile,Precisa análise - Ambiente muito lento desde esta manhã,"Pode ser capacidade, base de dados, rede ou tarefa de fundo, por isso a triagem precisa de ser prudente. O pedido entrou com pouco contexto e alguma pressa. Há alguma sensibilidade comercial, mas sem dramatização no pedido. Não é um bloqueio total; mesmo assim já está a consumir tempo e retrabalho.",general,performance,precisamos esta semana,software_bug / high / development,infrastructure_problem,medium,infrastructure,
SIS-2026-0060,PlastiCentro,plastics,Pedido de parametrização no cálculo de custos,"Não se trata de erro; o pedido é alinhar o sistema com prática interna que mudou no trimestre. Já reiniciaram sessão, browser e posto, sem conclusão clara. O cliente pediu retorno curto mesmo que ainda não haja solução final. O cliente consegue continuar de forma limitada, mas com custo operacional claro.",production,cost_calculation,cliente à espera,configuration_request / medium / technical_support,configuration_request,high,technical_support,
SIS-2026-0061,PrintWorks Porto,printing,Erro ao descarregar mapa para Excel,"O dashboard apresenta valores no ecrã, mas o ficheiro exportado fica vazio ou com colunas trocadas. O pedido entrou com pouco contexto e alguma pressa. Há alguma sensibilidade comercial, mas sem dramatização no pedido. O cliente consegue continuar de forma limitada, mas com custo operacional claro.",reporting,excel_export,precisamos ainda hoje,,software_bug,high,development,
SIS-2026-0062,FibraSul,paper converting,Gostávamos de relatório extra para direção,"O processo atual funciona, mas a direção queria reduzir trabalho manual na preparação de um mapa mensal. Podemos recolher base de dados de exemplo se for preciso, mas ainda não foi pedido. Se fizer sentido, podem manter o ticket com análise humana antes de encaminhar. Não é um bloqueio total; mesmo assim já está a consumir tempo e retrabalho.",reporting,custom_reports,há workaround parcial,configuration_request / medium / technical_support,feature_request,medium,account_management,Carla Sousa
SIS-2026-0063,FlexoPrime,printing,Ticket de qualidade não guarda comentário,"Há dúvida se o anexo específico influencia, embora o padrão pareça de aplicação e não de processo. O cliente pediu retorno curto mesmo que ainda não haja solução final. Não é um bloqueio total; mesmo assim já está a consumir tempo e retrabalho.",CRM,complaints,impacto moderado; sem urgência,,software_bug,medium,technical_support,Marta Silva
SIS-2026-0064,Cartonagem Douro,packaging,Ao fechar venda o documento não sai,"A operação passa pelas linhas e cálculo do IVA, depois devolve erro e não gera número. O cliente está a segurar expedições à espera disto. Já reiniciaram sessão, browser e posto, sem conclusão clara. Se precisarem de mais detalhe, o contacto principal está disponível de tarde. O cliente consegue continuar de forma limitada, mas com custo operacional claro.",invoicing,invoice_emission,fecho do mês,data_issue / high / technical_support,software_bug,high,development,Rui Costa
SIS-2026-0065,EuroPackaging PT,packaging,Pedido de formação sobre validação fiscal,"Por envolver faturação, às vezes estes tickets soam mais urgentes do que realmente são. Pode ser necessário validar em ambiente real e não só em teste. Há alguma sensibilidade comercial, mas sem dramatização no pedido. O impacto é real, mas a equipa ainda consegue trabalhar com alguma contenção.",invoicing,tax_validation,convém validar com alguma brevidade,,training_needed,medium,training_consulting,
SIS-2026-0066,ValeFlex,printing,Dados de chão de fábrica não batem,"Os operadores lançaram quantidades em turno anterior, mas no dia seguinte parte dos apontamentos já não aparece. A descrição veio por telefone e foi resumida internamente. Ainda estamos a confirmar se acontece em todas as empresas do grupo ou só nesta. Há alguma sensibilidade comercial, mas sem dramatização no pedido. Não é um bloqueio total; mesmo assim já está a consumir tempo e retrabalho.",production,shop_floor,há workaround parcial,,data_issue,medium,technical_support,
SIS-2026-0067,PrintWorks Porto,printing,Dúvida sobre nota de crédito,"O cliente quer corrigir um documento já emitido e não percebe a diferença entre anulação e nota de crédito. Ainda estamos a confirmar se acontece em todas as empresas do grupo ou só nesta. Há alguma sensibilidade comercial, mas sem dramatização no pedido. O impacto é real, mas a equipa ainda consegue trabalhar com alguma contenção.",invoicing,credit_notes,afeta uma equipa,training_needed / medium / training_consulting,client_misunderstanding,medium,support_level_1,Helena Rocha
SIS-2026-0068,ValeFlex,printing,Dados agregados parecem errados,"Pode ser atraso de atualização, transformação do dado ou erro humano no filtro; ainda não está claro. Ainda não anexaram prints, mas podem enviar. Há quem diga que é só configuração; outros acham que começou depois da última atualização. Há alguma sensibilidade comercial, mas sem dramatização no pedido. Existe impacto relevante no dia de trabalho, embora ainda haja algum contorno manual.",reporting,kpi_analysis,precisamos ainda hoje,client_misunderstanding / medium / support_level_1,data_issue,high,technical_support,
SIS-2026-0069,TecnoRolo Iberia,industrial manufacturing,Cliente acha que o botão desapareceu,"Há ansiedade porque envolve faturação, mas o fluxo esperado continua disponível e parece ser questão de procedimento. Não é um bloqueio total; mesmo assim já está a consumir tempo e retrabalho.",invoicing,credit_notes,há workaround parcial,software_bug / medium / technical_support,client_misunderstanding,medium,support_level_1,
SIS-2026-0070,Cartonagem Douro,packaging,Expor novo endpoint para parceiro,O parceiro quer receber confirmação automática depois do envio do documento. O utilizador admite que pode estar a seguir um passo desatualizado. O cliente pediu retorno curto mesmo que ainda não haja solução final. Não é um bloqueio total; mesmo assim já está a consumir tempo e retrabalho.,integrations,webservices,impacto moderado; precisamos ainda hoje,configuration_request / medium / technical_support,feature_request,medium,technical_support,
SIS-2026-0071,FibraSul,paper converting,Pedido de parametrização no cálculo de custos,"A direção industrial quer que um custo indireto passe a entrar no cálculo base das ordens. No ticket interno alguém escreveu “talvez seja processo”, mas sem certeza. Há alguma sensibilidade comercial, mas sem dramatização no pedido. O impacto é real, mas a equipa ainda consegue trabalhar com alguma contenção.",production,cost_calculation,afeta uma equipa,,configuration_request,medium,technical_support,Helena Rocha
SIS-2026-0072,FibraSul,paper converting,Notificações de acesso não saem,O cliente ainda não sabe dizer se afeta todos os domínios ou só alguns. A descrição veio por telefone e foi resumida internamente. Não é um bloqueio total; mesmo assim já está a consumir tempo e retrabalho.,user_permissions,password_policy,precisamos esta semana; fecho do mês,,infrastructure_problem,medium,infrastructure,Rui Costa
SIS-2026-0073,Cartonagem Douro,packaging,Lançamentos desapareceram do diário,"A contabilidade encontra o documento na origem mas os lançamentos associados não aparecem no diário final. O pedido entrou com pouco contexto e alguma pressa. Existe impacto relevante no dia de trabalho, embora ainda haja algum contorno manual.",accounting,journal_entries,afeta vários utilizadores; afeta uma equipa,,data_issue,high,technical_support,
SIS-2026-0074,NorteCartao,packaging,Adicionar aviso visual no shop floor,"É o tipo de pedido que pode parecer bug para quem escreve o ticket, apesar de ser melhoria. Ainda não anexaram prints, mas podem enviar. O cliente pediu retorno curto mesmo que ainda não haja solução final. O processo continua a funcionar e o pedido pode entrar em fila normal.",production,shop_floor,quando possível,configuration_request / medium / technical_support,feature_request,low,technical_support,Marta Silva
SIS-2026-0075,Braga Print House,printing,Reset de palavra-passe não chega por email,"Pode parecer permissão ou suporte simples, mas a escala do problema aponta para algo mais transversal. Ainda não anexaram prints, mas podem enviar. Há alguma sensibilidade comercial, mas sem dramatização no pedido. O impacto reportado é imediato e o cliente diz que o processo principal ficou parado.",user_permissions,password_policy,deadline hoje,,infrastructure_problem,critical,infrastructure,Rui Costa
SIS-2026-0076,TecnoRolo Iberia,industrial manufacturing,Sessão para equipa de planeamento,"Não parece haver defeito técnico. O ganho aqui é reduzir decisões inconsistentes e chamadas repetidas. A equipa insiste que o problema é novo, mas não quantifica bem quando começou. Se possível, manter com Marta Silva porque já conhece o contexto do cliente. O processo continua a funcionar e o pedido pode entrar em fila normal.",production,scheduling,sem urgência; impacto moderado,,training_needed,low,training_consulting,Marta Silva
SIS-2026-0077,AlfaForms,forms and labels,CRM precisa de workflow diferente,"Pode ficar a meio caminho entre configuração e melhoria, mas continua mais próximo de parametrização. O cliente diz que ontem funcionava. O texto original mistura português com inglês e foi limpo apenas o mínimo para ficar legível. Não há bloqueio operacional imediato; o valor aqui é mais de conveniência ou prevenção.",CRM,commercial_pipeline,sem bloqueio operacional,configuration_request / medium / technical_support,configuration_request,low,technical_support,
SIS-2026-0078,Braga Print House,printing,Nova opção na ficha de ocorrência,"O pedido não corrige falha atual; melhora rastreabilidade e reporting interno. A descrição veio por telefone e foi resumida internamente. Há alguma sensibilidade comercial, mas sem dramatização no pedido. Não é um bloqueio total; mesmo assim já está a consumir tempo e retrabalho.",CRM,complaints,precisamos esta semana; precisamos ainda hoje,,feature_request,medium,account_management,
SIS-2026-0079,FlexoPrime,printing,Invoice fica presa no último passo,"A operação passa pelas linhas e cálculo do IVA, depois devolve erro e não gera número. O cliente está a segurar expedições à espera disto. Há referência a outro ticket antigo, mas sem número. O impacto reportado é imediato e o cliente diz que o processo principal ficou parado.",invoicing,invoice_emission,expedição parada; parcialmente parado,configuration_request / medium / technical_support,software_bug,critical,development,
SIS-2026-0080,PlastiCentro,plastics,Mensagem 500 no fecho de fatura,"A operação passa pelas linhas e cálculo do IVA, depois devolve erro e não gera número. O cliente está a segurar expedições à espera disto. Pode ser necessário validar em ambiente real e não só em teste. No ticket interno alguém escreveu “talvez seja processo”, mas sem certeza. O impacto reportado é imediato e o cliente diz que o processo principal ficou parado.",invoicing,invoice_emission,deadline hoje,,software_bug,critical,development,
SIS-2026-0081,FibraSul,paper converting,Apontamentos desapareceram do shop floor,"Os operadores lançaram quantidades em turno anterior, mas no dia seguinte parte dos apontamentos já não aparece. O cliente pediu retorno curto mesmo que ainda não haja solução final. O impacto é real, mas a equipa ainda consegue trabalhar com alguma contenção.",production,shop_floor,precisamos esta semana; parcialmente parado,data_issue / medium / technical_support,data_issue,medium,technical_support,Joao Pereira
SIS-2026-0082,MetalLabel,industrial manufacturing,KPI de margem não coincide com detalhe,"Pode ser atraso de atualização, transformação do dado ou erro humano no filtro; ainda não está claro. Existe suspeita de configuração, embora nada conclusivo. O impacto é real, mas a equipa ainda consegue trabalhar com alguma contenção.",reporting,kpi_analysis,convém validar com alguma brevidade; cliente à espera,client_misunderstanding / medium / support_level_1,data_issue,medium,technical_support,
SIS-2026-0083,TecnoRolo Iberia,industrial manufacturing,Set up invoice validation for Spain branch,"Se faltarem detalhes legais, será preciso voltar ao cliente antes de mexer. Se precisarem de mais detalhe, o contacto principal está disponível de tarde. Não é um bloqueio total; mesmo assim já está a consumir tempo e retrabalho.",invoicing,tax_validation,precisamos esta semana; quando possível,feature_request / low / account_management,configuration_request,medium,technical_support,
SIS-2026-0084,EuroPackaging PT,packaging,Need help with credit note process,"Há ansiedade porque envolve faturação, mas o fluxo esperado continua disponível e parece ser questão de procedimento. Se fizer sentido, podem manter o ticket com análise humana antes de encaminhar. Não é um bloqueio total; mesmo assim já está a consumir tempo e retrabalho.",invoicing,credit_notes,convém validar com alguma brevidade; melhoria para analisar,training_needed / medium / training_consulting,client_misunderstanding,medium,support_level_1,Joao Pereira
SIS-2026-0085,NorteCartao,packaging,Training needed for reporting dashboards,"O pedido nasceu depois de vários mal-entendidos, não de uma falha técnica confirmada. Ainda não anexaram prints, mas podem enviar. O cliente pediu retorno curto mesmo que ainda não haja solução final. O impacto é real, mas a equipa ainda consegue trabalhar com alguma contenção.",reporting,dashboards,convém validar com alguma brevidade,client_misunderstanding / medium / support_level_1,training_needed,medium,training_consulting,
SIS-2026-0086,PlastiCentro,plastics,Nova opção na ficha de ocorrência,"O pedido não corrige falha atual; melhora rastreabilidade e reporting interno. Podemos recolher base de dados de exemplo se for preciso, mas ainda não foi pedido. Se fizer sentido, podem manter o ticket com análise humana antes de encaminhar. Não há bloqueio operacional imediato; o valor aqui é mais de conveniência ou prevenção.",CRM,complaints,pode esperar,,feature_request,low,account_management,
SIS-2026-0087,TecnoRolo Iberia,industrial manufacturing,Training request for opportunity follow-up,"Entraram duas pessoas novas e o gestor quer uma sessão prática para evitar oportunidades mal fechadas. Ainda não anexaram prints, mas podem enviar. Não é um bloqueio total; mesmo assim já está a consumir tempo e retrabalho.",CRM,opportunities,convém validar com alguma brevidade,client_misunderstanding / medium / support_level_1,training_needed,medium,training_consulting,
SIS-2026-0088,EuroPackaging PT,packaging,Ordem de fabrico bloqueia ao lançar consumo,"A equipa de produção diz que o registo aparece como concluído durante segundos e depois regressa ao estado anterior. Pode ser necessário validar em ambiente real e não só em teste. No ticket interno alguém escreveu “talvez seja processo”, mas sem certeza. Há alguma sensibilidade comercial, mas sem dramatização no pedido. Existe impacto relevante no dia de trabalho, embora ainda haja algum contorno manual.",production,work_orders,parcialmente parado,client_misunderstanding / medium / support_level_1,software_bug,high,development,
SIS-2026-0089,LusoPack Embalagens,packaging,Dúvida sobre ficha de cliente,"Não há indício claro de erro técnico; parece mais navegação ou diferença de permissões entre perfis. Há referência a outro ticket antigo, mas sem número. Não é um bloqueio total; mesmo assim já está a consumir tempo e retrabalho.",CRM,customer_cards,há workaround parcial; melhoria para analisar,client_misunderstanding / low / support_level_1,client_misunderstanding,medium,support_level_1,
SIS-2026-0090,Braga Print House,printing,Dados agregados parecem errados,"Pode ser atraso de atualização, transformação do dado ou erro humano no filtro; ainda não está claro. Pode ser necessário validar em ambiente real e não só em teste. Podemos recolher base de dados de exemplo se for preciso, mas ainda não foi pedido. Se fizer sentido, podem manter o ticket com análise humana antes de encaminhar. Existe impacto relevante no dia de trabalho, embora ainda haja algum contorno manual.",reporting,kpi_analysis,afeta vários utilizadores; há workaround parcial,data_issue / medium / technical_support,data_issue,high,technical_support,Ana Martins
SIS-2026-0091,FlexoPrime,printing,Estado do e-invoice não atualiza,"Há registos técnicos por confirmar, por isso o ticket mistura dados, integração e possível bug. Se possível, manter com Marta Silva porque já conhece o contexto do cliente. Ainda estamos a confirmar se acontece em todas as empresas do grupo ou só nesta. O cliente pediu retorno curto mesmo que ainda não haja solução final. Existe impacto relevante no dia de trabalho, embora ainda haja algum contorno manual.",invoicing,e_invoice,fecho do mês,data_issue / medium / technical_support,data_issue,high,technical_support,Marta Silva
SIS-2026-0092,NorteCartao,packaging,Change stage rules in opportunities flow,"A equipa comercial quer separar pré-orçamento de proposta formal e hoje isso está tudo na mesma etapa. Podemos recolher base de dados de exemplo se for preciso, mas ainda não foi pedido. O cliente consegue continuar de forma limitada, mas com custo operacional claro.",CRM,commercial_pipeline,fecho do mês,feature_request / low / account_management,configuration_request,high,technical_support,
SIS-2026-0093,FlexoPrime,printing,Inventário mostra diferença mas não sabemos porquê,"Pelo relato, a lógica do ecrã pode estar correta e a dificuldade é perceber o significado dos estados. O cliente diz que ontem funcionava. Se precisarem de mais detalhe, o contacto principal está disponível de tarde. O processo continua a funcionar e o pedido pode entrar em fila normal.",stock,inventory_counts,sem urgência,client_misunderstanding / low / support_level_1,client_misunderstanding,low,support_level_1,
SIS-2026-0094,FibraSul,paper converting,Set up invoice validation for Spain branch,"Existe alguma pressão temporal porque o arranque está próximo, mas o pedido é planeado e não um bloqueio atual. Pode ser necessário validar em ambiente real e não só em teste. Se possível, manter com Joao Pereira porque já conhece o contexto do cliente. Se fizer sentido, podem manter o ticket com análise humana antes de encaminhar. Existe impacto relevante no dia de trabalho, embora ainda haja algum contorno manual.",invoicing,tax_validation,precisamos ainda hoje,configuration_request / medium / technical_support,configuration_request,high,technical_support,Joao Pereira
SIS-2026-0095,TecnoRolo Iberia,industrial manufacturing,Mapeamento EDI precisa de novo campo,"O fluxo atual funciona para os restantes clientes, por isso parece claramente tema de parametrização e não bug geral. O pedido entrou com pouco contexto e alguma pressa. No ticket interno alguém escreveu “talvez seja processo”, mas sem certeza. Há alguma sensibilidade comercial, mas sem dramatização no pedido. O impacto é real, mas a equipa ainda consegue trabalhar com alguma contenção.",integrations,edi,há workaround parcial,configuration_request / medium / technical_support,configuration_request,medium,technical_support,
SIS-2026-0096,AlfaForms,forms and labels,Mapeamento EDI precisa de novo campo,"O fluxo atual funciona para os restantes clientes, por isso parece claramente tema de parametrização e não bug geral. Existe suspeita de configuração, embora nada conclusivo. Não é um bloqueio total; mesmo assim já está a consumir tempo e retrabalho.",integrations,edi,precisamos esta semana; parcialmente parado,configuration_request / medium / technical_support,configuration_request,medium,technical_support,
SIS-2026-0097,ValeFlex,printing,Parametrização de acessos para novo processo,"Há alguma urgência porque o arranque do processo foi esta semana, mas não é incidente técnico. Se precisarem de mais detalhe, o contacto principal está disponível de tarde. Não é um bloqueio total; mesmo assim já está a consumir tempo e retrabalho.",user_permissions,roles_profiles,impacto moderado,,configuration_request,medium,technical_support,
SIS-2026-0098,TecnoRolo Iberia,industrial manufacturing,Transferência lançou linhas repetidas,"O cliente já tentou validar filtros e datas; o problema parece estar mesmo nos dados gravados. Já reiniciaram sessão, browser e posto, sem conclusão clara. Há alguma sensibilidade comercial, mas sem dramatização no pedido. Não é um bloqueio total; mesmo assim já está a consumir tempo e retrabalho.",stock,stock_movements,impacto moderado; cliente à espera,software_bug / high / development,data_issue,medium,technical_support,
SIS-2026-0099,TecnoRolo Iberia,industrial manufacturing,Gostávamos de relatório extra para direção,"O texto do cliente até usa a palavra “urgente”, mas no corpo fica claro que é por conveniência de reunião. Pode ser necessário validar em ambiente real e não só em teste. Se fizer sentido, podem manter o ticket com análise humana antes de encaminhar. Existe impacto relevante no dia de trabalho, embora ainda haja algum contorno manual.",reporting,custom_reports,parcialmente parado,,feature_request,high,account_management,
SIS-2026-0100,MetalLabel,industrial manufacturing,Criar perfil para supervisores de turno,"Não existe falha atual; é uma alteração de parametrização para acomodar processo novo. Há referência a outro ticket antigo, mas sem número. Ainda estamos a confirmar se acontece em todas as empresas do grupo ou só nesta. Há alguma sensibilidade comercial, mas sem dramatização no pedido. Não é um bloqueio total; mesmo assim já está a consumir tempo e retrabalho.",user_permissions,roles_profiles,há workaround parcial,client_misunderstanding / medium / support_level_1,configuration_request,medium,technical_support,
SIS-2026-0101,LusoPack Embalagens,packaging,Equipa de gestão pede onboarding em KPIs,"A administração quer que a equipa intermédia interprete os indicadores da mesma forma antes da próxima revisão mensal. A descrição veio por telefone e foi resumida internamente. O texto original mistura português com inglês e foi limpo apenas o mínimo para ficar legível. O impacto é real, mas a equipa ainda consegue trabalhar com alguma contenção.",reporting,dashboards,convém validar com alguma brevidade,client_misunderstanding / medium / support_level_1,training_needed,medium,training_consulting,
SIS-2026-0102,Braga Print House,printing,Need help with credit note process,"Talvez valha confirmar se precisam de mini-guia em vez de intervenção técnica. Pode ser necessário validar em ambiente real e não só em teste. O cliente pediu retorno curto mesmo que ainda não haja solução final. O impacto é real, mas a equipa ainda consegue trabalhar com alguma contenção.",invoicing,credit_notes,precisamos esta semana,,client_misunderstanding,medium,support_level_1,
SIS-2026-0103,MetalLabel,industrial manufacturing,Timeout no motor de relatórios,"Não é um incidente total do ERP, mas para certas equipas já travou trabalho relevante. O impacto é real, mas a equipa ainda consegue trabalhar com alguma contenção.",reporting,custom_reports,afeta uma equipa,infrastructure_problem / high / infrastructure,infrastructure_problem,medium,infrastructure,
SIS-2026-0104,PrintWorks Porto,printing,Need refresher on scheduling board,"Os planeadores usam o quadro há meses, mas com a mudança de responsável surgiram dúvidas sobre prioridades, cores e bloqueios. A descrição veio por telefone e foi resumida internamente. Se possível, manter com Carla Sousa porque já conhece o contexto do cliente. Se precisarem de mais detalhe, o contacto principal está disponível de tarde. Existe impacto relevante no dia de trabalho, embora ainda haja algum contorno manual.",production,scheduling,fecho do mês,,training_needed,high,training_consulting,Carla Sousa
SIS-2026-0105,Cartonagem Douro,packaging,Utilizadores relatam lentidão geral,"O sistema abre, mas quase todos os ecrãs demoram demasiado tempo e alguns acabam por falhar. Há alguma sensibilidade comercial, mas sem dramatização no pedido. Não é um bloqueio total; mesmo assim já está a consumir tempo e retrabalho.",general,performance,há workaround parcial,software_bug / high / development,infrastructure_problem,medium,infrastructure,
SIS-2026-0106,GrafiNorte SA,printing,Urgent: Integração fica intermitente durante o dia,"As chamadas para a API externa estão a falhar por timeout e as encomendas deixam de entrar automaticamente. Podemos recolher base de dados de exemplo se for preciso, mas ainda não foi pedido. Se fizer sentido, podem manter o ticket com análise humana antes de encaminhar. O impacto reportado é imediato e o cliente diz que o processo principal ficou parado.",integrations,api,deadline hoje; afeta vários utilizadores,technical issue / high / infrastructure,infrastructure_problem,critical,infrastructure,Ana Martins
SIS-2026-0107,FlexoPrime,printing,Armazém pede formação em transferências,Há utilizadores novos no armazém e estão a abrir tickets diferentes para o mesmo processo de transferência. Pode ser necessário validar em ambiente real e não só em teste. O processo continua a funcionar e o pedido pode entrar em fila normal.,stock,warehouse_transfer,pode esperar; há workaround parcial,client_misunderstanding / medium / support_level_1,training_needed,low,training_consulting,
SIS-2026-0108,GrafiNorte SA,printing,Relatório abre mas exportação falha,"O dashboard apresenta valores no ecrã, mas o ficheiro exportado fica vazio ou com colunas trocadas. O pedido entrou com pouco contexto e alguma pressa. Se possível, manter com Carla Sousa porque já conhece o contexto do cliente. O cliente pediu retorno curto mesmo que ainda não haja solução final. O processo continua a funcionar e o pedido pode entrar em fila normal.",reporting,excel_export,pode esperar,,software_bug,low,technical_support,Carla Sousa
SIS-2026-0109,TextilMinho,textile,Feature request for SAFT extra columns,"O processo atual cumpre o mínimo necessário; este pedido é otimização operacional. O pedido entrou com pouco contexto e alguma pressa. No ticket interno alguém escreveu “talvez seja processo”, mas sem certeza. Não é um bloqueio total; mesmo assim já está a consumir tempo e retrabalho.",accounting,saft_export,impacto moderado; quando possível,,feature_request,medium,technical_support,Rui Costa
SIS-2026-0110,PrintWorks Porto,printing,Bug nas aprovações internas,"Há prints do estado antes e depois; podemos enviar se ajudar. O pedido entrou com pouco contexto e alguma pressa. No ticket interno alguém escreveu “talvez seja processo”, mas sem certeza. Sem isto resolvido hoje, a operação financeira ou produtiva fica efetivamente bloqueada.",user_permissions,approvals,sem faturar,,software_bug,critical,development,
SIS-2026-0111,Braga Print House,printing,Inventário mostra diferença mas não sabemos porquê,"O ticket é um pouco ambíguo porque mencionam “valores errados”, mas sem prova de corrupção de dados. O utilizador admite que pode estar a seguir um passo desatualizado. Se possível, manter com Miguel Santos porque já conhece o contexto do cliente. Ainda estamos a confirmar se acontece em todas as empresas do grupo ou só nesta. Não é um bloqueio total; mesmo assim já está a consumir tempo e retrabalho.",stock,inventory_counts,convém validar com alguma brevidade,software_bug / medium / technical_support,client_misunderstanding,medium,support_level_1,Miguel Santos
SIS-2026-0112,MetalLabel,industrial manufacturing,Sessão de esclarecimento sobre indicadores,"A administração quer que a equipa intermédia interprete os indicadores da mesma forma antes da próxima revisão mensal. Pode ser necessário validar em ambiente real e não só em teste. Se possível, manter com Helena Rocha porque já conhece o contexto do cliente. Há alguma sensibilidade comercial, mas sem dramatização no pedido. O processo continua a funcionar e o pedido pode entrar em fila normal.",reporting,dashboards,sem bloqueio operacional; afeta uma equipa,configuration_request / medium / technical_support,training_needed,low,training_consulting,Helena Rocha
SIS-2026-0113,Cartonagem Douro,packaging,Parametrização de acessos para novo processo,"O cliente abriu uma nova função interna e quer limitar aprovação e consulta a um conjunto específico de utilizadores. O pedido entrou com pouco contexto e alguma pressa. O texto original mistura português com inglês e foi limpo apenas o mínimo para ficar legível. O cliente pediu retorno curto mesmo que ainda não haja solução final. O cliente consegue continuar de forma limitada, mas com custo operacional claro.",user_permissions,roles_profiles,afeta vários utilizadores; impacto moderado,feature_request / low / account_management,configuration_request,high,technical_support,
SIS-2026-0114,AlfaForms,forms and labels,Equipa de gestão pede onboarding em KPIs,"A administração quer que a equipa intermédia interprete os indicadores da mesma forma antes da próxima revisão mensal. Se fizer sentido, podem manter o ticket com análise humana antes de encaminhar. Não é um bloqueio total; mesmo assim já está a consumir tempo e retrabalho.",reporting,dashboards,convém validar com alguma brevidade,configuration_request / medium / technical_support,training_needed,medium,training_consulting,
SIS-2026-0115,PrintWorks Porto,printing,Pedido de novas permissões,"Há alguma urgência porque o arranque do processo foi esta semana, mas não é incidente técnico. Ainda estamos a confirmar se acontece em todas as empresas do grupo ou só nesta. Existe impacto relevante no dia de trabalho, embora ainda haja algum contorno manual.",user_permissions,roles_profiles,precisamos ainda hoje,client_misunderstanding / medium / support_level_1,configuration_request,high,technical_support,
SIS-2026-0116,TextilMinho,textile,Relatório abre mas exportação falha,"O dashboard apresenta valores no ecrã, mas o ficheiro exportado fica vazio ou com colunas trocadas. Podemos recolher base de dados de exemplo se for preciso, mas ainda não foi pedido. Se precisarem de mais detalhe, o contacto principal está disponível de tarde. Existe impacto relevante no dia de trabalho, embora ainda haja algum contorno manual.",reporting,excel_export,afeta vários utilizadores,,software_bug,high,development,
SIS-2026-0117,TecnoRolo Iberia,industrial manufacturing,CRM precisa de workflow diferente,"A equipa comercial quer separar pré-orçamento de proposta formal e hoje isso está tudo na mesma etapa. Já reiniciaram sessão, browser e posto, sem conclusão clara. Se possível, manter com Ana Martins porque já conhece o contexto do cliente. Se fizer sentido, podem manter o ticket com análise humana antes de encaminhar. O impacto é real, mas a equipa ainda consegue trabalhar com alguma contenção.",CRM,commercial_pipeline,impacto moderado; sem bloqueio operacional,,configuration_request,medium,technical_support,Ana Martins
SIS-2026-0118,GrafiNorte SA,printing,Erro ao emitir fatura final,"A operação passa pelas linhas e cálculo do IVA, depois devolve erro e não gera número. O cliente está a segurar expedições à espera disto. O cliente pediu retorno curto mesmo que ainda não haja solução final. O cliente consegue continuar de forma limitada, mas com custo operacional claro.",invoicing,invoice_emission,parcialmente parado,client_misunderstanding / medium / support_level_1,software_bug,high,development,
SIS-2026-0119,TecnoRolo Iberia,industrial manufacturing,Dados de faturação ficaram incoerentes,"Há registos técnicos por confirmar, por isso o ticket mistura dados, integração e possível bug. O cliente diz que ontem funcionava. O cliente consegue continuar de forma limitada, mas com custo operacional claro.",invoicing,e_invoice,cliente à espera,,data_issue,high,technical_support,
SIS-2026-0120,ValeFlex,printing,Feature request: callback depois de enviar documento,"Atualmente o processo é manual mas funcional, por isso continua a ser melhoria e não incidente. O pedido entrou com pouco contexto e alguma pressa. Ainda estamos a confirmar se acontece em todas as empresas do grupo ou só nesta. Se precisarem de mais detalhe, o contacto principal está disponível de tarde. Não há bloqueio operacional imediato; o valor aqui é mais de conveniência ou prevenção.",integrations,webservices,melhoria para analisar,client_misunderstanding / low / support_level_1,feature_request,low,technical_support,
SIS-2026-0121,FlexoPrime,printing,Totais do diário diferentes entre ecrãs,"Como estamos perto de fecho, o risco financeiro é maior do que o volume do ticket sugere. O utilizador admite que pode estar a seguir um passo desatualizado. Se fizer sentido, podem manter o ticket com análise humana antes de encaminhar. Existe impacto relevante no dia de trabalho, embora ainda haja algum contorno manual.",accounting,journal_entries,parcialmente parado,,data_issue,high,technical_support,
SIS-2026-0122,PlastiCentro,plastics,Equipa financeira pede sessão orientada,"Por envolver faturação, às vezes estes tickets soam mais urgentes do que realmente são. Pode ser necessário validar em ambiente real e não só em teste. O impacto é real, mas a equipa ainda consegue trabalhar com alguma contenção.",invoicing,tax_validation,precisamos esta semana,training_needed / low / training_consulting,training_needed,medium,training_consulting,
SIS-2026-0123,EtiquetaFina,labels,Equipa financeira pede sessão orientada,"O responsável financeiro quer alinhar a equipa sobre o que deve ser validado antes de emitir. A equipa insiste que o problema é novo, mas não quantifica bem quando começou. O cliente pediu retorno curto mesmo que ainda não haja solução final. O processo continua a funcionar e o pedido pode entrar em fila normal.",invoicing,tax_validation,melhoria para analisar,client_misunderstanding / medium / support_level_1,training_needed,low,training_consulting,
SIS-2026-0124,EtiquetaFina,labels,Pedido de formação no pipeline comercial,"Entraram duas pessoas novas e o gestor quer uma sessão prática para evitar oportunidades mal fechadas. Pode ser necessário validar em ambiente real e não só em teste. Se possível, manter com Carla Sousa porque já conhece o contexto do cliente. Se precisarem de mais detalhe, o contacto principal está disponível de tarde. O impacto é real, mas a equipa ainda consegue trabalhar com alguma contenção.",CRM,opportunities,precisamos esta semana; precisamos ainda hoje,configuration_request / medium / technical_support,training_needed,medium,training_consulting,Carla Sousa
SIS-2026-0125,PlastiCentro,plastics,Urgent: Saldo do armazém não bate com histórico,"Depois de uma integração/importação noturna apareceram movimentos em duplicado e o saldo disponível ficou acima do físico. A descrição veio por telefone e foi resumida internamente. O cliente consegue continuar de forma limitada, mas com custo operacional claro.",stock,stock_movements,cliente à espera; expedição parada,,data_issue,high,technical_support,
SIS-2026-0126,AlfaForms,forms and labels,Urgent: Workflow aprova e volta a pendente,"Há prints do estado antes e depois; podemos enviar se ajudar. O pedido entrou com pouco contexto e alguma pressa. Há alguma sensibilidade comercial, mas sem dramatização no pedido. Sem isto resolvido hoje, a operação financeira ou produtiva fica efetivamente bloqueada.",user_permissions,approvals,expedição parada,client_misunderstanding / medium / support_level_1,software_bug,critical,development,
SIS-2026-0127,Cartonagem Douro,packaging,URGENTE - Login intermitente no ambiente,Desde cerca das 08:30 vários utilizadores recebem erro no login ou ficam presos depois de autenticar. O pedido entrou com pouco contexto e alguma pressa. O impacto reportado é imediato e o cliente diz que o processo principal ficou parado.,general,login,sem faturar,software_bug / high / development,infrastructure_problem,critical,infrastructure,
SIS-2026-0128,Braga Print House,printing,CRM precisa de workflow diferente,"Pode ficar a meio caminho entre configuração e melhoria, mas continua mais próximo de parametrização. Há referência a outro ticket antigo, mas sem número. Podemos recolher base de dados de exemplo se for preciso, mas ainda não foi pedido. Se fizer sentido, podem manter o ticket com análise humana antes de encaminhar. Não é um bloqueio total; mesmo assim já está a consumir tempo e retrabalho.",CRM,commercial_pipeline,impacto moderado,configuration_request / medium / technical_support,configuration_request,medium,technical_support,Miguel Santos
SIS-2026-0129,EuroPackaging PT,packaging,Question about dashboard totals,"Ainda assim, a descrição não é cristalina e vale validar antes de assumir erro do cliente. O cliente diz que ontem funcionava. Não há bloqueio operacional imediato; o valor aqui é mais de conveniência ou prevenção.",reporting,dashboards,pode esperar,software_bug / medium / technical_support,client_misunderstanding,low,support_level_1,
SIS-2026-0130,EtiquetaFina,labels,Ao fechar venda o documento não sai,"A operação passa pelas linhas e cálculo do IVA, depois devolve erro e não gera número. O cliente está a segurar expedições à espera disto. Ainda não anexaram prints, mas podem enviar. Sem isto resolvido hoje, a operação financeira ou produtiva fica efetivamente bloqueada.",invoicing,invoice_emission,produção parada; fecho do mês,configuration_request / medium / technical_support,software_bug,critical,development,Miguel Santos
SIS-2026-0131,AlfaForms,forms and labels,Dados de faturação ficaram incoerentes,"Há registos técnicos por confirmar, por isso o ticket mistura dados, integração e possível bug. Se possível, manter com Marta Silva porque já conhece o contexto do cliente. O cliente pediu retorno curto mesmo que ainda não haja solução final. O cliente consegue continuar de forma limitada, mas com custo operacional claro.",invoicing,e_invoice,fecho do mês; sem faturar,client_misunderstanding / medium / support_level_1,data_issue,high,technical_support,Marta Silva
SIS-2026-0132,MetalLabel,industrial manufacturing,Pedido de parametrização do pipeline,"A equipa comercial quer separar pré-orçamento de proposta formal e hoje isso está tudo na mesma etapa. Existe suspeita de configuração, embora nada conclusivo. Se fizer sentido, podem manter o ticket com análise humana antes de encaminhar. O impacto é real, mas a equipa ainda consegue trabalhar com alguma contenção.",CRM,commercial_pipeline,impacto moderado,configuration_request / medium / technical_support,configuration_request,medium,technical_support,Helena Rocha
SIS-2026-0133,NorteCartao,packaging,Expor novo endpoint para parceiro,"Pode acabar por tocar arquitetura, então faz sentido classificar com algum cuidado técnico. Há referência a outro ticket antigo, mas sem número. O processo continua a funcionar e o pedido pode entrar em fila normal.",integrations,webservices,sem urgência,configuration_request / medium / technical_support,feature_request,low,technical_support,Marta Silva
SIS-2026-0134,NorteCartao,packaging,Question about customer card flow,"Não há indício claro de erro técnico; parece mais navegação ou diferença de permissões entre perfis. A descrição veio por telefone e foi resumida internamente. Ainda estamos a confirmar se acontece em todas as empresas do grupo ou só nesta. Se precisarem de mais detalhe, o contacto principal está disponível de tarde. O processo continua a funcionar e o pedido pode entrar em fila normal.",CRM,customer_cards,quando possível,training_needed / medium / training_consulting,client_misunderstanding,low,support_level_1,
SIS-2026-0135,LusoPack Embalagens,packaging,Precisa análise - Números do dashboard não batem com relatório,"Como estes números entram em reunião de gestão, convém não desvalorizar logo como simples uso incorreto. A equipa insiste que o problema é novo, mas não quantifica bem quando começou. Se fizer sentido, podem manter o ticket com análise humana antes de encaminhar. Existe impacto relevante no dia de trabalho, embora ainda haja algum contorno manual.",reporting,kpi_analysis,fecho do mês,data_issue / medium / technical_support,data_issue,high,technical_support,
SIS-2026-0136,EuroPackaging PT,packaging,Feature request: callback depois de enviar documento,"Pode acabar por tocar arquitetura, então faz sentido classificar com algum cuidado técnico. No ticket interno alguém escreveu “talvez seja processo”, mas sem certeza. O cliente pediu retorno curto mesmo que ainda não haja solução final. O impacto é real, mas a equipa ainda consegue trabalhar com alguma contenção.",integrations,webservices,há workaround parcial; fecho do mês,,feature_request,medium,technical_support,
SIS-2026-0137,LusoPack Embalagens,packaging,Nova regra para overhead de produção,"Pode tocar financeiramente o negócio, portanto convém tratar com cuidado mesmo sem ser crítico. Ainda não anexaram prints, mas podem enviar. Há quem diga que é só configuração; outros acham que começou depois da última atualização. Existe impacto relevante no dia de trabalho, embora ainda haja algum contorno manual.",production,cost_calculation,parcialmente parado,client_misunderstanding / medium / support_level_1,configuration_request,high,technical_support,
SIS-2026-0138,NorteCartao,packaging,Precisa análise - Quantidades produzidas ficaram erradas,"Pode ser sincronização atrasada, mas também pode haver perda real de dados. O utilizador admite que pode estar a seguir um passo desatualizado. No ticket interno alguém escreveu “talvez seja processo”, mas sem certeza. Há alguma sensibilidade comercial, mas sem dramatização no pedido. Não é um bloqueio total; mesmo assim já está a consumir tempo e retrabalho.",production,shop_floor,convém validar com alguma brevidade,,data_issue,medium,technical_support,
SIS-2026-0139,Cartonagem Douro,packaging,Pedido de novas permissões,"O cliente abriu uma nova função interna e quer limitar aprovação e consulta a um conjunto específico de utilizadores. Há alguma sensibilidade comercial, mas sem dramatização no pedido. Não há bloqueio operacional imediato; o valor aqui é mais de conveniência ou prevenção.",user_permissions,roles_profiles,melhoria para analisar; afeta uma equipa,feature_request / low / account_management,configuration_request,low,technical_support,
SIS-2026-0140,PrintWorks Porto,printing,Feature request for operator screen,"Os operadores pedem um aviso mais visível quando a ordem já está concluída para evitar lançamentos repetidos. Há alguma sensibilidade comercial, mas sem dramatização no pedido. O processo continua a funcionar e o pedido pode entrar em fila normal.",production,shop_floor,sem bloqueio operacional; convém validar com alguma brevidade,,feature_request,low,technical_support,
SIS-2026-0141,ValeFlex,printing,URGENTE - Aprovação desaparece depois de validar,"Isto está a atrasar compras e requisições. Não parece ser apenas permissão porque o mesmo perfil funcionava até esta semana. O pedido entrou com pouco contexto e alguma pressa. Se possível, manter com Helena Rocha porque já conhece o contexto do cliente. Existe impacto relevante no dia de trabalho, embora ainda haja algum contorno manual.",user_permissions,approvals,cliente à espera; impacto moderado,client_misunderstanding / medium / support_level_1,software_bug,high,development,Helena Rocha
SIS-2026-0142,GrafiNorte SA,printing,Mapeamento EDI precisa de novo campo,"O impacto é relevante porque sem isto o arranque comercial atrasa, mas o sistema em si continua operacional. Já reiniciaram sessão, browser e posto, sem conclusão clara. Se fizer sentido, podem manter o ticket com análise humana antes de encaminhar. O impacto é real, mas a equipa ainda consegue trabalhar com alguma contenção.",integrations,edi,há workaround parcial,client_misunderstanding / medium / support_level_1,configuration_request,medium,technical_support,Pedro Neves
SIS-2026-0143,FibraSul,paper converting,KPI parece errado mas talvez seja filtro,"O utilizador compara dois meses sem reparar que um dos painéis está filtrado por vendedor. Já reiniciaram sessão, browser e posto, sem conclusão clara. O impacto é real, mas a equipa ainda consegue trabalhar com alguma contenção.",reporting,dashboards,afeta uma equipa,,client_misunderstanding,medium,support_level_1,Rui Costa
SIS-2026-0144,Cartonagem Douro,packaging,URGENTE - Password reset flow seems broken globally,"Pode parecer permissão ou suporte simples, mas a escala do problema aponta para algo mais transversal. Se possível, manter com Miguel Santos porque já conhece o contexto do cliente. Se fizer sentido, podem manter o ticket com análise humana antes de encaminhar. Sem isto resolvido hoje, a operação financeira ou produtiva fica efetivamente bloqueada.",user_permissions,password_policy,deadline hoje,,infrastructure_problem,critical,infrastructure,Miguel Santos
SIS-2026-0145,ValeFlex,printing,Ajustar regra EDI para novo cliente,"Entrou um parceiro novo e o ficheiro precisa de levar um identificador adicional antes de seguir para o destino. Há referência a outro ticket antigo, mas sem número. Se fizer sentido, podem manter o ticket com análise humana antes de encaminhar. O impacto é real, mas a equipa ainda consegue trabalhar com alguma contenção.",integrations,edi,afeta uma equipa,feature_request / low / account_management,configuration_request,medium,technical_support,
SIS-2026-0146,TecnoRolo Iberia,industrial manufacturing,Equipa nova no armazém precisa de acompanhamento,"Há utilizadores novos no armazém e estão a abrir tickets diferentes para o mesmo processo de transferência. O impacto é real, mas a equipa ainda consegue trabalhar com alguma contenção.",stock,warehouse_transfer,convém validar com alguma brevidade; afeta vários utilizadores,configuration_request / medium / technical_support,training_needed,medium,training_consulting,
SIS-2026-0147,FlexoPrime,printing,Vários utilizadores sem conseguir entrar,"Não há alteração funcional pedida pelo cliente; tudo aponta para incidente de ambiente, autenticação ou infraestrutura. A equipa insiste que o problema é novo, mas não quantifica bem quando começou. Se precisarem de mais detalhe, o contacto principal está disponível de tarde. O impacto reportado é imediato e o cliente diz que o processo principal ficou parado.",general,login,todos bloqueados,infrastructure_problem / high / infrastructure,infrastructure_problem,critical,infrastructure,Pedro Neves
SIS-2026-0148,Braga Print House,printing,Criar perfil para supervisores de turno,"Não existe falha atual; é uma alteração de parametrização para acomodar processo novo. O pedido entrou com pouco contexto e alguma pressa. O cliente consegue continuar de forma limitada, mas com custo operacional claro.",user_permissions,roles_profiles,fecho do mês,feature_request / low / account_management,configuration_request,high,technical_support,
SIS-2026-0149,EtiquetaFina,labels,Pedido de novo mapa por cliente e família,"Não é correção nem parametrização urgente; é melhoria com valor de negócio se entrar em backlog. O pedido entrou com pouco contexto e alguma pressa. Se possível, manter com Rui Costa porque já conhece o contexto do cliente. Existe impacto relevante no dia de trabalho, embora ainda haja algum contorno manual.",reporting,custom_reports,precisamos ainda hoje,feature_request / low / account_management,feature_request,high,account_management,Rui Costa
SIS-2026-0150,PlastiCentro,plastics,Stock movement totals look inflated,"Depois de uma integração/importação noturna apareceram movimentos em duplicado e o saldo disponível ficou acima do físico. Pode ser necessário validar em ambiente real e não só em teste. O cliente consegue continuar de forma limitada, mas com custo operacional claro.",stock,stock_movements,precisamos ainda hoje,data_issue / medium / technical_support,data_issue,high,technical_support,
SIS-2026-0151,FibraSul,paper converting,Performance degradada no ERP,"O sistema abre, mas quase todos os ecrãs demoram demasiado tempo e alguns acabam por falhar. O cliente diz que ontem funcionava. Se fizer sentido, podem manter o ticket com análise humana antes de encaminhar. O impacto reportado é imediato e o cliente diz que o processo principal ficou parado.",general,performance,sem faturar,,infrastructure_problem,critical,infrastructure,
SIS-2026-0152,Cartonagem Douro,packaging,Pedido de formação sobre validação fiscal,"Por envolver faturação, às vezes estes tickets soam mais urgentes do que realmente são. Ainda não anexaram prints, mas podem enviar. Há quem diga que é só configuração; outros acham que começou depois da última atualização. O cliente consegue continuar de forma limitada, mas com custo operacional claro.",invoicing,tax_validation,cliente à espera,,training_needed,high,training_consulting,
SIS-2026-0153,EuroPackaging PT,packaging,Precisa análise - Work order fecha mas volta a abrir,"No chão de fábrica conseguem apontar tempos mas a ordem fica presa quando tentam fechar o consumo real. Se possível, manter com Pedro Neves porque já conhece o contexto do cliente. Há quem diga que é só configuração; outros acham que começou depois da última atualização. Há alguma sensibilidade comercial, mas sem dramatização no pedido. O cliente consegue continuar de forma limitada, mas com custo operacional claro.",production,work_orders,afeta vários utilizadores,client_misunderstanding / medium / support_level_1,software_bug,high,development,Pedro Neves
SIS-2026-0154,Cartonagem Douro,packaging,Pedido de melhoria no ecrã de chão de fábrica,Os operadores pedem um aviso mais visível quando a ordem já está concluída para evitar lançamentos repetidos. O processo continua a funcionar e o pedido pode entrar em fila normal.,production,shop_floor,sem bloqueio operacional,client_misunderstanding / low / support_level_1,feature_request,low,technical_support,
SIS-2026-0155,GrafiNorte SA,printing,Bug na confirmação de produção,"No chão de fábrica conseguem apontar tempos mas a ordem fica presa quando tentam fechar o consumo real. Podemos recolher base de dados de exemplo se for preciso, mas ainda não foi pedido. Se fizer sentido, podem manter o ticket com análise humana antes de encaminhar. Existe impacto relevante no dia de trabalho, embora ainda haja algum contorno manual.",production,work_orders,precisamos ainda hoje; sem faturar,data_issue / high / technical_support,software_bug,high,development,
SIS-2026-0156,FlexoPrime,printing,Question about dashboard totals,"Ainda assim, a descrição não é cristalina e vale validar antes de assumir erro do cliente. A descrição veio por telefone e foi resumida internamente. Se precisarem de mais detalhe, o contacto principal está disponível de tarde. Não há bloqueio operacional imediato; o valor aqui é mais de conveniência ou prevenção.",reporting,dashboards,melhoria para analisar,software_bug / medium / technical_support,client_misunderstanding,low,support_level_1,
SIS-2026-0157,Cartonagem Douro,packaging,Ajustar regra EDI para novo cliente,"Entrou um parceiro novo e o ficheiro precisa de levar um identificador adicional antes de seguir para o destino. Se fizer sentido, podem manter o ticket com análise humana antes de encaminhar. O impacto é real, mas a equipa ainda consegue trabalhar com alguma contenção.",integrations,edi,há workaround parcial,configuration_request / medium / technical_support,feature_request,medium,technical_support,
SIS-2026-0158,EtiquetaFina,labels,Equipa comercial pede sessão curta de CRM,"Entraram duas pessoas novas e o gestor quer uma sessão prática para evitar oportunidades mal fechadas. A descrição veio por telefone e foi resumida internamente. Se possível, manter com Carla Sousa porque já conhece o contexto do cliente. Há quem diga que é só configuração; outros acham que começou depois da última atualização. O cliente pediu retorno curto mesmo que ainda não haja solução final. Existe impacto relevante no dia de trabalho, embora ainda haja algum contorno manual.",CRM,opportunities,parcialmente parado; há workaround parcial,,training_needed,high,training_consulting,Carla Sousa
SIS-2026-0159,LusoPack Embalagens,packaging,Utilizadores relatam lentidão geral,"Pode ser capacidade, base de dados, rede ou tarefa de fundo, por isso a triagem precisa de ser prudente. Há quem diga que é só configuração; outros acham que começou depois da última atualização. Se precisarem de mais detalhe, o contacto principal está disponível de tarde. O cliente consegue continuar de forma limitada, mas com custo operacional claro.",general,performance,afeta vários utilizadores,,infrastructure_problem,high,infrastructure,
SIS-2026-0160,EuroPackaging PT,packaging,Pedido de workshop para planners,"O cliente pediu “algo prático, não muito longo”. Há alguma sensibilidade comercial, mas sem dramatização no pedido. Existe impacto relevante no dia de trabalho, embora ainda haja algum contorno manual.",production,scheduling,afeta vários utilizadores,training_needed / low / training_consulting,training_needed,high,training_consulting,Pedro Neves
SIS-2026-0161,LusoPack Embalagens,packaging,Timeout no motor de relatórios,"Não é um incidente total do ERP, mas para certas equipas já travou trabalho relevante. Ainda estamos a confirmar se acontece em todas as empresas do grupo ou só nesta. Há alguma sensibilidade comercial, mas sem dramatização no pedido. Existe impacto relevante no dia de trabalho, embora ainda haja algum contorno manual.",reporting,custom_reports,cliente à espera,,infrastructure_problem,high,infrastructure,Carla Sousa
SIS-2026-0162,ValeFlex,printing,Adjust role to allow approval only,"Não existe falha atual; é uma alteração de parametrização para acomodar processo novo. O cliente diz que ontem funcionava. O cliente consegue continuar de forma limitada, mas com custo operacional claro.",user_permissions,roles_profiles,parcialmente parado,client_misunderstanding / medium / support_level_1,configuration_request,high,technical_support,
SIS-2026-0163,TextilMinho,textile,Need refresher on scheduling board,"Não parece haver defeito técnico. O ganho aqui é reduzir decisões inconsistentes e chamadas repetidas. Há alguma sensibilidade comercial, mas sem dramatização no pedido. Não é um bloqueio total; mesmo assim já está a consumir tempo e retrabalho.",production,scheduling,precisamos esta semana,,training_needed,medium,training_consulting,Rui Costa
SIS-2026-0164,EuroPackaging PT,packaging,Novos utilizadores precisam treino nas oportunidades,"Não há avaria; a ideia é consolidar processo antes de aumentar utilizadores. O impacto é real, mas a equipa ainda consegue trabalhar com alguma contenção.",CRM,opportunities,afeta uma equipa,training_needed / low / training_consulting,training_needed,medium,training_consulting,
SIS-2026-0165,Cartonagem Douro,packaging,Training on invoice validation workflow,"O responsável financeiro quer alinhar a equipa sobre o que deve ser validado antes de emitir. O texto original mistura português com inglês e foi limpo apenas o mínimo para ficar legível. Há alguma sensibilidade comercial, mas sem dramatização no pedido. Não é um bloqueio total; mesmo assim já está a consumir tempo e retrabalho.",invoicing,tax_validation,há workaround parcial,training_needed / low / training_consulting,training_needed,medium,training_consulting,
SIS-2026-0166,ValeFlex,printing,Set up invoice validation for Spain branch,"O cliente vai abrir operação em mercado novo e precisa de validar NIF e regras fiscais de forma diferente. Ainda não anexaram prints, mas podem enviar. Não é um bloqueio total; mesmo assim já está a consumir tempo e retrabalho.",invoicing,tax_validation,há workaround parcial; melhoria para analisar,client_misunderstanding / medium / support_level_1,configuration_request,medium,technical_support,
SIS-2026-0167,MetalLabel,industrial manufacturing,Nova opção na ficha de ocorrência,"A área de qualidade queria registar um código interno adicional para análise futura. O pedido entrou com pouco contexto e alguma pressa. Ainda estamos a confirmar se acontece em todas as empresas do grupo ou só nesta. Se fizer sentido, podem manter o ticket com análise humana antes de encaminhar. O processo continua a funcionar e o pedido pode entrar em fila normal.",CRM,complaints,melhoria para analisar,,feature_request,low,account_management,
SIS-2026-0168,Cartonagem Douro,packaging,Servidor de relatórios falha ao abrir mapas pesados,"Não é um incidente total do ERP, mas para certas equipas já travou trabalho relevante. A equipa insiste que o problema é novo, mas não quantifica bem quando começou. No ticket interno alguém escreveu “talvez seja processo”, mas sem certeza. Não é um bloqueio total; mesmo assim já está a consumir tempo e retrabalho.",reporting,custom_reports,há workaround parcial,technical issue / high / infrastructure,infrastructure_problem,medium,infrastructure,
SIS-2026-0169,ValeFlex,printing,Ordem de fabrico bloqueia ao lançar consumo,"Parece um bug mais do que erro de utilização porque o comportamento repete-se em utilizadores diferentes e com ordens diferentes. O pedido entrou com pouco contexto e alguma pressa. Se fizer sentido, podem manter o ticket com análise humana antes de encaminhar. Existe impacto relevante no dia de trabalho, embora ainda haja algum contorno manual.",production,work_orders,cliente à espera,data_issue / high / technical_support,software_bug,high,development,
SIS-2026-0170,LusoPack Embalagens,packaging,CRM fecha quando anexamos ocorrência,"Há dúvida se o anexo específico influencia, embora o padrão pareça de aplicação e não de processo. Pode ser necessário validar em ambiente real e não só em teste. No ticket interno alguém escreveu “talvez seja processo”, mas sem certeza. Há alguma sensibilidade comercial, mas sem dramatização no pedido. Não há bloqueio operacional imediato; o valor aqui é mais de conveniência ou prevenção.",CRM,complaints,pode esperar,,software_bug,low,technical_support,
SIS-2026-0171,LusoPack Embalagens,packaging,Onde editar morada fiscal do cliente?,"O pedido vem com pouca informação e pode ser simplesmente orientação funcional. Existe suspeita de configuração, embora nada conclusivo. O impacto é real, mas a equipa ainda consegue trabalhar com alguma contenção.",CRM,customer_cards,afeta uma equipa,client_misunderstanding / low / support_level_1,training_needed,medium,support_level_1,Pedro Neves
SIS-2026-0172,PrintWorks Porto,printing,Stock movement totals look inflated,"Depois de uma integração/importação noturna apareceram movimentos em duplicado e o saldo disponível ficou acima do físico. O cliente consegue continuar de forma limitada, mas com custo operacional claro.",stock,stock_movements,cliente à espera,data_issue / medium / technical_support,software_bug,high,technical_support,Miguel Santos
SIS-2026-0173,MetalLabel,industrial manufacturing,Precisa análise - Dashboard exporta ficheiro corrompido,"O dashboard apresenta valores no ecrã, mas o ficheiro exportado fica vazio ou com colunas trocadas. O cliente consegue continuar de forma limitada, mas com custo operacional claro.",reporting,excel_export,afeta vários utilizadores,client_misunderstanding / medium / support_level_1,software_bug,high,development,
SIS-2026-0174,ValeFlex,printing,Nova regra de validação na fatura,"Existe alguma pressão temporal porque o arranque está próximo, mas o pedido é planeado e não um bloqueio atual. O pedido entrou com pouco contexto e alguma pressa. Existe impacto relevante no dia de trabalho, embora ainda haja algum contorno manual.",invoicing,tax_validation,precisamos ainda hoje,,configuration_request,high,technical_support,
SIS-2026-0175,PrintWorks Porto,printing,Users are locked out of the platform,"É o tipo de situação em que errar para baixo custa mais do que escalar cedo. O pedido entrou com pouco contexto e alguma pressa. O cliente pediu retorno curto mesmo que ainda não haja solução final. Sem isto resolvido hoje, a operação financeira ou produtiva fica efetivamente bloqueada.",general,login,todos bloqueados,technical issue / high / infrastructure,infrastructure_problem,critical,infrastructure,Helena Rocha
SIS-2026-0176,PlastiCentro,plastics,Reset de palavra-passe não chega por email,"O cliente ainda não sabe dizer se afeta todos os domínios ou só alguns. A equipa insiste que o problema é novo, mas não quantifica bem quando começou. No ticket interno alguém escreveu “talvez seja processo”, mas sem certeza. Existe impacto relevante no dia de trabalho, embora ainda haja algum contorno manual.",user_permissions,password_policy,cliente à espera,technical issue / high / infrastructure,infrastructure_problem,high,infrastructure,
SIS-2026-0177,Cartonagem Douro,packaging,URGENTE - Ambiente muito lento desde esta manhã,"Pode ser capacidade, base de dados, rede ou tarefa de fundo, por isso a triagem precisa de ser prudente. Já reiniciaram sessão, browser e posto, sem conclusão clara. Se possível, manter com Miguel Santos porque já conhece o contexto do cliente. Se fizer sentido, podem manter o ticket com análise humana antes de encaminhar. Existe impacto relevante no dia de trabalho, embora ainda haja algum contorno manual.",general,performance,afeta vários utilizadores,technical issue / high / infrastructure,infrastructure_problem,high,infrastructure,Miguel Santos
SIS-2026-0178,MetalLabel,industrial manufacturing,Login intermitente no ambiente,"Não há alteração funcional pedida pelo cliente; tudo aponta para incidente de ambiente, autenticação ou infraestrutura. O pedido entrou com pouco contexto e alguma pressa. Podemos recolher base de dados de exemplo se for preciso, mas ainda não foi pedido. Sem isto resolvido hoje, a operação financeira ou produtiva fica efetivamente bloqueada.",general,login,produção parada,software_bug / high / development,infrastructure_problem,critical,infrastructure,Rui Costa
SIS-2026-0179,PrintWorks Porto,printing,Servidor de relatórios falha ao abrir mapas pesados,"Não é um incidente total do ERP, mas para certas equipas já travou trabalho relevante. Se fizer sentido, podem manter o ticket com análise humana antes de encaminhar. O cliente consegue continuar de forma limitada, mas com custo operacional claro.",reporting,custom_reports,parcialmente parado,,infrastructure_problem,high,infrastructure,
SIS-2026-0180,TecnoRolo Iberia,industrial manufacturing,Workflow aprova e volta a pendente,"Há prints do estado antes e depois; podemos enviar se ajudar. Existe suspeita de configuração, embora nada conclusivo. Há alguma sensibilidade comercial, mas sem dramatização no pedido. Sem isto resolvido hoje, a operação financeira ou produtiva fica efetivamente bloqueada.",user_permissions,approvals,deadline hoje,,software_bug,critical,development,
SIS-2026-0181,EuroPackaging PT,packaging,Dúvida no fecho de contagem,"O ticket é um pouco ambíguo porque mencionam “valores errados”, mas sem prova de corrupção de dados. Se fizer sentido, podem manter o ticket com análise humana antes de encaminhar. O processo continua a funcionar e o pedido pode entrar em fila normal.",stock,inventory_counts,sem bloqueio operacional,training_needed / medium / training_consulting,client_misunderstanding,low,support_level_1,Marta Silva
SIS-2026-0182,EtiquetaFina,labels,Pedido de melhoria na integração,"Atualmente o processo é manual mas funcional, por isso continua a ser melhoria e não incidente. Se fizer sentido, podem manter o ticket com análise humana antes de encaminhar. Não é um bloqueio total; mesmo assim já está a consumir tempo e retrabalho.",integrations,webservices,afeta uma equipa,client_misunderstanding / low / support_level_1,feature_request,medium,technical_support,
SIS-2026-0183,LusoPack Embalagens,packaging,Cliente acha que o botão desapareceu,"O cliente quer corrigir um documento já emitido e não percebe a diferença entre anulação e nota de crédito. O utilizador admite que pode estar a seguir um passo desatualizado. Ainda estamos a confirmar se acontece em todas as empresas do grupo ou só nesta. Há alguma sensibilidade comercial, mas sem dramatização no pedido. O impacto é real, mas a equipa ainda consegue trabalhar com alguma contenção.",invoicing,credit_notes,há workaround parcial,training_needed / medium / training_consulting,client_misunderstanding,medium,support_level_1,
SIS-2026-0184,EtiquetaFina,labels,Nova regra de validação na fatura,"Existe alguma pressão temporal porque o arranque está próximo, mas o pedido é planeado e não um bloqueio atual. O cliente diz que ontem funcionava. Há alguma sensibilidade comercial, mas sem dramatização no pedido. O impacto é real, mas a equipa ainda consegue trabalhar com alguma contenção.",invoicing,tax_validation,impacto moderado,configuration_request / medium / technical_support,configuration_request,medium,technical_support,
SIS-2026-0185,Braga Print House,printing,Movimentos de stock ficaram duplicados,"O cliente já tentou validar filtros e datas; o problema parece estar mesmo nos dados gravados. Ainda estamos a confirmar se acontece em todas as empresas do grupo ou só nesta. Há alguma sensibilidade comercial, mas sem dramatização no pedido. O cliente consegue continuar de forma limitada, mas com custo operacional claro.",stock,stock_movements,fecho do mês,,data_issue,high,technical_support,
SIS-2026-0186,EuroPackaging PT,packaging,Apontamentos desapareceram do shop floor,"Pode ser sincronização atrasada, mas também pode haver perda real de dados. Existe suspeita de configuração, embora nada conclusivo. Não é um bloqueio total; mesmo assim já está a consumir tempo e retrabalho.",production,shop_floor,impacto moderado,software_bug / high / development,data_issue,medium,technical_support,Carla Sousa
SIS-2026-0187,LusoPack Embalagens,packaging,Pedido de formação no pipeline comercial,"Entraram duas pessoas novas e o gestor quer uma sessão prática para evitar oportunidades mal fechadas. A equipa insiste que o problema é novo, mas não quantifica bem quando começou. Se fizer sentido, podem manter o ticket com análise humana antes de encaminhar. Não há bloqueio operacional imediato; o valor aqui é mais de conveniência ou prevenção.",CRM,opportunities,melhoria para analisar,,training_needed,low,training_consulting,
SIS-2026-0188,TextilMinho,textile,Pedido de formação no pipeline comercial,"O ticket foi aberto depois de vários pedidos pequenos do mesmo cliente, por isso a formação provavelmente reduz reincidência. Pode ser necessário validar em ambiente real e não só em teste. Há alguma sensibilidade comercial, mas sem dramatização no pedido. Não é um bloqueio total; mesmo assim já está a consumir tempo e retrabalho.",CRM,opportunities,há workaround parcial,training_needed / low / training_consulting,training_needed,medium,training_consulting,Joao Pereira
SIS-2026-0189,PrintWorks Porto,printing,Números do dashboard não batem com relatório,"Pode ser atraso de atualização, transformação do dado ou erro humano no filtro; ainda não está claro. O cliente diz que ontem funcionava. Se precisarem de mais detalhe, o contacto principal está disponível de tarde. O impacto é real, mas a equipa ainda consegue trabalhar com alguma contenção.",reporting,kpi_analysis,afeta uma equipa; quando possível,client_misunderstanding / medium / support_level_1,data_issue,medium,technical_support,
SIS-2026-0190,Braga Print House,printing,Feature request for management report,"Não é correção nem parametrização urgente; é melhoria com valor de negócio se entrar em backlog. Há quem diga que é só configuração; outros acham que começou depois da última atualização. Se precisarem de mais detalhe, o contacto principal está disponível de tarde. Não há bloqueio operacional imediato; o valor aqui é mais de conveniência ou prevenção.",reporting,custom_reports,sem bloqueio operacional,client_misunderstanding / low / support_level_1,feature_request,low,account_management,
SIS-2026-0191,LusoPack Embalagens,packaging,Precisa análise - Ticket de qualidade não guarda comentário,"O cliente não chama isto urgente, mas já perdeu registos e está a duplicar trabalho manualmente. O pedido entrou com pouco contexto e alguma pressa. O texto original mistura português com inglês e foi limpo apenas o mínimo para ficar legível. Não é um bloqueio total; mesmo assim já está a consumir tempo e retrabalho.",CRM,complaints,convém validar com alguma brevidade,configuration_request / medium / technical_support,software_bug,medium,technical_support,Carla Sousa
SIS-2026-0192,EtiquetaFina,labels,Precisa análise - Problema transversal no processo de login,"O cliente ainda não sabe dizer se afeta todos os domínios ou só alguns. Há referência a outro ticket antigo, mas sem número. O cliente pediu retorno curto mesmo que ainda não haja solução final. O impacto reportado é imediato e o cliente diz que o processo principal ficou parado.",user_permissions,password_policy,deadline hoje,infrastructure_problem / high / infrastructure,infrastructure_problem,critical,infrastructure,Marta Silva
SIS-2026-0193,NorteCartao,packaging,Pedido de configuração IVA,"O cliente vai abrir operação em mercado novo e precisa de validar NIF e regras fiscais de forma diferente. A equipa insiste que o problema é novo, mas não quantifica bem quando começou. Se possível, manter com Marta Silva porque já conhece o contexto do cliente. O cliente pediu retorno curto mesmo que ainda não haja solução final. Existe impacto relevante no dia de trabalho, embora ainda haja algum contorno manual.",invoicing,tax_validation,fecho do mês; expedição parada,client_misunderstanding / medium / support_level_1,configuration_request,high,technical_support,Marta Silva
SIS-2026-0194,PlastiCentro,plastics,Nova vista de análise comercial,"O texto do cliente até usa a palavra “urgente”, mas no corpo fica claro que é por conveniência de reunião. Já reiniciaram sessão, browser e posto, sem conclusão clara. Podemos recolher base de dados de exemplo se for preciso, mas ainda não foi pedido. Se fizer sentido, podem manter o ticket com análise humana antes de encaminhar. Não há bloqueio operacional imediato; o valor aqui é mais de conveniência ou prevenção.",reporting,custom_reports,pode esperar,configuration_request / medium / technical_support,feature_request,low,account_management,
SIS-2026-0195,Cartonagem Douro,packaging,URGENTE - E-invoice status stuck after sending,"Há registos técnicos por confirmar, por isso o ticket mistura dados, integração e possível bug. Podemos recolher base de dados de exemplo se for preciso, mas ainda não foi pedido. O impacto reportado é imediato e o cliente diz que o processo principal ficou parado.",invoicing,e_invoice,expedição parada,software_bug / high / development,data_issue,critical,technical_support,
SIS-2026-0196,LusoPack Embalagens,packaging,Dados agregados parecem errados,"Pode ser atraso de atualização, transformação do dado ou erro humano no filtro; ainda não está claro. Existe suspeita de configuração, embora nada conclusivo. O impacto é real, mas a equipa ainda consegue trabalhar com alguma contenção.",reporting,kpi_analysis,há workaround parcial,,data_issue,medium,technical_support,
SIS-2026-0197,NorteCartao,packaging,API externa deixou de responder,"O cliente consegue contornar manualmente por algum tempo, mas há custo operacional imediato. Existe impacto relevante no dia de trabalho, embora ainda haja algum contorno manual.",integrations,api,precisamos ainda hoje,software_bug / high / development,infrastructure_problem,high,infrastructure,
SIS-2026-0198,PlastiCentro,plastics,Melhoria no SAF-T para auditoria interna,"Por tocar dados financeiros, o ticket parece sério, mas não é incidente nem bloqueio imediato. Pode ser necessário validar em ambiente real e não só em teste. No ticket interno alguém escreveu “talvez seja processo”, mas sem certeza. Há alguma sensibilidade comercial, mas sem dramatização no pedido. O cliente consegue continuar de forma limitada, mas com custo operacional claro.",accounting,saft_export,precisamos ainda hoje,configuration_request / medium / technical_support,feature_request,high,technical_support,
SIS-2026-0199,EtiquetaFina,labels,API externa deixou de responder,"As chamadas para a API externa estão a falhar por timeout e as encomendas deixam de entrar automaticamente. O pedido entrou com pouco contexto e alguma pressa. Se fizer sentido, podem manter o ticket com análise humana antes de encaminhar. O impacto reportado é imediato e o cliente diz que o processo principal ficou parado.",integrations,api,produção parada,software_bug / high / development,infrastructure_problem,critical,infrastructure,
SIS-2026-0200,GrafiNorte SA,printing,Melhoria no SAF-T para auditoria interna,O processo atual cumpre o mínimo necessário; este pedido é otimização operacional. O pedido entrou com pouco contexto e alguma pressa. Ainda estamos a confirmar se acontece em todas as empresas do grupo ou só nesta. O processo continua a funcionar e o pedido pode entrar em fila normal.,accounting,saft_export,quando possível,,feature_request,low,technical_support,
SIS-2026-0201,Braga Print House,printing,Dúvida funcional no planeamento,"Se for mesmo só orientação, convém não mandar logo para desenvolvimento. O pedido entrou com pouco contexto e alguma pressa. Se precisarem de mais detalhe, o contacto principal está disponível de tarde. Não é um bloqueio total; mesmo assim já está a consumir tempo e retrabalho.",production,scheduling,há workaround parcial,training_needed / medium / training_consulting,client_misunderstanding,medium,support_level_1,
SIS-2026-0202,GrafiNorte SA,printing,URGENTE - Ordem de fabrico bloqueia ao lançar consumo,"Parece um bug mais do que erro de utilização porque o comportamento repete-se em utilizadores diferentes e com ordens diferentes. A descrição veio por telefone e foi resumida internamente. Se precisarem de mais detalhe, o contacto principal está disponível de tarde. Existe impacto relevante no dia de trabalho, embora ainda haja algum contorno manual.",production,work_orders,precisamos ainda hoje,configuration_request / medium / technical_support,software_bug,high,development,
SIS-2026-0203,ValeFlex,printing,Transferência lançou linhas repetidas,"Isto ainda não parou a operação, mas se seguirem assim o planeamento vai trabalhar com quantidades erradas. A descrição veio por telefone e foi resumida internamente. No ticket interno alguém escreveu “talvez seja processo”, mas sem certeza. O cliente pediu retorno curto mesmo que ainda não haja solução final. O cliente consegue continuar de forma limitada, mas com custo operacional claro.",stock,stock_movements,fecho do mês; expedição parada,,data_issue,high,technical_support,
SIS-2026-0204,EuroPackaging PT,packaging,Como reordenar planeamento?,Pode haver mistura de configuração com utilização normal. O texto do cliente não é conclusivo. O processo continua a funcionar e o pedido pode entrar em fila normal.,production,scheduling,quando possível; há workaround parcial,training_needed / medium / training_consulting,client_misunderstanding,low,support_level_1,
SIS-2026-0205,AlfaForms,forms and labels,Urgent: Mismatch between KPI and detailed report,"Como estes números entram em reunião de gestão, convém não desvalorizar logo como simples uso incorreto. Pode ser necessário validar em ambiente real e não só em teste. Se possível, manter com Joao Pereira porque já conhece o contexto do cliente. O processo continua a funcionar e o pedido pode entrar em fila normal.",reporting,kpi_analysis,quando possível,,data_issue,low,technical_support,Joao Pereira
SIS-2026-0206,Braga Print House,printing,Formação rápida para leitura de dashboards,"A administração quer que a equipa intermédia interprete os indicadores da mesma forma antes da próxima revisão mensal. O pedido entrou com pouco contexto e alguma pressa. Ainda estamos a confirmar se acontece em todas as empresas do grupo ou só nesta. Se precisarem de mais detalhe, o contacto principal está disponível de tarde. O impacto é real, mas a equipa ainda consegue trabalhar com alguma contenção.",reporting,dashboards,convém validar com alguma brevidade,,training_needed,medium,training_consulting,
SIS-2026-0207,Braga Print House,printing,Dados contabilísticos inconsistentes,"Ainda existe hipótese de filtro ou período contabilístico incorreto, por isso o relato fica um pouco ambíguo. Ainda não anexaram prints, mas podem enviar. O cliente pediu retorno curto mesmo que ainda não haja solução final. O impacto reportado é imediato e o cliente diz que o processo principal ficou parado.",accounting,journal_entries,deadline hoje; cliente à espera,,data_issue,critical,technical_support,
SIS-2026-0208,TextilMinho,textile,Pedido de formação no pipeline comercial,"O ticket foi aberto depois de vários pedidos pequenos do mesmo cliente, por isso a formação provavelmente reduz reincidência. Já reiniciaram sessão, browser e posto, sem conclusão clara. O processo continua a funcionar e o pedido pode entrar em fila normal.",CRM,opportunities,sem urgência,training_needed / low / training_consulting,training_needed,low,training_consulting,Rui Costa
SIS-2026-0209,Braga Print House,printing,Feature request for SAFT extra columns,A contabilidade quer incluir mais detalhe no ficheiro exportado para facilitar conferência interna. O utilizador admite que pode estar a seguir um passo desatualizado. O cliente pediu retorno curto mesmo que ainda não haja solução final. Não é um bloqueio total; mesmo assim já está a consumir tempo e retrabalho.,accounting,saft_export,impacto moderado,client_misunderstanding / low / support_level_1,feature_request,medium,technical_support,
SIS-2026-0210,TextilMinho,textile,Timeout na integração com loja online,"Ainda não sabemos se o problema está no nosso lado, no certificado ou no parceiro. Pode ser necessário validar em ambiente real e não só em teste. O cliente pediu retorno curto mesmo que ainda não haja solução final. Existe impacto relevante no dia de trabalho, embora ainda haja algum contorno manual.",integrations,api,parcialmente parado,infrastructure_problem / high / infrastructure,infrastructure_problem,high,infrastructure,
SIS-2026-0211,PlastiCentro,plastics,Password reset flow seems broken globally,"O cliente ainda não sabe dizer se afeta todos os domínios ou só alguns. Pode ser necessário validar em ambiente real e não só em teste. O cliente consegue continuar de forma limitada, mas com custo operacional claro.",user_permissions,password_policy,cliente à espera; há workaround parcial,software_bug / high / development,infrastructure_problem,high,infrastructure,
SIS-2026-0212,Braga Print House,printing,Sugestão para melhorar registo em produção,"É o tipo de pedido que pode parecer bug para quem escreve o ticket, apesar de ser melhoria. Pode ser necessário validar em ambiente real e não só em teste. Podemos recolher base de dados de exemplo se for preciso, mas ainda não foi pedido. Se precisarem de mais detalhe, o contacto principal está disponível de tarde. Existe impacto relevante no dia de trabalho, embora ainda haja algum contorno manual.",production,shop_floor,fecho do mês,,feature_request,high,technical_support,
SIS-2026-0213,FibraSul,paper converting,Pedido de novo mapa por cliente e família,Não é correção nem parametrização urgente; é melhoria com valor de negócio se entrar em backlog. A descrição veio por telefone e foi resumida internamente. Não há bloqueio operacional imediato; o valor aqui é mais de conveniência ou prevenção.,reporting,custom_reports,quando possível,,feature_request,low,account_management,Ana Martins
SIS-2026-0214,TecnoRolo Iberia,industrial manufacturing,Work order fecha mas volta a abrir,"Parece um bug mais do que erro de utilização porque o comportamento repete-se em utilizadores diferentes e com ordens diferentes. A equipa insiste que o problema é novo, mas não quantifica bem quando começou. O impacto reportado é imediato e o cliente diz que o processo principal ficou parado.",production,work_orders,todos bloqueados,data_issue / high / technical_support,software_bug,critical,development,
SIS-2026-0215,PlastiCentro,plastics,Need refresher on scheduling board,"Os planeadores usam o quadro há meses, mas com a mudança de responsável surgiram dúvidas sobre prioridades, cores e bloqueios. Se fizer sentido, podem manter o ticket com análise humana antes de encaminhar. O impacto é real, mas a equipa ainda consegue trabalhar com alguma contenção.",production,scheduling,há workaround parcial,,training_needed,medium,training_consulting,Rui Costa
SIS-2026-0216,PrintWorks Porto,printing,Cliente acha que o botão desapareceu,"Há ansiedade porque envolve faturação, mas o fluxo esperado continua disponível e parece ser questão de procedimento. Pode ser necessário validar em ambiente real e não só em teste. Há alguma sensibilidade comercial, mas sem dramatização no pedido. Não há bloqueio operacional imediato; o valor aqui é mais de conveniência ou prevenção.",invoicing,credit_notes,quando possível,software_bug / medium / technical_support,client_misunderstanding,low,support_level_1,
SIS-2026-0217,PlastiCentro,plastics,Login intermitente no ambiente,"Desde cerca das 08:30 vários utilizadores recebem erro no login ou ficam presos depois de autenticar. A equipa insiste que o problema é novo, mas não quantifica bem quando começou. Se fizer sentido, podem manter o ticket com análise humana antes de encaminhar. Existe impacto relevante no dia de trabalho, embora ainda haja algum contorno manual.",general,login,cliente à espera; deadline hoje,,infrastructure_problem,high,infrastructure,
SIS-2026-0218,PlastiCentro,plastics,Stock count result looks wrong to client,"Pelo relato, a lógica do ecrã pode estar correta e a dificuldade é perceber o significado dos estados. O pedido entrou com pouco contexto e alguma pressa. Não é um bloqueio total; mesmo assim já está a consumir tempo e retrabalho.",stock,inventory_counts,impacto moderado,,client_misunderstanding,medium,support_level_1,Pedro Neves
SIS-2026-0219,PlastiCentro,plastics,Pedido de melhoria na integração,"Atualmente o processo é manual mas funcional, por isso continua a ser melhoria e não incidente. O utilizador admite que pode estar a seguir um passo desatualizado. O cliente pediu retorno curto mesmo que ainda não haja solução final. O impacto é real, mas a equipa ainda consegue trabalhar com alguma contenção.",integrations,webservices,impacto moderado,feature_request / low / account_management,feature_request,medium,technical_support,
SIS-2026-0220,PlastiCentro,plastics,Linha não consegue terminar OF,"No chão de fábrica conseguem apontar tempos mas a ordem fica presa quando tentam fechar o consumo real. Há referência a outro ticket antigo, mas sem número. O cliente pediu retorno curto mesmo que ainda não haja solução final. O cliente consegue continuar de forma limitada, mas com custo operacional claro.",production,work_orders,afeta vários utilizadores,,software_bug,high,development,
SIS-2026-0221,EuroPackaging PT,packaging,Gostávamos de anexar classificação interna,"Mesmo sem urgência, é legítimo do ponto de vista de processo. Se fizer sentido, podem manter o ticket com análise humana antes de encaminhar. O processo continua a funcionar e o pedido pode entrar em fila normal.",CRM,complaints,melhoria para analisar; convém validar com alguma brevidade,feature_request / low / account_management,feature_request,low,account_management,
SIS-2026-0222,LusoPack Embalagens,packaging,Pedido de configuração na integração,"O fluxo atual funciona para os restantes clientes, por isso parece claramente tema de parametrização e não bug geral. A descrição veio por telefone e foi resumida internamente. Se fizer sentido, podem manter o ticket com análise humana antes de encaminhar. O impacto é real, mas a equipa ainda consegue trabalhar com alguma contenção.",integrations,edi,precisamos esta semana,,configuration_request,medium,technical_support,
SIS-2026-0223,FlexoPrime,printing,Sugestão para melhorar registo em produção,"Os operadores pedem um aviso mais visível quando a ordem já está concluída para evitar lançamentos repetidos. Há referência a outro ticket antigo, mas sem número. Se precisarem de mais detalhe, o contacto principal está disponível de tarde. O processo continua a funcionar e o pedido pode entrar em fila normal.",production,shop_floor,pode esperar,configuration_request / medium / technical_support,feature_request,low,development,Pedro Neves
SIS-2026-0224,NorteCartao,packaging,Feature request: callback depois de enviar documento,"Atualmente o processo é manual mas funcional, por isso continua a ser melhoria e não incidente. Ainda não anexaram prints, mas podem enviar. Não há bloqueio operacional imediato; o valor aqui é mais de conveniência ou prevenção.",integrations,webservices,sem urgência,feature_request / low / account_management,feature_request,low,technical_support,
SIS-2026-0225,EuroPackaging PT,packaging,Reset de palavra-passe não chega por email,"O cliente ainda não sabe dizer se afeta todos os domínios ou só alguns. Já reiniciaram sessão, browser e posto, sem conclusão clara. O impacto é real, mas a equipa ainda consegue trabalhar com alguma contenção.",user_permissions,password_policy,impacto moderado; parcialmente parado,,infrastructure_problem,medium,infrastructure,
SIS-2026-0226,TecnoRolo Iberia,industrial manufacturing,Stock movement totals look inflated,"Depois de uma integração/importação noturna apareceram movimentos em duplicado e o saldo disponível ficou acima do físico. O utilizador admite que pode estar a seguir um passo desatualizado. Ainda estamos a confirmar se acontece em todas as empresas do grupo ou só nesta. Se precisarem de mais detalhe, o contacto principal está disponível de tarde. O impacto é real, mas a equipa ainda consegue trabalhar com alguma contenção.",stock,stock_movements,precisamos esta semana,client_misunderstanding / medium / support_level_1,data_issue,medium,technical_support,
SIS-2026-0227,FibraSul,paper converting,Reporting environment unstable,"Os relatórios pequenos abrem, mas os mais pesados entram em timeout de forma consistente. O utilizador admite que pode estar a seguir um passo desatualizado. Se possível, manter com Carla Sousa porque já conhece o contexto do cliente. Podemos recolher base de dados de exemplo se for preciso, mas ainda não foi pedido. Se precisarem de mais detalhe, o contacto principal está disponível de tarde. O impacto é real, mas a equipa ainda consegue trabalhar com alguma contenção.",reporting,custom_reports,convém validar com alguma brevidade; cliente à espera,infrastructure_problem / high / infrastructure,infrastructure_problem,medium,infrastructure,Carla Sousa
SIS-2026-0228,TextilMinho,textile,Utilizador não entende reconciliação de stock,"Pelo relato, a lógica do ecrã pode estar correta e a dificuldade é perceber o significado dos estados. Há alguma sensibilidade comercial, mas sem dramatização no pedido. O impacto é real, mas a equipa ainda consegue trabalhar com alguma contenção.",stock,inventory_counts,afeta uma equipa,software_bug / medium / technical_support,client_misunderstanding,medium,support_level_1,
SIS-2026-0229,NorteCartao,packaging,Shop floor reports wrong production count,"Os operadores lançaram quantidades em turno anterior, mas no dia seguinte parte dos apontamentos já não aparece. Há quem diga que é só configuração; outros acham que começou depois da última atualização. Se fizer sentido, podem manter o ticket com análise humana antes de encaminhar. O cliente consegue continuar de forma limitada, mas com custo operacional claro.",production,shop_floor,precisamos ainda hoje; precisamos esta semana,client_misunderstanding / medium / support_level_1,data_issue,high,technical_support,
SIS-2026-0230,LusoPack Embalagens,packaging,Como anular documento sem apagar série?,"O cliente quer corrigir um documento já emitido e não percebe a diferença entre anulação e nota de crédito. Podemos recolher base de dados de exemplo se for preciso, mas ainda não foi pedido. Se fizer sentido, podem manter o ticket com análise humana antes de encaminhar. Não é um bloqueio total; mesmo assim já está a consumir tempo e retrabalho.",invoicing,credit_notes,há workaround parcial,,client_misunderstanding,medium,support_level_1,Ana Martins
SIS-2026-0231,TextilMinho,textile,Pedido de melhoria no ecrã de chão de fábrica,"Os operadores pedem um aviso mais visível quando a ordem já está concluída para evitar lançamentos repetidos. Existe suspeita de configuração, embora nada conclusivo. Ainda estamos a confirmar se acontece em todas as empresas do grupo ou só nesta. O impacto é real, mas a equipa ainda consegue trabalhar com alguma contenção.",production,shop_floor,afeta uma equipa,feature_request / low / account_management,feature_request,medium,technical_support,
SIS-2026-0232,MetalLabel,industrial manufacturing,Nova regra para overhead de produção,"Pode tocar financeiramente o negócio, portanto convém tratar com cuidado mesmo sem ser crítico. O utilizador admite que pode estar a seguir um passo desatualizado. Se precisarem de mais detalhe, o contacto principal está disponível de tarde. Não há bloqueio operacional imediato; o valor aqui é mais de conveniência ou prevenção.",production,cost_calculation,pode esperar; afeta uma equipa,feature_request / low / account_management,configuration_request,low,technical_support,Joao Pereira
SIS-2026-0233,Braga Print House,printing,Lançamentos desapareceram do diário,"Ainda existe hipótese de filtro ou período contabilístico incorreto, por isso o relato fica um pouco ambíguo. Há referência a outro ticket antigo, mas sem número. Podemos recolher base de dados de exemplo se for preciso, mas ainda não foi pedido. Se fizer sentido, podem manter o ticket com análise humana antes de encaminhar. Não é um bloqueio total; mesmo assim já está a consumir tempo e retrabalho.",accounting,journal_entries,há workaround parcial,software_bug / high / development,data_issue,medium,technical_support,
SIS-2026-0234,GrafiNorte SA,printing,Equipa de gestão pede onboarding em KPIs,"O pedido nasceu depois de vários mal-entendidos, não de uma falha técnica confirmada. Existe suspeita de configuração, embora nada conclusivo. Há quem diga que é só configuração; outros acham que começou depois da última atualização. Se fizer sentido, podem manter o ticket com análise humana antes de encaminhar. Não é um bloqueio total; mesmo assim já está a consumir tempo e retrabalho.",reporting,dashboards,há workaround parcial; quando possível,,training_needed,medium,training_consulting,Ana Martins
SIS-2026-0235,Cartonagem Douro,packaging,URGENTE - Ticket de qualidade não guarda comentário,"Há dúvida se o anexo específico influencia, embora o padrão pareça de aplicação e não de processo. O utilizador admite que pode estar a seguir um passo desatualizado. Se fizer sentido, podem manter o ticket com análise humana antes de encaminhar. O impacto é real, mas a equipa ainda consegue trabalhar com alguma contenção.",CRM,complaints,afeta uma equipa,,software_bug,medium,technical_support,Marta Silva
SIS-2026-0236,Braga Print House,printing,Inventário mostra diferença mas não sabemos porquê,"O ticket é um pouco ambíguo porque mencionam “valores errados”, mas sem prova de corrupção de dados. Há quem diga que é só configuração; outros acham que começou depois da última atualização. O cliente pediu retorno curto mesmo que ainda não haja solução final. O impacto é real, mas a equipa ainda consegue trabalhar com alguma contenção.",stock,inventory_counts,convém validar com alguma brevidade,,client_misunderstanding,medium,support_level_1,
SIS-2026-0237,EuroPackaging PT,packaging,Adicionar etapa nova ao funil comercial,"Não há erro, apenas uma necessidade de processo mais fino. O cliente insiste que queria isto antes da próxima reunião de vendas. Se fizer sentido, podem manter o ticket com análise humana antes de encaminhar. Não é um bloqueio total; mesmo assim já está a consumir tempo e retrabalho.",CRM,commercial_pipeline,há workaround parcial,client_misunderstanding / medium / support_level_1,configuration_request,medium,technical_support,
SIS-2026-0238,FlexoPrime,printing,Números do dashboard não batem com relatório,"No resumo a margem está positiva, mas no detalhe por linha o cliente chega a total diferente. Ainda estamos a confirmar se acontece em todas as empresas do grupo ou só nesta. Se fizer sentido, podem manter o ticket com análise humana antes de encaminhar. Não há bloqueio operacional imediato; o valor aqui é mais de conveniência ou prevenção.",reporting,kpi_analysis,melhoria para analisar; precisamos esta semana,data_issue / medium / technical_support,data_issue,low,technical_support,Pedro Neves
SIS-2026-0239,TecnoRolo Iberia,industrial manufacturing,CRM precisa de workflow diferente,"Pode ficar a meio caminho entre configuração e melhoria, mas continua mais próximo de parametrização. A equipa insiste que o problema é novo, mas não quantifica bem quando começou. O processo continua a funcionar e o pedido pode entrar em fila normal.",CRM,commercial_pipeline,sem bloqueio operacional,configuration_request / medium / technical_support,configuration_request,low,technical_support,
SIS-2026-0240,ValeFlex,printing,Workflow aprova e volta a pendente,"O diretor aprova o pedido e segundos depois o documento regressa ao estado pendente, como se a ação não tivesse ficado persistida. Há referência a outro ticket antigo, mas sem número. Há alguma sensibilidade comercial, mas sem dramatização no pedido. O cliente consegue continuar de forma limitada, mas com custo operacional claro.",user_permissions,approvals,afeta vários utilizadores,,software_bug,high,development,
SIS-2026-0241,FlexoPrime,printing,Scheduler ficou diferente depois do update,"O responsável de planeamento diz que o quadro parece “errado”, mas pelo print só mudou o filtro ativo no topo. O cliente diz que ontem funcionava. O impacto é real, mas a equipa ainda consegue trabalhar com alguma contenção.",production,scheduling,afeta uma equipa,client_misunderstanding / low / support_level_1,client_misunderstanding,medium,support_level_1,
SIS-2026-0242,PrintWorks Porto,printing,Criar perfil para supervisores de turno,"Há alguma urgência porque o arranque do processo foi esta semana, mas não é incidente técnico. No ticket interno alguém escreveu “talvez seja processo”, mas sem certeza. Se fizer sentido, podem manter o ticket com análise humana antes de encaminhar. O processo continua a funcionar e o pedido pode entrar em fila normal.",user_permissions,roles_profiles,melhoria para analisar; há workaround parcial,configuration_request / medium / technical_support,configuration_request,low,technical_support,
SIS-2026-0243,Braga Print House,printing,Pedido de novas permissões,"Não existe falha atual; é uma alteração de parametrização para acomodar processo novo. Já reiniciaram sessão, browser e posto, sem conclusão clara. Existe impacto relevante no dia de trabalho, embora ainda haja algum contorno manual.",user_permissions,roles_profiles,cliente à espera,configuration_request / medium / technical_support,configuration_request,high,technical_support,
SIS-2026-0244,PrintWorks Porto,printing,Journal entries missing after import,"A contabilidade encontra o documento na origem mas os lançamentos associados não aparecem no diário final. Já reiniciaram sessão, browser e posto, sem conclusão clara. Sem isto resolvido hoje, a operação financeira ou produtiva fica efetivamente bloqueada.",accounting,journal_entries,expedição parada,client_misunderstanding / medium / support_level_1,data_issue,critical,technical_support,
SIS-2026-0245,FibraSul,paper converting,Pedido de workshop para planners,"Os planeadores usam o quadro há meses, mas com a mudança de responsável surgiram dúvidas sobre prioridades, cores e bloqueios. Pode ser necessário validar em ambiente real e não só em teste. Há alguma sensibilidade comercial, mas sem dramatização no pedido. O processo continua a funcionar e o pedido pode entrar em fila normal.",production,scheduling,pode esperar,configuration_request / medium / technical_support,training_needed,low,training_consulting,Ana Martins
SIS-2026-0246,PrintWorks Porto,printing,Sessão de esclarecimento sobre transferências internas,"Pelo histórico, uma sessão curta deve ser mais útil do que responder caso a caso. Pode ser necessário validar em ambiente real e não só em teste. No ticket interno alguém escreveu “talvez seja processo”, mas sem certeza. O cliente pediu retorno curto mesmo que ainda não haja solução final. Não é um bloqueio total; mesmo assim já está a consumir tempo e retrabalho.",stock,warehouse_transfer,impacto moderado,configuration_request / medium / technical_support,training_needed,medium,training_consulting,Joao Pereira
SIS-2026-0247,LusoPack Embalagens,packaging,Webservice failing on production calls,"As chamadas para a API externa estão a falhar por timeout e as encomendas deixam de entrar automaticamente. Se precisarem de mais detalhe, o contacto principal está disponível de tarde. Existe impacto relevante no dia de trabalho, embora ainda haja algum contorno manual.",integrations,api,afeta vários utilizadores,infrastructure_problem / high / infrastructure,infrastructure_problem,high,infrastructure,
SIS-2026-0248,AlfaForms,forms and labels,Ambiente muito lento desde esta manhã,"O sistema abre, mas quase todos os ecrãs demoram demasiado tempo e alguns acabam por falhar. Pode ser necessário validar em ambiente real e não só em teste. Ainda estamos a confirmar se acontece em todas as empresas do grupo ou só nesta. Há alguma sensibilidade comercial, mas sem dramatização no pedido. O impacto reportado é imediato e o cliente diz que o processo principal ficou parado.",general,performance,sem faturar,,infrastructure_problem,critical,infrastructure,
SIS-2026-0249,ValeFlex,printing,Sugestão para melhorar registo em produção,Os operadores pedem um aviso mais visível quando a ordem já está concluída para evitar lançamentos repetidos. Não é um bloqueio total; mesmo assim já está a consumir tempo e retrabalho.,production,shop_floor,há workaround parcial,feature_request / low / account_management,feature_request,medium,technical_support,
SIS-2026-0250,FibraSul,paper converting,Dúvida funcional no planeamento,"Pode haver mistura de configuração com utilização normal. O texto do cliente não é conclusivo. O pedido entrou com pouco contexto e alguma pressa. Podemos recolher base de dados de exemplo se for preciso, mas ainda não foi pedido. Não é um bloqueio total; mesmo assim já está a consumir tempo e retrabalho.",production,scheduling,há workaround parcial,client_misunderstanding / low / support_level_1,client_misunderstanding,medium,support_level_1,
SIS-2026-0251,FibraSul,paper converting,Need setup change in cost calculation,"Pode tocar financeiramente o negócio, portanto convém tratar com cuidado mesmo sem ser crítico. Ainda não anexaram prints, mas podem enviar. Há quem diga que é só configuração; outros acham que começou depois da última atualização. O impacto é real, mas a equipa ainda consegue trabalhar com alguma contenção.",production,cost_calculation,há workaround parcial; fecho do mês,configuration_request / medium / technical_support,configuration_request,medium,technical_support,Carla Sousa
SIS-2026-0252,EuroPackaging PT,packaging,Login intermitente no ambiente,"É o tipo de situação em que errar para baixo custa mais do que escalar cedo. Ainda estamos a confirmar se acontece em todas as empresas do grupo ou só nesta. Há alguma sensibilidade comercial, mas sem dramatização no pedido. O impacto é real, mas a equipa ainda consegue trabalhar com alguma contenção.",general,login,impacto moderado,software_bug / high / development,infrastructure_problem,medium,infrastructure,
SIS-2026-0253,NorteCartao,packaging,Regra de aprovação repete notificações,"Há prints do estado antes e depois; podemos enviar se ajudar. Há referência a outro ticket antigo, mas sem número. Sem isto resolvido hoje, a operação financeira ou produtiva fica efetivamente bloqueada.",user_permissions,approvals,expedição parada,configuration_request / medium / technical_support,software_bug,critical,development,
SIS-2026-0254,LusoPack Embalagens,packaging,Question about dashboard totals,"O utilizador compara dois meses sem reparar que um dos painéis está filtrado por vendedor. A equipa insiste que o problema é novo, mas não quantifica bem quando começou. Se possível, manter com Miguel Santos porque já conhece o contexto do cliente. O cliente pediu retorno curto mesmo que ainda não haja solução final. O processo continua a funcionar e o pedido pode entrar em fila normal.",reporting,dashboards,melhoria para analisar,training_needed / medium / training_consulting,client_misunderstanding,low,support_level_1,Miguel Santos
SIS-2026-0255,TextilMinho,textile,Bug na confirmação de produção,"No chão de fábrica conseguem apontar tempos mas a ordem fica presa quando tentam fechar o consumo real. A descrição veio por telefone e foi resumida internamente. Ainda estamos a confirmar se acontece em todas as empresas do grupo ou só nesta. Se precisarem de mais detalhe, o contacto principal está disponível de tarde. O cliente consegue continuar de forma limitada, mas com custo operacional claro.",production,work_orders,parcialmente parado; precisamos esta semana,client_misunderstanding / medium / support_level_1,software_bug,high,development,
SIS-2026-0256,Cartonagem Douro,packaging,Need setup change in cost calculation,"Pode tocar financeiramente o negócio, portanto convém tratar com cuidado mesmo sem ser crítico. O utilizador admite que pode estar a seguir um passo desatualizado. Não é um bloqueio total; mesmo assim já está a consumir tempo e retrabalho.",production,cost_calculation,afeta uma equipa,,configuration_request,medium,technical_support,
SIS-2026-0257,FlexoPrime,printing,URGENTE - API externa deixou de responder,"Ainda não sabemos se o problema está no nosso lado, no certificado ou no parceiro. Já reiniciaram sessão, browser e posto, sem conclusão clara. Se precisarem de mais detalhe, o contacto principal está disponível de tarde. Existe impacto relevante no dia de trabalho, embora ainda haja algum contorno manual.",integrations,api,parcialmente parado,,infrastructure_problem,high,infrastructure,
SIS-2026-0258,Cartonagem Douro,packaging,Dashboard exporta ficheiro corrompido,"O dashboard apresenta valores no ecrã, mas o ficheiro exportado fica vazio ou com colunas trocadas. No ticket interno alguém escreveu “talvez seja processo”, mas sem certeza. Há alguma sensibilidade comercial, mas sem dramatização no pedido. O impacto é real, mas a equipa ainda consegue trabalhar com alguma contenção.",reporting,excel_export,há workaround parcial,configuration_request / medium / technical_support,software_bug,medium,technical_support,
SIS-2026-0259,EtiquetaFina,labels,E-invoice status stuck after sending,"Os documentos seguem para o operador, mas no ERP permanecem como pendentes e a equipa não sabe o que já foi realmente enviado. O cliente pediu retorno curto mesmo que ainda não haja solução final. O impacto reportado é imediato e o cliente diz que o processo principal ficou parado.",invoicing,e_invoice,todos bloqueados,client_misunderstanding / medium / support_level_1,data_issue,critical,technical_support,
SIS-2026-0260,PlastiCentro,plastics,Erro ao descarregar mapa para Excel,"Não é crítico para a operação minuto a minuto, mas o cliente usa este ficheiro em reunião com direção e o erro já foi reproduzido várias vezes. A equipa insiste que o problema é novo, mas não quantifica bem quando começou. Não é um bloqueio total; mesmo assim já está a consumir tempo e retrabalho.",reporting,excel_export,afeta uma equipa,configuration_request / medium / technical_support,software_bug,medium,technical_support,
SIS-2026-0261,EuroPackaging PT,packaging,Performance degradada no ERP,"Não temos um erro único; é degradação geral percebida por equipas diferentes. Ainda não anexaram prints, mas podem enviar. O cliente pediu retorno curto mesmo que ainda não haja solução final. O cliente consegue continuar de forma limitada, mas com custo operacional claro.",general,performance,fecho do mês,technical issue / high / infrastructure,infrastructure_problem,high,infrastructure,
SIS-2026-0262,FlexoPrime,printing,Pedido de campo extra na reclamação,"Mesmo sem urgência, é legítimo do ponto de vista de processo. O utilizador admite que pode estar a seguir um passo desatualizado. Há alguma sensibilidade comercial, mas sem dramatização no pedido. O processo continua a funcionar e o pedido pode entrar em fila normal.",CRM,complaints,melhoria para analisar,feature_request / low / account_management,feature_request,low,account_management,
SIS-2026-0263,TextilMinho,textile,Melhoria no SAF-T para auditoria interna,"O processo atual cumpre o mínimo necessário; este pedido é otimização operacional. A descrição veio por telefone e foi resumida internamente. No ticket interno alguém escreveu “talvez seja processo”, mas sem certeza. O impacto é real, mas a equipa ainda consegue trabalhar com alguma contenção.",accounting,saft_export,convém validar com alguma brevidade,,feature_request,medium,technical_support,
SIS-2026-0264,FibraSul,paper converting,Utilizadores relatam lentidão geral,"Não temos um erro único; é degradação geral percebida por equipas diferentes. Já reiniciaram sessão, browser e posto, sem conclusão clara. O cliente pediu retorno curto mesmo que ainda não haja solução final. O cliente consegue continuar de forma limitada, mas com custo operacional claro.",general,performance,afeta vários utilizadores,,infrastructure_problem,high,infrastructure,
SIS-2026-0265,EuroPackaging PT,packaging,Erro ao emitir fatura final,"O utilizador confirma que a série está certa e o problema só aparece quando tenta gravar o documento final. Ontem estavam a faturar normalmente. Há referência a outro ticket antigo, mas sem número. Se fizer sentido, podem manter o ticket com análise humana antes de encaminhar. Sem isto resolvido hoje, a operação financeira ou produtiva fica efetivamente bloqueada.",invoicing,invoice_emission,todos bloqueados,data_issue / high / technical_support,software_bug,critical,development,
SIS-2026-0266,TextilMinho,textile,Nova regra para overhead de produção,"A direção industrial quer que um custo indireto passe a entrar no cálculo base das ordens. O pedido entrou com pouco contexto e alguma pressa. O impacto é real, mas a equipa ainda consegue trabalhar com alguma contenção.",production,cost_calculation,precisamos esta semana,,configuration_request,medium,technical_support,Joao Pereira
SIS-2026-0267,NorteCartao,packaging,Treino sobre quadro de planeamento,"O cliente pediu “algo prático, não muito longo”. Ainda não anexaram prints, mas podem enviar. Se possível, manter com Ana Martins porque já conhece o contexto do cliente. Se fizer sentido, podem manter o ticket com análise humana antes de encaminhar. Não é um bloqueio total; mesmo assim já está a consumir tempo e retrabalho.",production,scheduling,precisamos esta semana,client_misunderstanding / medium / support_level_1,training_needed,medium,training_consulting,Ana Martins
SIS-2026-0268,GrafiNorte SA,printing,Como reordenar planeamento?,"O responsável de planeamento diz que o quadro parece “errado”, mas pelo print só mudou o filtro ativo no topo. Não há bloqueio operacional imediato; o valor aqui é mais de conveniência ou prevenção.",production,scheduling,sem bloqueio operacional; há workaround parcial,training_needed / medium / training_consulting,client_misunderstanding,low,support_level_1,Pedro Neves
SIS-2026-0269,EtiquetaFina,labels,Users are locked out of the platform,"É o tipo de situação em que errar para baixo custa mais do que escalar cedo. Já reiniciaram sessão, browser e posto, sem conclusão clara. O cliente pediu retorno curto mesmo que ainda não haja solução final. O impacto reportado é imediato e o cliente diz que o processo principal ficou parado.",general,login,produção parada,,infrastructure_problem,critical,infrastructure,Marta Silva
SIS-2026-0270,NorteCartao,packaging,Aprovação desaparece depois de validar,"Isto está a atrasar compras e requisições. Não parece ser apenas permissão porque o mesmo perfil funcionava até esta semana. Se precisarem de mais detalhe, o contacto principal está disponível de tarde. Existe impacto relevante no dia de trabalho, embora ainda haja algum contorno manual.",user_permissions,approvals,cliente à espera,,software_bug,high,development,Helena Rocha
SIS-2026-0271,EtiquetaFina,labels,Totais do diário diferentes entre ecrãs,"A contabilidade encontra o documento na origem mas os lançamentos associados não aparecem no diário final. A descrição veio por telefone e foi resumida internamente. Podemos recolher base de dados de exemplo se for preciso, mas ainda não foi pedido. Não é um bloqueio total; mesmo assim já está a consumir tempo e retrabalho.",accounting,journal_entries,afeta uma equipa; melhoria para analisar,,data_issue,medium,technical_support,
SIS-2026-0272,FlexoPrime,printing,Estado do e-invoice não atualiza,"Há registos técnicos por confirmar, por isso o ticket mistura dados, integração e possível bug. Ainda não anexaram prints, mas podem enviar. Há alguma sensibilidade comercial, mas sem dramatização no pedido. O impacto reportado é imediato e o cliente diz que o processo principal ficou parado.",invoicing,e_invoice,sem faturar,data_issue / medium / technical_support,data_issue,critical,technical_support,
SIS-2026-0273,MetalLabel,industrial manufacturing,Dados contabilísticos inconsistentes,"A contabilidade encontra o documento na origem mas os lançamentos associados não aparecem no diário final. Se possível, manter com Pedro Neves porque já conhece o contexto do cliente. O cliente pediu retorno curto mesmo que ainda não haja solução final. Não é um bloqueio total; mesmo assim já está a consumir tempo e retrabalho.",accounting,journal_entries,afeta uma equipa; quando possível,software_bug / high / development,data_issue,medium,technical_support,Pedro Neves
SIS-2026-0274,EuroPackaging PT,packaging,Equipa nova no armazém precisa de acompanhamento,"Pelo histórico, uma sessão curta deve ser mais útil do que responder caso a caso. O utilizador admite que pode estar a seguir um passo desatualizado. Há alguma sensibilidade comercial, mas sem dramatização no pedido. Não há bloqueio operacional imediato; o valor aqui é mais de conveniência ou prevenção.",stock,warehouse_transfer,sem bloqueio operacional,training_needed / low / training_consulting,training_needed,low,training_consulting,
SIS-2026-0275,MetalLabel,industrial manufacturing,Sessão de esclarecimento sobre indicadores,"O ticket também menciona números “estranhos”, mas sem evidência suficiente para classificar já como data issue. Existe suspeita de configuração, embora nada conclusivo. Há quem diga que é só configuração; outros acham que começou depois da última atualização. O processo continua a funcionar e o pedido pode entrar em fila normal.",reporting,dashboards,sem bloqueio operacional,training_needed / low / training_consulting,training_needed,low,training_consulting,
SIS-2026-0276,PlastiCentro,plastics,Ajustar regra EDI para novo cliente,"O fluxo atual funciona para os restantes clientes, por isso parece claramente tema de parametrização e não bug geral. Não é um bloqueio total; mesmo assim já está a consumir tempo e retrabalho.",integrations,edi,afeta uma equipa,feature_request / low / account_management,configuration_request,medium,technical_support,
SIS-2026-0277,TecnoRolo Iberia,industrial manufacturing,Utilizador não entende reconciliação de stock,"A equipa do armazém compara a contagem física com o sistema e interpreta a coluna de ajustamento como erro. Há referência a outro ticket antigo, mas sem número. O impacto é real, mas a equipa ainda consegue trabalhar com alguma contenção.",stock,inventory_counts,precisamos esta semana; fecho do mês,,configuration_request,medium,support_level_1,Marta Silva
SIS-2026-0278,Cartonagem Douro,packaging,Need training on warehouse movement process,"Há utilizadores novos no armazém e estão a abrir tickets diferentes para o mesmo processo de transferência. O pedido entrou com pouco contexto e alguma pressa. Ainda estamos a confirmar se acontece em todas as empresas do grupo ou só nesta. O cliente pediu retorno curto mesmo que ainda não haja solução final. O impacto é real, mas a equipa ainda consegue trabalhar com alguma contenção.",stock,warehouse_transfer,precisamos esta semana,client_misunderstanding / medium / support_level_1,training_needed,medium,training_consulting,Carla Sousa
SIS-2026-0279,AlfaForms,forms and labels,Integração fica intermitente durante o dia,"As chamadas para a API externa estão a falhar por timeout e as encomendas deixam de entrar automaticamente. A equipa insiste que o problema é novo, mas não quantifica bem quando começou. Se possível, manter com Joao Pereira porque já conhece o contexto do cliente. O cliente pediu retorno curto mesmo que ainda não haja solução final. O impacto reportado é imediato e o cliente diz que o processo principal ficou parado.",integrations,api,expedição parada,infrastructure_problem / high / infrastructure,infrastructure_problem,critical,infrastructure,Joao Pereira
SIS-2026-0280,Cartonagem Douro,packaging,Training needed for reporting dashboards,"O pedido nasceu depois de vários mal-entendidos, não de uma falha técnica confirmada. Ainda estamos a confirmar se acontece em todas as empresas do grupo ou só nesta. Se precisarem de mais detalhe, o contacto principal está disponível de tarde. Não há bloqueio operacional imediato; o valor aqui é mais de conveniência ou prevenção.",reporting,dashboards,quando possível,,training_needed,low,training_consulting,Miguel Santos
SIS-2026-0281,MetalLabel,industrial manufacturing,Relatórios grandes dão timeout,"Não é um incidente total do ERP, mas para certas equipas já travou trabalho relevante. Se fizer sentido, podem manter o ticket com análise humana antes de encaminhar. O impacto reportado é imediato e o cliente diz que o processo principal ficou parado.",reporting,custom_reports,todos bloqueados; cliente à espera,,infrastructure_problem,critical,infrastructure,
SIS-2026-0282,PlastiCentro,plastics,Adicionar aviso visual no shop floor,"Hoje conseguem trabalhar sem isso, mas a melhoria pouparia erros manuais e retrabalho. O texto original mistura português com inglês e foi limpo apenas o mínimo para ficar legível. Se fizer sentido, podem manter o ticket com análise humana antes de encaminhar. Não há bloqueio operacional imediato; o valor aqui é mais de conveniência ou prevenção.",production,shop_floor,quando possível,configuration_request / medium / technical_support,feature_request,low,technical_support,
SIS-2026-0283,TextilMinho,textile,Como anular documento sem apagar série?,Talvez valha confirmar se precisam de mini-guia em vez de intervenção técnica. Não há bloqueio operacional imediato; o valor aqui é mais de conveniência ou prevenção.,invoicing,credit_notes,quando possível,,client_misunderstanding,low,support_level_1,Joao Pereira
SIS-2026-0284,EuroPackaging PT,packaging,Pedido de formação no pipeline comercial,Não há avaria; a ideia é consolidar processo antes de aumentar utilizadores. O pedido entrou com pouco contexto e alguma pressa. Não há bloqueio operacional imediato; o valor aqui é mais de conveniência ou prevenção.,CRM,opportunities,sem bloqueio operacional; precisamos esta semana,client_misunderstanding / medium / support_level_1,training_needed,low,training_consulting,
SIS-2026-0285,NorteCartao,packaging,Urgent: Mismatch between KPI and detailed report,"Pode ser atraso de atualização, transformação do dado ou erro humano no filtro; ainda não está claro. Já reiniciaram sessão, browser e posto, sem conclusão clara. Há alguma sensibilidade comercial, mas sem dramatização no pedido. Não é um bloqueio total; mesmo assim já está a consumir tempo e retrabalho.",reporting,kpi_analysis,impacto moderado,,data_issue,medium,technical_support,Pedro Neves
SIS-2026-0286,FibraSul,paper converting,Aprovação desaparece depois de validar,"O diretor aprova o pedido e segundos depois o documento regressa ao estado pendente, como se a ação não tivesse ficado persistida. Pode ser necessário validar em ambiente real e não só em teste. Existe impacto relevante no dia de trabalho, embora ainda haja algum contorno manual.",user_permissions,approvals,afeta vários utilizadores,client_misunderstanding / medium / support_level_1,software_bug,high,development,
SIS-2026-0287,NorteCartao,packaging,Urgent: Workflow aprova e volta a pendente,"Isto está a atrasar compras e requisições. Não parece ser apenas permissão porque o mesmo perfil funcionava até esta semana. O pedido entrou com pouco contexto e alguma pressa. O cliente pediu retorno curto mesmo que ainda não haja solução final. O cliente consegue continuar de forma limitada, mas com custo operacional claro.",user_permissions,approvals,afeta vários utilizadores,configuration_request / medium / technical_support,software_bug,high,development,
SIS-2026-0288,FibraSul,paper converting,Urgent: Quantidades produzidas ficaram erradas,"A chefia diz que consegue continuar a produzir, só que a visibilidade de produção ficou pouco fiável. Pode ser necessário validar em ambiente real e não só em teste. Há quem diga que é só configuração; outros acham que começou depois da última atualização. O cliente consegue continuar de forma limitada, mas com custo operacional claro.",production,shop_floor,precisamos ainda hoje,software_bug / high / development,data_issue,high,technical_support,
SIS-2026-0289,AlfaForms,forms and labels,Gostávamos de anexar classificação interna,"O pedido não corrige falha atual; melhora rastreabilidade e reporting interno. Se possível, manter com Helena Rocha porque já conhece o contexto do cliente. Há alguma sensibilidade comercial, mas sem dramatização no pedido. Não há bloqueio operacional imediato; o valor aqui é mais de conveniência ou prevenção.",CRM,complaints,sem urgência,client_misunderstanding / low / support_level_1,feature_request,low,account_management,Helena Rocha
SIS-2026-0290,ValeFlex,printing,Dados agregados parecem errados,"Pode ser atraso de atualização, transformação do dado ou erro humano no filtro; ainda não está claro. Ainda estamos a confirmar se acontece em todas as empresas do grupo ou só nesta. Se fizer sentido, podem manter o ticket com análise humana antes de encaminhar. O cliente consegue continuar de forma limitada, mas com custo operacional claro.",reporting,kpi_analysis,fecho do mês,data_issue / medium / technical_support,data_issue,high,technical_support,Pedro Neves
SIS-2026-0291,FibraSul,paper converting,Ticket de qualidade não guarda comentário,"A equipa de qualidade abre a ficha mas ao anexar observações o ecrã fecha sem guardar. Ainda estamos a confirmar se acontece em todas as empresas do grupo ou só nesta. Se precisarem de mais detalhe, o contacto principal está disponível de tarde. Existe impacto relevante no dia de trabalho, embora ainda haja algum contorno manual.",CRM,complaints,fecho do mês,configuration_request / medium / technical_support,software_bug,high,development,
SIS-2026-0292,TextilMinho,textile,Timeout no motor de relatórios,"Não é um incidente total do ERP, mas para certas equipas já travou trabalho relevante. O pedido entrou com pouco contexto e alguma pressa. Há alguma sensibilidade comercial, mas sem dramatização no pedido. O cliente consegue continuar de forma limitada, mas com custo operacional claro.",reporting,custom_reports,precisamos ainda hoje,infrastructure_problem / high / infrastructure,infrastructure_problem,high,infrastructure,Carla Sousa
SIS-2026-0293,PrintWorks Porto,printing,Pedido de melhoria na integração,"Pode acabar por tocar arquitetura, então faz sentido classificar com algum cuidado técnico. O cliente pediu retorno curto mesmo que ainda não haja solução final. O impacto é real, mas a equipa ainda consegue trabalhar com alguma contenção.",integrations,webservices,há workaround parcial,client_misunderstanding / low / support_level_1,feature_request,medium,technical_support,Ana Martins
SIS-2026-0294,Cartonagem Douro,packaging,Dúvida funcional no planeamento,"Se for mesmo só orientação, convém não mandar logo para desenvolvimento. O cliente diz que ontem funcionava. No ticket interno alguém escreveu “talvez seja processo”, mas sem certeza. O cliente pediu retorno curto mesmo que ainda não haja solução final. O impacto é real, mas a equipa ainda consegue trabalhar com alguma contenção.",production,scheduling,afeta uma equipa; melhoria para analisar,software_bug / medium / technical_support,client_misunderstanding,medium,support_level_1,
SIS-2026-0295,AlfaForms,forms and labels,Relatório abre mas exportação falha,"Não é crítico para a operação minuto a minuto, mas o cliente usa este ficheiro em reunião com direção e o erro já foi reproduzido várias vezes. O utilizador admite que pode estar a seguir um passo desatualizado. O cliente pediu retorno curto mesmo que ainda não haja solução final. Não é um bloqueio total; mesmo assim já está a consumir tempo e retrabalho.",reporting,excel_export,convém validar com alguma brevidade,configuration_request / medium / technical_support,software_bug,medium,technical_support,
SIS-2026-0296,Braga Print House,printing,Dúvida funcional no planeamento,"Pode haver mistura de configuração com utilização normal. O texto do cliente não é conclusivo. A equipa insiste que o problema é novo, mas não quantifica bem quando começou. O texto original mistura português com inglês e foi limpo apenas o mínimo para ficar legível. O impacto é real, mas a equipa ainda consegue trabalhar com alguma contenção.",production,scheduling,convém validar com alguma brevidade; afeta vários utilizadores,client_misunderstanding / low / support_level_1,client_misunderstanding,medium,support_level_1,
SIS-2026-0297,ValeFlex,printing,Set up external accounting handoff,"O impacto é relevante porque sem isto o arranque comercial atrasa, mas o sistema em si continua operacional. O pedido entrou com pouco contexto e alguma pressa. Há quem diga que é só configuração; outros acham que começou depois da última atualização. O cliente pediu retorno curto mesmo que ainda não haja solução final. O cliente consegue continuar de forma limitada, mas com custo operacional claro.",integrations,edi,parcialmente parado; afeta uma equipa,client_misunderstanding / medium / support_level_1,configuration_request,high,technical_support,
SIS-2026-0298,FlexoPrime,printing,Training needed for reporting dashboards,"O ticket também menciona números “estranhos”, mas sem evidência suficiente para classificar já como data issue. Há alguma sensibilidade comercial, mas sem dramatização no pedido. O impacto é real, mas a equipa ainda consegue trabalhar com alguma contenção.",reporting,dashboards,há workaround parcial,training_needed / low / training_consulting,training_needed,medium,training_consulting,
SIS-2026-0299,NorteCartao,packaging,Feature request for complaint workflow,"O pedido não corrige falha atual; melhora rastreabilidade e reporting interno. Ainda não anexaram prints, mas podem enviar. Não há bloqueio operacional imediato; o valor aqui é mais de conveniência ou prevenção.",CRM,complaints,pode esperar; há workaround parcial,configuration_request / medium / technical_support,feature_request,low,account_management,Joao Pereira
SIS-2026-0300,MetalLabel,industrial manufacturing,Invoice fica presa no último passo,"Desde o início da manhã a equipa comercial consegue preparar a venda mas o documento falha no momento de emitir. Não temos mudança de processo do lado do cliente. No ticket interno alguém escreveu “talvez seja processo”, mas sem certeza. Sem isto resolvido hoje, a operação financeira ou produtiva fica efetivamente bloqueada.",invoicing,invoice_emission,sem faturar,client_misunderstanding / medium / support_level_1,software_bug,critical,development,
SIS-2026-0301,MetalLabel,industrial manufacturing,Mismatch between KPI and detailed report,"Pode ser atraso de atualização, transformação do dado ou erro humano no filtro; ainda não está claro. Existe suspeita de configuração, embora nada conclusivo. O impacto é real, mas a equipa ainda consegue trabalhar com alguma contenção.",reporting,kpi_analysis,afeta uma equipa,client_misunderstanding / medium / support_level_1,data_issue,medium,technical_support,
SIS-2026-0302,MetalLabel,industrial manufacturing,Mapeamento EDI precisa de novo campo,"O impacto é relevante porque sem isto o arranque comercial atrasa, mas o sistema em si continua operacional. O utilizador admite que pode estar a seguir um passo desatualizado. Podemos recolher base de dados de exemplo se for preciso, mas ainda não foi pedido. Existe impacto relevante no dia de trabalho, embora ainda haja algum contorno manual.",integrations,edi,fecho do mês,feature_request / low / account_management,configuration_request,high,technical_support,
SIS-2026-0303,EtiquetaFina,labels,Invoice fica presa no último passo,"A operação passa pelas linhas e cálculo do IVA, depois devolve erro e não gera número. O cliente está a segurar expedições à espera disto. A equipa insiste que o problema é novo, mas não quantifica bem quando começou. Se possível, manter com Helena Rocha porque já conhece o contexto do cliente. Se fizer sentido, podem manter o ticket com análise humana antes de encaminhar. Sem isto resolvido hoje, a operação financeira ou produtiva fica efetivamente bloqueada.",invoicing,invoice_emission,deadline hoje; cliente à espera,,software_bug,critical,development,Helena Rocha
SIS-2026-0304,EuroPackaging PT,packaging,Apontamentos desapareceram do shop floor,"Pode ser sincronização atrasada, mas também pode haver perda real de dados. A descrição veio por telefone e foi resumida internamente. O impacto é real, mas a equipa ainda consegue trabalhar com alguma contenção.",production,shop_floor,convém validar com alguma brevidade; cliente à espera,data_issue / medium / technical_support,data_issue,medium,technical_support,
SIS-2026-0305,LusoPack Embalagens,packaging,Precisa análise - Shop floor reports wrong production count,"Pode ser sincronização atrasada, mas também pode haver perda real de dados. No ticket interno alguém escreveu “talvez seja processo”, mas sem certeza. Se precisarem de mais detalhe, o contacto principal está disponível de tarde. O impacto é real, mas a equipa ainda consegue trabalhar com alguma contenção.",production,shop_floor,precisamos esta semana,data_issue / medium / technical_support,data_issue,medium,technical_support,
SIS-2026-0306,TecnoRolo Iberia,industrial manufacturing,Utilizador não encontra campo no CRM,"O pedido vem com pouca informação e pode ser simplesmente orientação funcional. Ainda não anexaram prints, mas podem enviar. O processo continua a funcionar e o pedido pode entrar em fila normal.",CRM,customer_cards,quando possível,,client_misunderstanding,low,support_level_1,
SIS-2026-0307,AlfaForms,forms and labels,Parametrizar validação fiscal para mercado novo,"Existe alguma pressão temporal porque o arranque está próximo, mas o pedido é planeado e não um bloqueio atual. Podemos recolher base de dados de exemplo se for preciso, mas ainda não foi pedido. Se precisarem de mais detalhe, o contacto principal está disponível de tarde. O cliente consegue continuar de forma limitada, mas com custo operacional claro.",invoicing,tax_validation,afeta vários utilizadores; expedição parada,feature_request / low / account_management,configuration_request,high,technical_support,
SIS-2026-0308,NorteCartao,packaging,Sessão de esclarecimento sobre indicadores,"A administração quer que a equipa intermédia interprete os indicadores da mesma forma antes da próxima revisão mensal. Há alguma sensibilidade comercial, mas sem dramatização no pedido. O impacto é real, mas a equipa ainda consegue trabalhar com alguma contenção.",reporting,dashboards,há workaround parcial,training_needed / low / training_consulting,training_needed,medium,training_consulting,
SIS-2026-0309,FibraSul,paper converting,Expor novo endpoint para parceiro,"Atualmente o processo é manual mas funcional, por isso continua a ser melhoria e não incidente. Já reiniciaram sessão, browser e posto, sem conclusão clara. O cliente pediu retorno curto mesmo que ainda não haja solução final. O cliente consegue continuar de forma limitada, mas com custo operacional claro.",integrations,webservices,precisamos ainda hoje,configuration_request / medium / technical_support,feature_request,high,technical_support,
SIS-2026-0310,FibraSul,paper converting,Pedido de formação sobre validação fiscal,"Por envolver faturação, às vezes estes tickets soam mais urgentes do que realmente são. Há referência a outro ticket antigo, mas sem número. Podemos recolher base de dados de exemplo se for preciso, mas ainda não foi pedido. O impacto é real, mas a equipa ainda consegue trabalhar com alguma contenção.",invoicing,tax_validation,há workaround parcial,training_needed / low / training_consulting,training_needed,medium,training_consulting,
SIS-2026-0311,FlexoPrime,printing,Pedido de novas permissões,"O cliente abriu uma nova função interna e quer limitar aprovação e consulta a um conjunto específico de utilizadores. O impacto é real, mas a equipa ainda consegue trabalhar com alguma contenção.",user_permissions,roles_profiles,afeta uma equipa; precisamos ainda hoje,configuration_request / medium / technical_support,configuration_request,medium,technical_support,
SIS-2026-0312,ValeFlex,printing,Bug no registo de reclamações,"Há dúvida se o anexo específico influencia, embora o padrão pareça de aplicação e não de processo. Ainda não anexaram prints, mas podem enviar. Se possível, manter com Ana Martins porque já conhece o contexto do cliente. Não há bloqueio operacional imediato; o valor aqui é mais de conveniência ou prevenção.",CRM,complaints,melhoria para analisar,configuration_request / medium / technical_support,software_bug,low,technical_support,Ana Martins
SIS-2026-0313,EuroPackaging PT,packaging,URGENTE - Documentos enviados aparecem pendentes,"Há registos técnicos por confirmar, por isso o ticket mistura dados, integração e possível bug. O texto original mistura português com inglês e foi limpo apenas o mínimo para ficar legível. O cliente pediu retorno curto mesmo que ainda não haja solução final. O cliente consegue continuar de forma limitada, mas com custo operacional claro.",invoicing,e_invoice,fecho do mês,software_bug / high / development,data_issue,high,technical_support,
SIS-2026-0314,PrintWorks Porto,printing,Cliente acha que o botão desapareceu,"Talvez valha confirmar se precisam de mini-guia em vez de intervenção técnica. O cliente diz que ontem funcionava. Se fizer sentido, podem manter o ticket com análise humana antes de encaminhar. Não há bloqueio operacional imediato; o valor aqui é mais de conveniência ou prevenção.",invoicing,credit_notes,quando possível; há workaround parcial,,client_misunderstanding,low,support_level_1,
SIS-2026-0315,PlastiCentro,plastics,E-invoice status stuck after sending,"O risco aqui é repetir envio ou parar faturação por excesso de prudência. O utilizador admite que pode estar a seguir um passo desatualizado. Há quem diga que é só configuração; outros acham que começou depois da última atualização. O cliente pediu retorno curto mesmo que ainda não haja solução final. O impacto é real, mas a equipa ainda consegue trabalhar com alguma contenção.",invoicing,e_invoice,afeta uma equipa,,data_issue,medium,technical_support,
SIS-2026-0316,Braga Print House,printing,Gostávamos de enriquecer o ficheiro SAFT,"Por tocar dados financeiros, o ticket parece sério, mas não é incidente nem bloqueio imediato. Existe suspeita de configuração, embora nada conclusivo. O texto original mistura português com inglês e foi limpo apenas o mínimo para ficar legível. Há alguma sensibilidade comercial, mas sem dramatização no pedido. O processo continua a funcionar e o pedido pode entrar em fila normal.",accounting,saft_export,quando possível,configuration_request / medium / technical_support,feature_request,low,technical_support,
SIS-2026-0317,PrintWorks Porto,printing,Ao fechar venda o documento não sai,"Desde o início da manhã a equipa comercial consegue preparar a venda mas o documento falha no momento de emitir. Não temos mudança de processo do lado do cliente. Ainda estamos a confirmar se acontece em todas as empresas do grupo ou só nesta. O cliente pediu retorno curto mesmo que ainda não haja solução final. Existe impacto relevante no dia de trabalho, embora ainda haja algum contorno manual.",invoicing,invoice_emission,afeta vários utilizadores,,software_bug,high,development,
SIS-2026-0318,EuroPackaging PT,packaging,Urgent: Password reset flow seems broken globally,"Vários utilizadores não recebem o email de recuperação e acabam sem conseguir entrar no sistema. Já reiniciaram sessão, browser e posto, sem conclusão clara. Há alguma sensibilidade comercial, mas sem dramatização no pedido. Sem isto resolvido hoje, a operação financeira ou produtiva fica efetivamente bloqueada.",user_permissions,password_policy,sem faturar,software_bug / high / development,infrastructure_problem,critical,infrastructure,
SIS-2026-0319,EtiquetaFina,labels,Question about customer card flow,"Não há indício claro de erro técnico; parece mais navegação ou diferença de permissões entre perfis. Ainda não anexaram prints, mas podem enviar. Se precisarem de mais detalhe, o contacto principal está disponível de tarde. O processo continua a funcionar e o pedido pode entrar em fila normal.",CRM,customer_cards,sem urgência; convém validar com alguma brevidade,software_bug / medium / technical_support,client_misunderstanding,low,support_level_1,
SIS-2026-0320,FibraSul,paper converting,Urgent: Stock movement totals look inflated,"O cliente já tentou validar filtros e datas; o problema parece estar mesmo nos dados gravados. Há referência a outro ticket antigo, mas sem número. O impacto é real, mas a equipa ainda consegue trabalhar com alguma contenção.",stock,stock_movements,precisamos esta semana; afeta vários utilizadores,software_bug / high / development,client_misunderstanding,medium,technical_support,
SIS-2026-0321,GrafiNorte SA,printing,Pedido de novo mapa por cliente e família,"O texto do cliente até usa a palavra “urgente”, mas no corpo fica claro que é por conveniência de reunião. No ticket interno alguém escreveu “talvez seja processo”, mas sem certeza. Não há bloqueio operacional imediato; o valor aqui é mais de conveniência ou prevenção.",reporting,custom_reports,sem urgência; convém validar com alguma brevidade,feature_request / low / account_management,feature_request,low,account_management,
SIS-2026-0322,EuroPackaging PT,packaging,Gostávamos de enriquecer o ficheiro SAFT,"A contabilidade quer incluir mais detalhe no ficheiro exportado para facilitar conferência interna. Pode ser necessário validar em ambiente real e não só em teste. No ticket interno alguém escreveu “talvez seja processo”, mas sem certeza. O cliente pediu retorno curto mesmo que ainda não haja solução final. Não há bloqueio operacional imediato; o valor aqui é mais de conveniência ou prevenção.",accounting,saft_export,sem urgência,,feature_request,low,technical_support,Pedro Neves
SIS-2026-0323,TextilMinho,textile,Feature request for complaint workflow,O pedido não corrige falha atual; melhora rastreabilidade e reporting interno. A descrição veio por telefone e foi resumida internamente. Não há bloqueio operacional imediato; o valor aqui é mais de conveniência ou prevenção.,CRM,complaints,melhoria para analisar; precisamos esta semana,feature_request / low / account_management,feature_request,low,account_management,Rui Costa
SIS-2026-0324,EtiquetaFina,labels,Precisa análise - Servidor de relatórios falha ao abrir mapas pesados,"Não é um incidente total do ERP, mas para certas equipas já travou trabalho relevante. O cliente pediu retorno curto mesmo que ainda não haja solução final. Não é um bloqueio total; mesmo assim já está a consumir tempo e retrabalho.",reporting,custom_reports,convém validar com alguma brevidade,software_bug / high / development,infrastructure_problem,medium,infrastructure,
SIS-2026-0325,TecnoRolo Iberia,industrial manufacturing,Pedido de novo mapa por cliente e família,"O processo atual funciona, mas a direção queria reduzir trabalho manual na preparação de um mapa mensal. Existe suspeita de configuração, embora nada conclusivo. No ticket interno alguém escreveu “talvez seja processo”, mas sem certeza. O cliente pediu retorno curto mesmo que ainda não haja solução final. O processo continua a funcionar e o pedido pode entrar em fila normal.",reporting,custom_reports,pode esperar; há workaround parcial,configuration_request / medium / technical_support,feature_request,low,account_management,
SIS-2026-0326,ValeFlex,printing,Workflow aprova e volta a pendente,"O diretor aprova o pedido e segundos depois o documento regressa ao estado pendente, como se a ação não tivesse ficado persistida. Não é um bloqueio total; mesmo assim já está a consumir tempo e retrabalho.",user_permissions,approvals,impacto moderado,configuration_request / medium / technical_support,software_bug,medium,technical_support,
SIS-2026-0327,EuroPackaging PT,packaging,Erro ao emitir fatura final,"Desde o início da manhã a equipa comercial consegue preparar a venda mas o documento falha no momento de emitir. Não temos mudança de processo do lado do cliente. Se fizer sentido, podem manter o ticket com análise humana antes de encaminhar. Sem isto resolvido hoje, a operação financeira ou produtiva fica efetivamente bloqueada.",invoicing,invoice_emission,produção parada,configuration_request / medium / technical_support,software_bug,critical,development,
SIS-2026-0328,Braga Print House,printing,Equipa comercial pede sessão curta de CRM,Não há avaria; a ideia é consolidar processo antes de aumentar utilizadores. O processo continua a funcionar e o pedido pode entrar em fila normal.,CRM,opportunities,quando possível,configuration_request / medium / technical_support,training_needed,low,training_consulting,
SIS-2026-0329,LusoPack Embalagens,packaging,Question about dashboard totals,O utilizador compara dois meses sem reparar que um dos painéis está filtrado por vendedor. Não é um bloqueio total; mesmo assim já está a consumir tempo e retrabalho.,reporting,dashboards,impacto moderado,,client_misunderstanding,medium,support_level_1,Pedro Neves
SIS-2026-0330,Braga Print House,printing,Quantidades produzidas ficaram erradas,"A chefia diz que consegue continuar a produzir, só que a visibilidade de produção ficou pouco fiável. O pedido entrou com pouco contexto e alguma pressa. Se fizer sentido, podem manter o ticket com análise humana antes de encaminhar. O impacto é real, mas a equipa ainda consegue trabalhar com alguma contenção.",production,shop_floor,convém validar com alguma brevidade,data_issue / medium / technical_support,data_issue,medium,technical_support,
SIS-2026-0331,LusoPack Embalagens,packaging,Mismatch between KPI and detailed report,"Como estes números entram em reunião de gestão, convém não desvalorizar logo como simples uso incorreto. Se precisarem de mais detalhe, o contacto principal está disponível de tarde. Não é um bloqueio total; mesmo assim já está a consumir tempo e retrabalho.",reporting,kpi_analysis,impacto moderado,software_bug / high / development,data_issue,medium,technical_support,
SIS-2026-0332,Cartonagem Douro,packaging,Users are locked out of the platform,"Não há alteração funcional pedida pelo cliente; tudo aponta para incidente de ambiente, autenticação ou infraestrutura. Há referência a outro ticket antigo, mas sem número. O texto original mistura português com inglês e foi limpo apenas o mínimo para ficar legível. Se precisarem de mais detalhe, o contacto principal está disponível de tarde. Sem isto resolvido hoje, a operação financeira ou produtiva fica efetivamente bloqueada.",general,login,todos bloqueados,infrastructure_problem / high / infrastructure,infrastructure_problem,critical,infrastructure,
SIS-2026-0333,TextilMinho,textile,Set up invoice validation for Spain branch,"Se faltarem detalhes legais, será preciso voltar ao cliente antes de mexer. Ainda não anexaram prints, mas podem enviar. Há alguma sensibilidade comercial, mas sem dramatização no pedido. O cliente consegue continuar de forma limitada, mas com custo operacional claro.",invoicing,tax_validation,parcialmente parado; sem faturar,,configuration_request,high,technical_support,
SIS-2026-0334,ValeFlex,printing,Change stage rules in opportunities flow,"Pode ficar a meio caminho entre configuração e melhoria, mas continua mais próximo de parametrização. O cliente pediu retorno curto mesmo que ainda não haja solução final. O cliente consegue continuar de forma limitada, mas com custo operacional claro.",CRM,commercial_pipeline,fecho do mês; impacto moderado,client_misunderstanding / medium / support_level_1,configuration_request,high,technical_support,
SIS-2026-0335,NorteCartao,packaging,Relatório abre mas exportação falha,"Não é crítico para a operação minuto a minuto, mas o cliente usa este ficheiro em reunião com direção e o erro já foi reproduzido várias vezes. Há referência a outro ticket antigo, mas sem número. Podemos recolher base de dados de exemplo se for preciso, mas ainda não foi pedido. Se fizer sentido, podem manter o ticket com análise humana antes de encaminhar. Não é um bloqueio total; mesmo assim já está a consumir tempo e retrabalho.",reporting,excel_export,impacto moderado,data_issue / high / technical_support,software_bug,medium,technical_support,
SIS-2026-0336,FlexoPrime,printing,Sessão de esclarecimento sobre transferências internas,"Mesmo assim o texto do pedido mistura “erro” e “não sabemos fazer”, o que o torna menos limpo do que um exemplo de manual. O utilizador admite que pode estar a seguir um passo desatualizado. O texto original mistura português com inglês e foi limpo apenas o mínimo para ficar legível. O processo continua a funcionar e o pedido pode entrar em fila normal.",stock,warehouse_transfer,quando possível,,training_needed,low,training_consulting,
SIS-2026-0337,Cartonagem Douro,packaging,Feature request for operator screen,"É o tipo de pedido que pode parecer bug para quem escreve o ticket, apesar de ser melhoria. Ainda não anexaram prints, mas podem enviar. Não há bloqueio operacional imediato; o valor aqui é mais de conveniência ou prevenção.",production,shop_floor,sem urgência,client_misunderstanding / low / support_level_1,feature_request,low,technical_support,
SIS-2026-0338,Braga Print House,printing,Gostávamos de anexar classificação interna,"O pedido não corrige falha atual; melhora rastreabilidade e reporting interno. Ainda não anexaram prints, mas podem enviar. O processo continua a funcionar e o pedido pode entrar em fila normal.",CRM,complaints,melhoria para analisar,client_misunderstanding / low / support_level_1,feature_request,low,account_management,Joao Pereira
SIS-2026-0339,EuroPackaging PT,packaging,Pedido de novo mapa por cliente e família,"O processo atual funciona, mas a direção queria reduzir trabalho manual na preparação de um mapa mensal. A equipa insiste que o problema é novo, mas não quantifica bem quando começou. Ainda estamos a confirmar se acontece em todas as empresas do grupo ou só nesta. O cliente pediu retorno curto mesmo que ainda não haja solução final. O processo continua a funcionar e o pedido pode entrar em fila normal.",reporting,custom_reports,sem urgência,configuration_request / medium / technical_support,feature_request,low,account_management,
SIS-2026-0340,PlastiCentro,plastics,Dúvida sobre ficha de cliente,A utilizadora diz que antes fazia esta alteração noutro ecrã e agora não encontra o campo correto. O utilizador admite que pode estar a seguir um passo desatualizado. O cliente pediu retorno curto mesmo que ainda não haja solução final. O processo continua a funcionar e o pedido pode entrar em fila normal.,CRM,customer_cards,quando possível; impacto moderado,client_misunderstanding / low / support_level_1,client_misunderstanding,low,support_level_1,Rui Costa
SIS-2026-0341,Braga Print House,printing,Bug nas aprovações internas,"O diretor aprova o pedido e segundos depois o documento regressa ao estado pendente, como se a ação não tivesse ficado persistida. Existe suspeita de configuração, embora nada conclusivo. Ainda estamos a confirmar se acontece em todas as empresas do grupo ou só nesta. Existe impacto relevante no dia de trabalho, embora ainda haja algum contorno manual.",user_permissions,approvals,parcialmente parado,configuration_request / medium / technical_support,software_bug,high,development,
SIS-2026-0342,NorteCartao,packaging,Linha não consegue terminar OF,"Parece um bug mais do que erro de utilização porque o comportamento repete-se em utilizadores diferentes e com ordens diferentes. Se possível, manter com Miguel Santos porque já conhece o contexto do cliente. Se fizer sentido, podem manter o ticket com análise humana antes de encaminhar. O impacto é real, mas a equipa ainda consegue trabalhar com alguma contenção.",production,work_orders,há workaround parcial,data_issue / high / technical_support,software_bug,medium,technical_support,Miguel Santos
SIS-2026-0343,AlfaForms,forms and labels,Ticket de qualidade não guarda comentário,"Há dúvida se o anexo específico influencia, embora o padrão pareça de aplicação e não de processo. A equipa insiste que o problema é novo, mas não quantifica bem quando começou. Não é um bloqueio total; mesmo assim já está a consumir tempo e retrabalho.",CRM,complaints,precisamos esta semana,client_misunderstanding / medium / support_level_1,software_bug,medium,technical_support,
SIS-2026-0344,EuroPackaging PT,packaging,Estado do e-invoice não atualiza,O risco aqui é repetir envio ou parar faturação por excesso de prudência. O pedido entrou com pouco contexto e alguma pressa. Não é um bloqueio total; mesmo assim já está a consumir tempo e retrabalho.,invoicing,e_invoice,precisamos esta semana; sem urgência,data_issue / medium / technical_support,data_issue,medium,technical_support,
SIS-2026-0345,AlfaForms,forms and labels,E-invoice status stuck after sending,"Há registos técnicos por confirmar, por isso o ticket mistura dados, integração e possível bug. O pedido entrou com pouco contexto e alguma pressa. Se precisarem de mais detalhe, o contacto principal está disponível de tarde. Sem isto resolvido hoje, a operação financeira ou produtiva fica efetivamente bloqueada.",invoicing,e_invoice,sem faturar; afeta vários utilizadores,data_issue / medium / technical_support,data_issue,critical,technical_support,
SIS-2026-0346,AlfaForms,forms and labels,Dúvida sobre ficha de cliente,"Não há indício claro de erro técnico; parece mais navegação ou diferença de permissões entre perfis. Há referência a outro ticket antigo, mas sem número. O impacto é real, mas a equipa ainda consegue trabalhar com alguma contenção.",CRM,customer_cards,impacto moderado,client_misunderstanding / low / support_level_1,client_misunderstanding,medium,support_level_1,
SIS-2026-0347,EuroPackaging PT,packaging,Gostávamos de enriquecer o ficheiro SAFT,"A contabilidade quer incluir mais detalhe no ficheiro exportado para facilitar conferência interna. Pode ser necessário validar em ambiente real e não só em teste. Se precisarem de mais detalhe, o contacto principal está disponível de tarde. Não há bloqueio operacional imediato; o valor aqui é mais de conveniência ou prevenção.",accounting,saft_export,sem bloqueio operacional,,feature_request,low,technical_support,
SIS-2026-0348,TecnoRolo Iberia,industrial manufacturing,Precisa análise - Servidor de relatórios falha ao abrir mapas pesados,"Não é um incidente total do ERP, mas para certas equipas já travou trabalho relevante. O pedido entrou com pouco contexto e alguma pressa. O cliente consegue continuar de forma limitada, mas com custo operacional claro.",reporting,custom_reports,parcialmente parado,software_bug / high / development,infrastructure_problem,high,infrastructure,
SIS-2026-0349,Braga Print House,printing,CRM precisa de workflow diferente,"A equipa comercial quer separar pré-orçamento de proposta formal e hoje isso está tudo na mesma etapa. Ainda não anexaram prints, mas podem enviar. Há quem diga que é só configuração; outros acham que começou depois da última atualização. Se fizer sentido, podem manter o ticket com análise humana antes de encaminhar. O impacto é real, mas a equipa ainda consegue trabalhar com alguma contenção.",CRM,commercial_pipeline,precisamos esta semana; quando possível,feature_request / low / account_management,configuration_request,medium,technical_support,
SIS-2026-0350,PrintWorks Porto,printing,Equipa nova no armazém precisa de acompanhamento,"Pelo histórico, uma sessão curta deve ser mais útil do que responder caso a caso. A descrição veio por telefone e foi resumida internamente. Há alguma sensibilidade comercial, mas sem dramatização no pedido. O impacto é real, mas a equipa ainda consegue trabalhar com alguma contenção.",stock,warehouse_transfer,convém validar com alguma brevidade; sem urgência,client_misunderstanding / medium / support_level_1,training_needed,medium,training_consulting,
SIS-2026-0351,EtiquetaFina,labels,URGENTE - Saldo do armazém não bate com histórico,Depois de uma integração/importação noturna apareceram movimentos em duplicado e o saldo disponível ficou acima do físico. O pedido entrou com pouco contexto e alguma pressa. O impacto reportado é imediato e o cliente diz que o processo principal ficou parado.,stock,stock_movements,sem faturar,software_bug / high / development,data_issue,critical,technical_support,
SIS-2026-0352,Cartonagem Douro,packaging,Armazém pede formação em transferências,"Há utilizadores novos no armazém e estão a abrir tickets diferentes para o mesmo processo de transferência. Podemos recolher base de dados de exemplo se for preciso, mas ainda não foi pedido. O processo continua a funcionar e o pedido pode entrar em fila normal.",stock,warehouse_transfer,quando possível,client_misunderstanding / medium / support_level_1,training_needed,low,training_consulting,
SIS-2026-0353,EuroPackaging PT,packaging,Question about dashboard totals,"Ainda assim, a descrição não é cristalina e vale validar antes de assumir erro do cliente. Já reiniciaram sessão, browser e posto, sem conclusão clara. Não há bloqueio operacional imediato; o valor aqui é mais de conveniência ou prevenção.",reporting,dashboards,sem urgência,training_needed / medium / training_consulting,client_misunderstanding,low,support_level_1,
SIS-2026-0354,FibraSul,paper converting,Dados de chão de fábrica não batem,"Os operadores lançaram quantidades em turno anterior, mas no dia seguinte parte dos apontamentos já não aparece. Há referência a outro ticket antigo, mas sem número. O texto original mistura português com inglês e foi limpo apenas o mínimo para ficar legível. Não é um bloqueio total; mesmo assim já está a consumir tempo e retrabalho.",production,shop_floor,convém validar com alguma brevidade; cliente à espera,software_bug / high / development,data_issue,medium,technical_support,
SIS-2026-0355,Braga Print House,printing,Expor novo endpoint para parceiro,O parceiro quer receber confirmação automática depois do envio do documento. O utilizador admite que pode estar a seguir um passo desatualizado. Não é um bloqueio total; mesmo assim já está a consumir tempo e retrabalho.,integrations,webservices,afeta uma equipa,client_misunderstanding / low / support_level_1,feature_request,medium,technical_support,
SIS-2026-0356,EuroPackaging PT,packaging,Utilizador não percebe comparação mensal,"O utilizador compara dois meses sem reparar que um dos painéis está filtrado por vendedor. Pode ser necessário validar em ambiente real e não só em teste. Há alguma sensibilidade comercial, mas sem dramatização no pedido. Existe impacto relevante no dia de trabalho, embora ainda haja algum contorno manual.",reporting,dashboards,parcialmente parado; deadline hoje,training_needed / medium / training_consulting,client_misunderstanding,high,support_level_1,Joao Pereira
SIS-2026-0357,FibraSul,paper converting,Gostávamos de enriquecer o ficheiro SAFT,"Por tocar dados financeiros, o ticket parece sério, mas não é incidente nem bloqueio imediato. Existe suspeita de configuração, embora nada conclusivo. Se precisarem de mais detalhe, o contacto principal está disponível de tarde. O processo continua a funcionar e o pedido pode entrar em fila normal.",accounting,saft_export,melhoria para analisar; impacto moderado,,feature_request,low,technical_support,
SIS-2026-0358,PrintWorks Porto,printing,Gostávamos de relatório extra para direção,"O texto do cliente até usa a palavra “urgente”, mas no corpo fica claro que é por conveniência de reunião. Pode ser necessário validar em ambiente real e não só em teste. Se fizer sentido, podem manter o ticket com análise humana antes de encaminhar. Não é um bloqueio total; mesmo assim já está a consumir tempo e retrabalho.",reporting,custom_reports,afeta uma equipa; cliente à espera,configuration_request / medium / technical_support,feature_request,medium,account_management,
SIS-2026-0359,TextilMinho,textile,Question about customer card flow,"O pedido vem com pouca informação e pode ser simplesmente orientação funcional. O pedido entrou com pouco contexto e alguma pressa. Se possível, manter com Rui Costa porque já conhece o contexto do cliente. Há alguma sensibilidade comercial, mas sem dramatização no pedido. Não é um bloqueio total; mesmo assim já está a consumir tempo e retrabalho.",CRM,customer_cards,convém validar com alguma brevidade,,client_misunderstanding,medium,support_level_1,Rui Costa
SIS-2026-0360,EuroPackaging PT,packaging,Totais do diário diferentes entre ecrãs,"Ainda existe hipótese de filtro ou período contabilístico incorreto, por isso o relato fica um pouco ambíguo. Existe impacto relevante no dia de trabalho, embora ainda haja algum contorno manual.",accounting,journal_entries,afeta vários utilizadores,data_issue / medium / technical_support,data_issue,high,technical_support,Carla Sousa
SIS-2026-0361,EtiquetaFina,labels,Treino sobre quadro de planeamento,"Não parece haver defeito técnico. O ganho aqui é reduzir decisões inconsistentes e chamadas repetidas. O utilizador admite que pode estar a seguir um passo desatualizado. Se fizer sentido, podem manter o ticket com análise humana antes de encaminhar. O processo continua a funcionar e o pedido pode entrar em fila normal.",production,scheduling,quando possível,configuration_request / medium / technical_support,training_needed,low,training_consulting,
SIS-2026-0362,FlexoPrime,printing,CRM precisa de workflow diferente,"Pode ficar a meio caminho entre configuração e melhoria, mas continua mais próximo de parametrização. Se possível, manter com Joao Pereira porque já conhece o contexto do cliente. Se fizer sentido, podem manter o ticket com análise humana antes de encaminhar. O impacto é real, mas a equipa ainda consegue trabalhar com alguma contenção.",CRM,commercial_pipeline,precisamos esta semana,configuration_request / medium / technical_support,configuration_request,medium,technical_support,Joao Pereira
SIS-2026-0363,NorteCartao,packaging,Dados de faturação ficaram incoerentes,"Há registos técnicos por confirmar, por isso o ticket mistura dados, integração e possível bug. Ainda não anexaram prints, mas podem enviar. Sem isto resolvido hoje, a operação financeira ou produtiva fica efetivamente bloqueada.",invoicing,e_invoice,produção parada,,data_issue,critical,technical_support,
SIS-2026-0364,GrafiNorte SA,printing,Sessão para equipa de planeamento,"O cliente pediu “algo prático, não muito longo”. O pedido entrou com pouco contexto e alguma pressa. Se precisarem de mais detalhe, o contacto principal está disponível de tarde. Não é um bloqueio total; mesmo assim já está a consumir tempo e retrabalho.",production,scheduling,precisamos esta semana,training_needed / low / training_consulting,training_needed,medium,training_consulting,
SIS-2026-0365,GrafiNorte SA,printing,Integração fica intermitente durante o dia,"Ainda não sabemos se o problema está no nosso lado, no certificado ou no parceiro. A descrição veio por telefone e foi resumida internamente. O cliente pediu retorno curto mesmo que ainda não haja solução final. Não é um bloqueio total; mesmo assim já está a consumir tempo e retrabalho.",integrations,api,convém validar com alguma brevidade,technical issue / high / infrastructure,infrastructure_problem,medium,infrastructure,Helena Rocha
SIS-2026-0366,TextilMinho,textile,URGENTE - API externa deixou de responder,"Ainda não sabemos se o problema está no nosso lado, no certificado ou no parceiro. A descrição veio por telefone e foi resumida internamente. Há alguma sensibilidade comercial, mas sem dramatização no pedido. O impacto reportado é imediato e o cliente diz que o processo principal ficou parado.",integrations,api,deadline hoje,technical issue / high / infrastructure,infrastructure_problem,critical,infrastructure,
SIS-2026-0367,FibraSul,paper converting,Pedido de formação no pipeline comercial,"Entraram duas pessoas novas e o gestor quer uma sessão prática para evitar oportunidades mal fechadas. A equipa insiste que o problema é novo, mas não quantifica bem quando começou. Se precisarem de mais detalhe, o contacto principal está disponível de tarde. O processo continua a funcionar e o pedido pode entrar em fila normal.",CRM,opportunities,quando possível,,training_needed,low,training_consulting,Rui Costa
SIS-2026-0368,GrafiNorte SA,printing,Utilizador não entende reconciliação de stock,"Pelo relato, a lógica do ecrã pode estar correta e a dificuldade é perceber o significado dos estados. Já reiniciaram sessão, browser e posto, sem conclusão clara. O impacto é real, mas a equipa ainda consegue trabalhar com alguma contenção.",stock,inventory_counts,convém validar com alguma brevidade,training_needed / medium / training_consulting,client_misunderstanding,medium,support_level_1,
SIS-2026-0369,EtiquetaFina,labels,Dashboard exporta ficheiro corrompido,"Já reiniciaram sessão e browser, sem diferença. Parece acontecer apenas no passo final da exportação. Existe suspeita de configuração, embora nada conclusivo. O processo continua a funcionar e o pedido pode entrar em fila normal.",reporting,excel_export,melhoria para analisar,,software_bug,low,technical_support,
SIS-2026-0370,Braga Print House,printing,Utilizador não percebe comparação mensal,"O pedido vem escrito de forma apressada, sem anexos e com números contraditórios. O pedido entrou com pouco contexto e alguma pressa. Há alguma sensibilidade comercial, mas sem dramatização no pedido. O processo continua a funcionar e o pedido pode entrar em fila normal.",reporting,dashboards,sem bloqueio operacional,training_needed / medium / training_consulting,client_misunderstanding,low,support_level_1,
SIS-2026-0371,NorteCartao,packaging,Change stage rules in opportunities flow,"Pode ficar a meio caminho entre configuração e melhoria, mas continua mais próximo de parametrização. O utilizador admite que pode estar a seguir um passo desatualizado. O texto original mistura português com inglês e foi limpo apenas o mínimo para ficar legível. Se fizer sentido, podem manter o ticket com análise humana antes de encaminhar. Existe impacto relevante no dia de trabalho, embora ainda haja algum contorno manual.",CRM,commercial_pipeline,cliente à espera; convém validar com alguma brevidade,configuration_request / medium / technical_support,configuration_request,high,technical_support,
SIS-2026-0372,Braga Print House,printing,Pedido de configuração na integração,"Entrou um parceiro novo e o ficheiro precisa de levar um identificador adicional antes de seguir para o destino. Já reiniciaram sessão, browser e posto, sem conclusão clara. Se precisarem de mais detalhe, o contacto principal está disponível de tarde. O impacto é real, mas a equipa ainda consegue trabalhar com alguma contenção.",integrations,edi,impacto moderado,configuration_request / medium / technical_support,configuration_request,medium,technical_support,Ana Martins
SIS-2026-0373,TextilMinho,textile,Pedido de melhoria na integração,"Atualmente o processo é manual mas funcional, por isso continua a ser melhoria e não incidente. A equipa insiste que o problema é novo, mas não quantifica bem quando começou. Se possível, manter com Ana Martins porque já conhece o contexto do cliente. Se precisarem de mais detalhe, o contacto principal está disponível de tarde. O processo continua a funcionar e o pedido pode entrar em fila normal.",integrations,webservices,quando possível; afeta uma equipa,feature_request / low / account_management,feature_request,low,technical_support,Ana Martins
SIS-2026-0374,EtiquetaFina,labels,Need clarification on scheduling board,"Se for mesmo só orientação, convém não mandar logo para desenvolvimento. Existe suspeita de configuração, embora nada conclusivo. Se possível, manter com Helena Rocha porque já conhece o contexto do cliente. Podemos recolher base de dados de exemplo se for preciso, mas ainda não foi pedido. Há alguma sensibilidade comercial, mas sem dramatização no pedido. Não é um bloqueio total; mesmo assim já está a consumir tempo e retrabalho.",production,scheduling,afeta uma equipa,software_bug / medium / technical_support,client_misunderstanding,medium,support_level_1,Helena Rocha
SIS-2026-0375,Braga Print House,printing,Erro ao descarregar mapa para Excel,"Já reiniciaram sessão e browser, sem diferença. Parece acontecer apenas no passo final da exportação. O cliente pediu retorno curto mesmo que ainda não haja solução final. O impacto é real, mas a equipa ainda consegue trabalhar com alguma contenção.",reporting,excel_export,precisamos esta semana,,software_bug,medium,technical_support,
SIS-2026-0376,TecnoRolo Iberia,industrial manufacturing,Set up external accounting handoff,"O impacto é relevante porque sem isto o arranque comercial atrasa, mas o sistema em si continua operacional. Ainda não anexaram prints, mas podem enviar. Se fizer sentido, podem manter o ticket com análise humana antes de encaminhar. O impacto é real, mas a equipa ainda consegue trabalhar com alguma contenção.",integrations,edi,há workaround parcial; sem urgência,,configuration_request,medium,technical_support,Carla Sousa
SIS-2026-0377,PrintWorks Porto,printing,Precisa análise - Users are locked out of the platform,"Não há alteração funcional pedida pelo cliente; tudo aponta para incidente de ambiente, autenticação ou infraestrutura. Se possível, manter com Joao Pereira porque já conhece o contexto do cliente. Ainda estamos a confirmar se acontece em todas as empresas do grupo ou só nesta. Sem isto resolvido hoje, a operação financeira ou produtiva fica efetivamente bloqueada.",general,login,sem faturar; afeta vários utilizadores,infrastructure_problem / high / infrastructure,infrastructure_problem,critical,infrastructure,Joao Pereira
SIS-2026-0378,ValeFlex,printing,Nova opção na ficha de ocorrência,"A área de qualidade queria registar um código interno adicional para análise futura. Ainda não anexaram prints, mas podem enviar. Se possível, manter com Joao Pereira porque já conhece o contexto do cliente. Se precisarem de mais detalhe, o contacto principal está disponível de tarde. Não há bloqueio operacional imediato; o valor aqui é mais de conveniência ou prevenção.",CRM,complaints,quando possível; impacto moderado,feature_request / low / account_management,feature_request,low,account_management,Joao Pereira
SIS-2026-0379,PrintWorks Porto,printing,Pedido de formação no pipeline comercial,Não há avaria; a ideia é consolidar processo antes de aumentar utilizadores. Há quem diga que é só configuração; outros acham que começou depois da última atualização. O cliente pediu retorno curto mesmo que ainda não haja solução final. O processo continua a funcionar e o pedido pode entrar em fila normal.,CRM,opportunities,pode esperar,training_needed / low / training_consulting,training_needed,low,training_consulting,
SIS-2026-0380,GrafiNorte SA,printing,Login intermitente no ambiente,"Desde cerca das 08:30 vários utilizadores recebem erro no login ou ficam presos depois de autenticar. O cliente diz que ontem funcionava. O cliente consegue continuar de forma limitada, mas com custo operacional claro.",general,login,afeta vários utilizadores,software_bug / high / development,infrastructure_problem,high,infrastructure,
SIS-2026-0381,Cartonagem Douro,packaging,Novo detalhe no export contabilístico,"A contabilidade quer incluir mais detalhe no ficheiro exportado para facilitar conferência interna. Existe suspeita de configuração, embora nada conclusivo. No ticket interno alguém escreveu “talvez seja processo”, mas sem certeza. Não é um bloqueio total; mesmo assim já está a consumir tempo e retrabalho.",accounting,saft_export,afeta uma equipa,configuration_request / medium / technical_support,feature_request,medium,technical_support,
SIS-2026-0382,LusoPack Embalagens,packaging,Utilizador não percebe comparação mensal,"O pedido vem escrito de forma apressada, sem anexos e com números contraditórios. Existe suspeita de configuração, embora nada conclusivo. Se possível, manter com Joao Pereira porque já conhece o contexto do cliente. O cliente pediu retorno curto mesmo que ainda não haja solução final. Não é um bloqueio total; mesmo assim já está a consumir tempo e retrabalho.",reporting,dashboards,impacto moderado,client_misunderstanding / low / support_level_1,client_misunderstanding,medium,support_level_1,Joao Pereira
SIS-2026-0383,NorteCartao,packaging,Problema transversal no processo de login,"O cliente ainda não sabe dizer se afeta todos os domínios ou só alguns. A equipa insiste que o problema é novo, mas não quantifica bem quando começou. Se precisarem de mais detalhe, o contacto principal está disponível de tarde. Existe impacto relevante no dia de trabalho, embora ainda haja algum contorno manual.",user_permissions,password_policy,afeta vários utilizadores,technical issue / high / infrastructure,infrastructure_problem,high,infrastructure,
SIS-2026-0384,TecnoRolo Iberia,industrial manufacturing,Urgent: Journal entries missing after import,"A contabilidade encontra o documento na origem mas os lançamentos associados não aparecem no diário final. Pode ser necessário validar em ambiente real e não só em teste. O cliente consegue continuar de forma limitada, mas com custo operacional claro.",accounting,journal_entries,precisamos ainda hoje; impacto moderado,data_issue / medium / technical_support,client_misunderstanding,high,technical_support,
SIS-2026-0385,FibraSul,paper converting,Reset de palavra-passe não chega por email,"Pode parecer permissão ou suporte simples, mas a escala do problema aponta para algo mais transversal. Se possível, manter com Pedro Neves porque já conhece o contexto do cliente. Existe impacto relevante no dia de trabalho, embora ainda haja algum contorno manual.",user_permissions,password_policy,cliente à espera,software_bug / high / development,infrastructure_problem,high,infrastructure,Pedro Neves
SIS-2026-0386,TecnoRolo Iberia,industrial manufacturing,Feature request for SAFT extra columns,"A contabilidade quer incluir mais detalhe no ficheiro exportado para facilitar conferência interna. Há referência a outro ticket antigo, mas sem número. Se possível, manter com Miguel Santos porque já conhece o contexto do cliente. Se fizer sentido, podem manter o ticket com análise humana antes de encaminhar. Não há bloqueio operacional imediato; o valor aqui é mais de conveniência ou prevenção.",accounting,saft_export,quando possível,feature_request / low / account_management,feature_request,low,technical_support,Miguel Santos
SIS-2026-0387,TecnoRolo Iberia,industrial manufacturing,Feature request for management report,"O texto do cliente até usa a palavra “urgente”, mas no corpo fica claro que é por conveniência de reunião. Há referência a outro ticket antigo, mas sem número. Há quem diga que é só configuração; outros acham que começou depois da última atualização. Se fizer sentido, podem manter o ticket com análise humana antes de encaminhar. O processo continua a funcionar e o pedido pode entrar em fila normal.",reporting,custom_reports,sem urgência,,feature_request,low,account_management,
SIS-2026-0388,ValeFlex,printing,Urgent: Shop floor reports wrong production count,"A chefia diz que consegue continuar a produzir, só que a visibilidade de produção ficou pouco fiável. Existe suspeita de configuração, embora nada conclusivo. Se fizer sentido, podem manter o ticket com análise humana antes de encaminhar. O impacto é real, mas a equipa ainda consegue trabalhar com alguma contenção.",production,shop_floor,impacto moderado,software_bug / high / development,data_issue,medium,technical_support,
SIS-2026-0389,MetalLabel,industrial manufacturing,Cliente acha que o botão desapareceu,"Há ansiedade porque envolve faturação, mas o fluxo esperado continua disponível e parece ser questão de procedimento. O utilizador admite que pode estar a seguir um passo desatualizado. Se precisarem de mais detalhe, o contacto principal está disponível de tarde. O impacto é real, mas a equipa ainda consegue trabalhar com alguma contenção.",invoicing,credit_notes,afeta uma equipa,client_misunderstanding / low / support_level_1,client_misunderstanding,medium,support_level_1,Helena Rocha
SIS-2026-0390,TextilMinho,textile,Password reset flow seems broken globally,"Pode parecer permissão ou suporte simples, mas a escala do problema aponta para algo mais transversal. Há referência a outro ticket antigo, mas sem número. Se possível, manter com Carla Sousa porque já conhece o contexto do cliente. Existe impacto relevante no dia de trabalho, embora ainda haja algum contorno manual.",user_permissions,password_policy,precisamos ainda hoje,,infrastructure_problem,high,infrastructure,Carla Sousa
SIS-2026-0391,NorteCartao,packaging,Equipa financeira pede sessão orientada,"Não existe bloqueio atual, mas houve erros operacionais recentes e querem reduzir risco humano. Não é um bloqueio total; mesmo assim já está a consumir tempo e retrabalho.",invoicing,tax_validation,há workaround parcial,configuration_request / medium / technical_support,training_needed,medium,training_consulting,Ana Martins
SIS-2026-0392,TecnoRolo Iberia,industrial manufacturing,Export Excel sai vazio,"Já reiniciaram sessão e browser, sem diferença. Parece acontecer apenas no passo final da exportação. O cliente diz que ontem funcionava. O cliente pediu retorno curto mesmo que ainda não haja solução final. Não há bloqueio operacional imediato; o valor aqui é mais de conveniência ou prevenção.",reporting,excel_export,sem bloqueio operacional,,software_bug,low,technical_support,
SIS-2026-0393,Braga Print House,printing,Need refresher on scheduling board,"O cliente pediu “algo prático, não muito longo”. Já reiniciaram sessão, browser e posto, sem conclusão clara. O cliente pediu retorno curto mesmo que ainda não haja solução final. O impacto é real, mas a equipa ainda consegue trabalhar com alguma contenção.",production,scheduling,precisamos esta semana,,training_needed,medium,training_consulting,Joao Pereira
SIS-2026-0394,TextilMinho,textile,Sessão de esclarecimento sobre indicadores,"O pedido nasceu depois de vários mal-entendidos, não de uma falha técnica confirmada. Existe suspeita de configuração, embora nada conclusivo. No ticket interno alguém escreveu “talvez seja processo”, mas sem certeza. Há alguma sensibilidade comercial, mas sem dramatização no pedido. O processo continua a funcionar e o pedido pode entrar em fila normal.",reporting,dashboards,melhoria para analisar; há workaround parcial,configuration_request / medium / technical_support,training_needed,low,training_consulting,
SIS-2026-0395,ValeFlex,printing,Nova opção na ficha de ocorrência,"Mesmo sem urgência, é legítimo do ponto de vista de processo. O utilizador admite que pode estar a seguir um passo desatualizado. Se possível, manter com Carla Sousa porque já conhece o contexto do cliente. Não há bloqueio operacional imediato; o valor aqui é mais de conveniência ou prevenção.",CRM,complaints,pode esperar,,feature_request,low,account_management,Carla Sousa
SIS-2026-0396,FibraSul,paper converting,Utilizador não percebe comparação mensal,"O utilizador compara dois meses sem reparar que um dos painéis está filtrado por vendedor. O impacto é real, mas a equipa ainda consegue trabalhar com alguma contenção.",reporting,dashboards,há workaround parcial,,client_misunderstanding,medium,support_level_1,Rui Costa
SIS-2026-0397,GrafiNorte SA,printing,Sessão de esclarecimento sobre indicadores,"O pedido nasceu depois de vários mal-entendidos, não de uma falha técnica confirmada. O cliente diz que ontem funcionava. Se possível, manter com Rui Costa porque já conhece o contexto do cliente. Se fizer sentido, podem manter o ticket com análise humana antes de encaminhar. O impacto é real, mas a equipa ainda consegue trabalhar com alguma contenção.",reporting,dashboards,há workaround parcial,,training_needed,medium,training_consulting,Rui Costa
SIS-2026-0398,TextilMinho,textile,Utilizador não entende reconciliação de stock,"O ticket é um pouco ambíguo porque mencionam “valores errados”, mas sem prova de corrupção de dados. O pedido entrou com pouco contexto e alguma pressa. Se possível, manter com Rui Costa porque já conhece o contexto do cliente. O texto original mistura português com inglês e foi limpo apenas o mínimo para ficar legível. Se fizer sentido, podem manter o ticket com análise humana antes de encaminhar. Não é um bloqueio total; mesmo assim já está a consumir tempo e retrabalho.",stock,inventory_counts,impacto moderado,,client_misunderstanding,medium,support_level_1,Rui Costa
SIS-2026-0399,ValeFlex,printing,Pedido de parametrização no cálculo de custos,"A direção industrial quer que um custo indireto passe a entrar no cálculo base das ordens. Pode ser necessário validar em ambiente real e não só em teste. Se fizer sentido, podem manter o ticket com análise humana antes de encaminhar. O impacto é real, mas a equipa ainda consegue trabalhar com alguma contenção.",production,cost_calculation,há workaround parcial,configuration_request / medium / technical_support,configuration_request,medium,technical_support,Pedro Neves
SIS-2026-0400,ValeFlex,printing,Parametrizar validação fiscal para mercado novo,"O cliente vai abrir operação em mercado novo e precisa de validar NIF e regras fiscais de forma diferente. Pode ser necessário validar em ambiente real e não só em teste. O texto original mistura português com inglês e foi limpo apenas o mínimo para ficar legível. Se precisarem de mais detalhe, o contacto principal está disponível de tarde. Existe impacto relevante no dia de trabalho, embora ainda haja algum contorno manual.",invoicing,tax_validation,precisamos ainda hoje,,configuration_request,high,technical_support,
SIS-2026-0401,PrintWorks Porto,printing,Question about customer card flow,O pedido vem com pouca informação e pode ser simplesmente orientação funcional. O pedido entrou com pouco contexto e alguma pressa. O cliente pediu retorno curto mesmo que ainda não haja solução final. Não é um bloqueio total; mesmo assim já está a consumir tempo e retrabalho.,CRM,customer_cards,há workaround parcial; pode esperar,,client_misunderstanding,medium,support_level_1,
SIS-2026-0402,AlfaForms,forms and labels,Parametrizar validação fiscal para mercado novo,"Existe alguma pressão temporal porque o arranque está próximo, mas o pedido é planeado e não um bloqueio atual. Pode ser necessário validar em ambiente real e não só em teste. O texto original mistura português com inglês e foi limpo apenas o mínimo para ficar legível. O cliente consegue continuar de forma limitada, mas com custo operacional claro.",invoicing,tax_validation,parcialmente parado; expedição parada,configuration_request / medium / technical_support,configuration_request,high,technical_support,
SIS-2026-0403,GrafiNorte SA,printing,Sessão para equipa de planeamento,"Não parece haver defeito técnico. O ganho aqui é reduzir decisões inconsistentes e chamadas repetidas. Existe suspeita de configuração, embora nada conclusivo. O cliente consegue continuar de forma limitada, mas com custo operacional claro.",production,scheduling,fecho do mês,configuration_request / medium / technical_support,training_needed,high,training_consulting,
SIS-2026-0404,GrafiNorte SA,printing,Lançamentos desapareceram do diário,"A contabilidade encontra o documento na origem mas os lançamentos associados não aparecem no diário final. Se possível, manter com Rui Costa porque já conhece o contexto do cliente. Há alguma sensibilidade comercial, mas sem dramatização no pedido. O cliente consegue continuar de forma limitada, mas com custo operacional claro.",accounting,journal_entries,parcialmente parado,,data_issue,high,technical_support,Rui Costa
SIS-2026-0405,ValeFlex,printing,Adicionar aviso visual no shop floor,"Os operadores pedem um aviso mais visível quando a ordem já está concluída para evitar lançamentos repetidos. Se precisarem de mais detalhe, o contacto principal está disponível de tarde. O processo continua a funcionar e o pedido pode entrar em fila normal.",production,shop_floor,melhoria para analisar,configuration_request / medium / technical_support,feature_request,low,technical_support,
SIS-2026-0406,Cartonagem Douro,packaging,Adicionar aviso visual no shop floor,"Hoje conseguem trabalhar sem isso, mas a melhoria pouparia erros manuais e retrabalho. Pode ser necessário validar em ambiente real e não só em teste. Se possível, manter com Ana Martins porque já conhece o contexto do cliente. Há alguma sensibilidade comercial, mas sem dramatização no pedido. Existe impacto relevante no dia de trabalho, embora ainda haja algum contorno manual.",production,shop_floor,parcialmente parado; expedição parada,feature_request / low / account_management,feature_request,high,technical_support,Ana Martins
SIS-2026-0407,PlastiCentro,plastics,Ticket de qualidade não guarda comentário,"A equipa de qualidade abre a ficha mas ao anexar observações o ecrã fecha sem guardar. A equipa insiste que o problema é novo, mas não quantifica bem quando começou. Podemos recolher base de dados de exemplo se for preciso, mas ainda não foi pedido. Há alguma sensibilidade comercial, mas sem dramatização no pedido. Não é um bloqueio total; mesmo assim já está a consumir tempo e retrabalho.",CRM,complaints,precisamos esta semana,client_misunderstanding / medium / support_level_1,software_bug,medium,technical_support,
SIS-2026-0408,NorteCartao,packaging,Expor novo endpoint para parceiro,O parceiro quer receber confirmação automática depois do envio do documento. O cliente pediu retorno curto mesmo que ainda não haja solução final. O processo continua a funcionar e o pedido pode entrar em fila normal.,integrations,webservices,sem bloqueio operacional,client_misunderstanding / low / support_level_1,feature_request,low,technical_support,
SIS-2026-0409,EuroPackaging PT,packaging,Feature request for management report,"Não é correção nem parametrização urgente; é melhoria com valor de negócio se entrar em backlog. O cliente diz que ontem funcionava. Se possível, manter com Joao Pereira porque já conhece o contexto do cliente. Se precisarem de mais detalhe, o contacto principal está disponível de tarde. O processo continua a funcionar e o pedido pode entrar em fila normal.",reporting,custom_reports,sem urgência,feature_request / low / account_management,feature_request,low,account_management,Joao Pereira
SIS-2026-0410,FlexoPrime,printing,Criar perfil para supervisores de turno,"Há alguma urgência porque o arranque do processo foi esta semana, mas não é incidente técnico. Ainda não anexaram prints, mas podem enviar. Se fizer sentido, podem manter o ticket com análise humana antes de encaminhar. O impacto é real, mas a equipa ainda consegue trabalhar com alguma contenção.",user_permissions,roles_profiles,impacto moderado,client_misunderstanding / medium / support_level_1,configuration_request,medium,technical_support,Pedro Neves
SIS-2026-0411,EtiquetaFina,labels,Urgent: Problema transversal no processo de login,"O cliente ainda não sabe dizer se afeta todos os domínios ou só alguns. Se precisarem de mais detalhe, o contacto principal está disponível de tarde. Existe impacto relevante no dia de trabalho, embora ainda haja algum contorno manual.",user_permissions,password_policy,fecho do mês,,infrastructure_problem,high,infrastructure,
SIS-2026-0412,Braga Print House,printing,Como reordenar planeamento?,"Se for mesmo só orientação, convém não mandar logo para desenvolvimento. A descrição veio por telefone e foi resumida internamente. Se precisarem de mais detalhe, o contacto principal está disponível de tarde. O impacto é real, mas a equipa ainda consegue trabalhar com alguma contenção.",production,scheduling,precisamos esta semana,,client_misunderstanding,medium,support_level_1,
SIS-2026-0413,FlexoPrime,printing,Formação rápida para leitura de dashboards,"O pedido nasceu depois de vários mal-entendidos, não de uma falha técnica confirmada. Ainda estamos a confirmar se acontece em todas as empresas do grupo ou só nesta. O cliente pediu retorno curto mesmo que ainda não haja solução final. Não há bloqueio operacional imediato; o valor aqui é mais de conveniência ou prevenção.",reporting,dashboards,pode esperar,training_needed / low / training_consulting,training_needed,low,training_consulting,Pedro Neves
SIS-2026-0414,Braga Print House,printing,Ordem de fabrico bloqueia ao lançar consumo,"Parece um bug mais do que erro de utilização porque o comportamento repete-se em utilizadores diferentes e com ordens diferentes. Se precisarem de mais detalhe, o contacto principal está disponível de tarde. O impacto é real, mas a equipa ainda consegue trabalhar com alguma contenção.",production,work_orders,impacto moderado; pode esperar,data_issue / high / technical_support,software_bug,medium,technical_support,Rui Costa
SIS-2026-0415,PrintWorks Porto,printing,URGENTE - Export Excel sai vazio,"Não é crítico para a operação minuto a minuto, mas o cliente usa este ficheiro em reunião com direção e o erro já foi reproduzido várias vezes. Ainda estamos a confirmar se acontece em todas as empresas do grupo ou só nesta. O cliente pediu retorno curto mesmo que ainda não haja solução final. O impacto é real, mas a equipa ainda consegue trabalhar com alguma contenção.",reporting,excel_export,há workaround parcial,,software_bug,medium,technical_support,Miguel Santos
SIS-2026-0416,AlfaForms,forms and labels,Acesso ao Sistrade falha para quase todos,"Desde cerca das 08:30 vários utilizadores recebem erro no login ou ficam presos depois de autenticar. Há referência a outro ticket antigo, mas sem número. Ainda estamos a confirmar se acontece em todas as empresas do grupo ou só nesta. Há alguma sensibilidade comercial, mas sem dramatização no pedido. O cliente consegue continuar de forma limitada, mas com custo operacional claro.",general,login,precisamos ainda hoje,infrastructure_problem / high / infrastructure,infrastructure_problem,high,infrastructure,
SIS-2026-0417,AlfaForms,forms and labels,Dúvida no fecho de contagem,"A equipa do armazém compara a contagem física com o sistema e interpreta a coluna de ajustamento como erro. Se fizer sentido, podem manter o ticket com análise humana antes de encaminhar. Não é um bloqueio total; mesmo assim já está a consumir tempo e retrabalho.",stock,inventory_counts,precisamos esta semana,client_misunderstanding / low / support_level_1,client_misunderstanding,medium,support_level_1,
SIS-2026-0418,GrafiNorte SA,printing,Equipa nova no armazém precisa de acompanhamento,"Há utilizadores novos no armazém e estão a abrir tickets diferentes para o mesmo processo de transferência. A descrição veio por telefone e foi resumida internamente. No ticket interno alguém escreveu “talvez seja processo”, mas sem certeza. Se precisarem de mais detalhe, o contacto principal está disponível de tarde. Não é um bloqueio total; mesmo assim já está a consumir tempo e retrabalho.",stock,warehouse_transfer,há workaround parcial; parcialmente parado,training_needed / low / training_consulting,training_needed,medium,training_consulting,
SIS-2026-0419,MetalLabel,industrial manufacturing,Set up invoice validation for Spain branch,"Se faltarem detalhes legais, será preciso voltar ao cliente antes de mexer. O pedido entrou com pouco contexto e alguma pressa. O cliente consegue continuar de forma limitada, mas com custo operacional claro.",invoicing,tax_validation,cliente à espera,configuration_request / medium / technical_support,configuration_request,high,technical_support,
SIS-2026-0420,Cartonagem Douro,packaging,Pedido de formação sobre validação fiscal,"O responsável financeiro quer alinhar a equipa sobre o que deve ser validado antes de emitir. Já reiniciaram sessão, browser e posto, sem conclusão clara. Se fizer sentido, podem manter o ticket com análise humana antes de encaminhar. Não há bloqueio operacional imediato; o valor aqui é mais de conveniência ou prevenção.",invoicing,tax_validation,sem bloqueio operacional,,training_needed,low,training_consulting,
SIS-2026-0421,ValeFlex,printing,Equipa financeira pede sessão orientada,"Não existe bloqueio atual, mas houve erros operacionais recentes e querem reduzir risco humano. Há alguma sensibilidade comercial, mas sem dramatização no pedido. O impacto é real, mas a equipa ainda consegue trabalhar com alguma contenção.",invoicing,tax_validation,precisamos esta semana,configuration_request / medium / technical_support,training_needed,medium,training_consulting,
SIS-2026-0422,TextilMinho,textile,Parametrização de acessos para novo processo,Não existe falha atual; é uma alteração de parametrização para acomodar processo novo. O utilizador admite que pode estar a seguir um passo desatualizado. Não é um bloqueio total; mesmo assim já está a consumir tempo e retrabalho.,user_permissions,roles_profiles,precisamos esta semana,,configuration_request,medium,technical_support,
SIS-2026-0423,EtiquetaFina,labels,Equipa comercial pede sessão curta de CRM,"Entraram duas pessoas novas e o gestor quer uma sessão prática para evitar oportunidades mal fechadas. O utilizador admite que pode estar a seguir um passo desatualizado. Se precisarem de mais detalhe, o contacto principal está disponível de tarde. O processo continua a funcionar e o pedido pode entrar em fila normal.",CRM,opportunities,melhoria para analisar,client_misunderstanding / medium / support_level_1,training_needed,low,training_consulting,Marta Silva
SIS-2026-0424,PrintWorks Porto,printing,Relatório abre mas exportação falha,"Não é crítico para a operação minuto a minuto, mas o cliente usa este ficheiro em reunião com direção e o erro já foi reproduzido várias vezes. Já reiniciaram sessão, browser e posto, sem conclusão clara. O cliente pediu retorno curto mesmo que ainda não haja solução final. O cliente consegue continuar de forma limitada, mas com custo operacional claro.",reporting,excel_export,precisamos ainda hoje,data_issue / high / technical_support,software_bug,high,development,Ana Martins
SIS-2026-0425,FlexoPrime,printing,Set up invoice validation for Spain branch,"Existe alguma pressão temporal porque o arranque está próximo, mas o pedido é planeado e não um bloqueio atual. Há quem diga que é só configuração; outros acham que começou depois da última atualização. Se precisarem de mais detalhe, o contacto principal está disponível de tarde. O cliente consegue continuar de forma limitada, mas com custo operacional claro.",invoicing,tax_validation,fecho do mês,,configuration_request,high,technical_support,
SIS-2026-0426,TecnoRolo Iberia,industrial manufacturing,Workflow aprova e volta a pendente,"O diretor aprova o pedido e segundos depois o documento regressa ao estado pendente, como se a ação não tivesse ficado persistida. Já reiniciaram sessão, browser e posto, sem conclusão clara. Se fizer sentido, podem manter o ticket com análise humana antes de encaminhar. O cliente consegue continuar de forma limitada, mas com custo operacional claro.",user_permissions,approvals,precisamos ainda hoje,data_issue / high / technical_support,software_bug,high,development,
SIS-2026-0427,TextilMinho,textile,Dados de chão de fábrica não batem,"Pode ser sincronização atrasada, mas também pode haver perda real de dados. Existe suspeita de configuração, embora nada conclusivo. O cliente pediu retorno curto mesmo que ainda não haja solução final. Existe impacto relevante no dia de trabalho, embora ainda haja algum contorno manual.",production,shop_floor,parcialmente parado,client_misunderstanding / medium / support_level_1,data_issue,high,technical_support,
SIS-2026-0428,NorteCartao,packaging,Dados contabilísticos inconsistentes,"A contabilidade encontra o documento na origem mas os lançamentos associados não aparecem no diário final. A equipa insiste que o problema é novo, mas não quantifica bem quando começou. O cliente pediu retorno curto mesmo que ainda não haja solução final. O cliente consegue continuar de forma limitada, mas com custo operacional claro.",accounting,journal_entries,afeta vários utilizadores,software_bug / high / development,data_issue,high,technical_support,Joao Pereira
SIS-2026-0429,FlexoPrime,printing,Webservice failing on production calls,"O cliente consegue contornar manualmente por algum tempo, mas há custo operacional imediato. O pedido entrou com pouco contexto e alguma pressa. Se precisarem de mais detalhe, o contacto principal está disponível de tarde. Existe impacto relevante no dia de trabalho, embora ainda haja algum contorno manual.",integrations,api,precisamos ainda hoje,software_bug / high / development,infrastructure_problem,high,infrastructure,
SIS-2026-0430,NorteCartao,packaging,Precisa análise - Ordem de fabrico bloqueia ao lançar consumo,"No chão de fábrica conseguem apontar tempos mas a ordem fica presa quando tentam fechar o consumo real. A descrição veio por telefone e foi resumida internamente. Se precisarem de mais detalhe, o contacto principal está disponível de tarde. Existe impacto relevante no dia de trabalho, embora ainda haja algum contorno manual.",production,work_orders,cliente à espera,client_misunderstanding / medium / support_level_1,software_bug,high,development,
SIS-2026-0431,LusoPack Embalagens,packaging,Relatórios grandes dão timeout,"Não é um incidente total do ERP, mas para certas equipas já travou trabalho relevante. Existe impacto relevante no dia de trabalho, embora ainda haja algum contorno manual.",reporting,custom_reports,fecho do mês,software_bug / high / development,infrastructure_problem,high,infrastructure,
SIS-2026-0432,FibraSul,paper converting,Utilizador não percebe comparação mensal,"Ainda assim, a descrição não é cristalina e vale validar antes de assumir erro do cliente. O cliente pediu retorno curto mesmo que ainda não haja solução final. Não há bloqueio operacional imediato; o valor aqui é mais de conveniência ou prevenção.",reporting,dashboards,sem bloqueio operacional,training_needed / medium / training_consulting,client_misunderstanding,low,support_level_1,
SIS-2026-0433,MetalLabel,industrial manufacturing,Equipa financeira pede sessão orientada,"O responsável financeiro quer alinhar a equipa sobre o que deve ser validado antes de emitir. O pedido entrou com pouco contexto e alguma pressa. Se possível, manter com Miguel Santos porque já conhece o contexto do cliente. No ticket interno alguém escreveu “talvez seja processo”, mas sem certeza. Não é um bloqueio total; mesmo assim já está a consumir tempo e retrabalho.",invoicing,tax_validation,convém validar com alguma brevidade,client_misunderstanding / medium / support_level_1,training_needed,medium,training_consulting,Miguel Santos
SIS-2026-0434,AlfaForms,forms and labels,Need setup change in cost calculation,"Não se trata de erro; o pedido é alinhar o sistema com prática interna que mudou no trimestre. Se possível, manter com Rui Costa porque já conhece o contexto do cliente. Há alguma sensibilidade comercial, mas sem dramatização no pedido. Não é um bloqueio total; mesmo assim já está a consumir tempo e retrabalho.",production,cost_calculation,convém validar com alguma brevidade; parcialmente parado,feature_request / low / account_management,configuration_request,medium,technical_support,Rui Costa
SIS-2026-0435,EuroPackaging PT,packaging,Gostávamos de relatório extra para direção,"O processo atual funciona, mas a direção queria reduzir trabalho manual na preparação de um mapa mensal. Não é um bloqueio total; mesmo assim já está a consumir tempo e retrabalho.",reporting,custom_reports,há workaround parcial,configuration_request / medium / technical_support,feature_request,medium,account_management,Helena Rocha
SIS-2026-0436,PrintWorks Porto,printing,Pedido de configuração IVA,"Existe alguma pressão temporal porque o arranque está próximo, mas o pedido é planeado e não um bloqueio atual. Ainda estamos a confirmar se acontece em todas as empresas do grupo ou só nesta. O impacto é real, mas a equipa ainda consegue trabalhar com alguma contenção.",invoicing,tax_validation,precisamos esta semana,configuration_request / medium / technical_support,configuration_request,medium,technical_support,
SIS-2026-0437,EuroPackaging PT,packaging,Ticket de qualidade não guarda comentário,"O cliente não chama isto urgente, mas já perdeu registos e está a duplicar trabalho manualmente. Ainda não anexaram prints, mas podem enviar. Podemos recolher base de dados de exemplo se for preciso, mas ainda não foi pedido. Se precisarem de mais detalhe, o contacto principal está disponível de tarde. O processo continua a funcionar e o pedido pode entrar em fila normal.",CRM,complaints,melhoria para analisar,client_misunderstanding / medium / support_level_1,software_bug,low,technical_support,Ana Martins
SIS-2026-0438,FibraSul,paper converting,Set up invoice validation for Spain branch,"O cliente vai abrir operação em mercado novo e precisa de validar NIF e regras fiscais de forma diferente. Ainda não anexaram prints, mas podem enviar. Existe impacto relevante no dia de trabalho, embora ainda haja algum contorno manual.",invoicing,tax_validation,parcialmente parado,client_misunderstanding / medium / support_level_1,configuration_request,high,technical_support,Helena Rocha
SIS-2026-0439,TextilMinho,textile,New API endpoint for external portal,"O parceiro quer receber confirmação automática depois do envio do documento. A equipa insiste que o problema é novo, mas não quantifica bem quando começou. O cliente pediu retorno curto mesmo que ainda não haja solução final. Não há bloqueio operacional imediato; o valor aqui é mais de conveniência ou prevenção.",integrations,webservices,pode esperar,configuration_request / medium / technical_support,feature_request,low,technical_support,Pedro Neves
SIS-2026-0440,ValeFlex,printing,Gostávamos de enriquecer o ficheiro SAFT,"Por tocar dados financeiros, o ticket parece sério, mas não é incidente nem bloqueio imediato. A equipa insiste que o problema é novo, mas não quantifica bem quando começou. Se fizer sentido, podem manter o ticket com análise humana antes de encaminhar. Não há bloqueio operacional imediato; o valor aqui é mais de conveniência ou prevenção.",accounting,saft_export,quando possível; há workaround parcial,,feature_request,low,technical_support,Pedro Neves
SIS-2026-0441,TecnoRolo Iberia,industrial manufacturing,Alterar fórmula de custo standard,"Não se trata de erro; o pedido é alinhar o sistema com prática interna que mudou no trimestre. Pode ser necessário validar em ambiente real e não só em teste. Se possível, manter com Joao Pereira porque já conhece o contexto do cliente. Ainda estamos a confirmar se acontece em todas as empresas do grupo ou só nesta. Há alguma sensibilidade comercial, mas sem dramatização no pedido. O impacto é real, mas a equipa ainda consegue trabalhar com alguma contenção.",production,cost_calculation,convém validar com alguma brevidade,client_misunderstanding / medium / support_level_1,configuration_request,medium,technical_support,Joao Pereira
SIS-2026-0442,AlfaForms,forms and labels,Utilizadores relatam lentidão geral,"O sistema abre, mas quase todos os ecrãs demoram demasiado tempo e alguns acabam por falhar. A descrição veio por telefone e foi resumida internamente. O cliente pediu retorno curto mesmo que ainda não haja solução final. Existe impacto relevante no dia de trabalho, embora ainda haja algum contorno manual.",general,performance,afeta vários utilizadores,software_bug / high / development,infrastructure_problem,high,infrastructure,
SIS-2026-0443,EuroPackaging PT,packaging,Dúvida no fecho de contagem,"A equipa do armazém compara a contagem física com o sistema e interpreta a coluna de ajustamento como erro. Há alguma sensibilidade comercial, mas sem dramatização no pedido. O impacto é real, mas a equipa ainda consegue trabalhar com alguma contenção.",stock,inventory_counts,há workaround parcial,,client_misunderstanding,medium,support_level_1,Miguel Santos
SIS-2026-0444,EtiquetaFina,labels,Onde editar morada fiscal do cliente?,"Não há indício claro de erro técnico; parece mais navegação ou diferença de permissões entre perfis. O texto original mistura português com inglês e foi limpo apenas o mínimo para ficar legível. Se fizer sentido, podem manter o ticket com análise humana antes de encaminhar. O processo continua a funcionar e o pedido pode entrar em fila normal.",CRM,customer_cards,sem urgência,,client_misunderstanding,low,support_level_1,
SIS-2026-0445,Cartonagem Douro,packaging,Gostávamos de anexar classificação interna,"A área de qualidade queria registar um código interno adicional para análise futura. A descrição veio por telefone e foi resumida internamente. Há alguma sensibilidade comercial, mas sem dramatização no pedido. O processo continua a funcionar e o pedido pode entrar em fila normal.",CRM,complaints,sem urgência,configuration_request / medium / technical_support,feature_request,low,account_management,
SIS-2026-0446,Cartonagem Douro,packaging,Nova regra para overhead de produção,"A direção industrial quer que um custo indireto passe a entrar no cálculo base das ordens. Pode ser necessário validar em ambiente real e não só em teste. Se fizer sentido, podem manter o ticket com análise humana antes de encaminhar. Não é um bloqueio total; mesmo assim já está a consumir tempo e retrabalho.",production,cost_calculation,precisamos esta semana,,configuration_request,medium,technical_support,Helena Rocha
SIS-2026-0447,ValeFlex,printing,Expor novo endpoint para parceiro,"Atualmente o processo é manual mas funcional, por isso continua a ser melhoria e não incidente. O processo continua a funcionar e o pedido pode entrar em fila normal.",integrations,webservices,melhoria para analisar,client_misunderstanding / low / support_level_1,feature_request,low,technical_support,
SIS-2026-0448,FlexoPrime,printing,URGENTE - Acesso ao Sistrade falha para quase todos,Desde cerca das 08:30 vários utilizadores recebem erro no login ou ficam presos depois de autenticar. O texto original mistura português com inglês e foi limpo apenas o mínimo para ficar legível. O impacto reportado é imediato e o cliente diz que o processo principal ficou parado.,general,login,deadline hoje,infrastructure_problem / high / infrastructure,infrastructure_problem,critical,infrastructure,
SIS-2026-0449,LusoPack Embalagens,packaging,Question about customer card flow,"A utilizadora diz que antes fazia esta alteração noutro ecrã e agora não encontra o campo correto. Existe suspeita de configuração, embora nada conclusivo. Podemos recolher base de dados de exemplo se for preciso, mas ainda não foi pedido. O cliente pediu retorno curto mesmo que ainda não haja solução final. Não há bloqueio operacional imediato; o valor aqui é mais de conveniência ou prevenção.",CRM,customer_cards,pode esperar,training_needed / medium / training_consulting,client_misunderstanding,low,support_level_1,
SIS-2026-0450,FibraSul,paper converting,Reporting environment unstable,"Ainda não é claro se o problema é consulta, servidor de reporting ou volume fora do normal. O cliente diz que ontem funcionava. Não é um bloqueio total; mesmo assim já está a consumir tempo e retrabalho.",reporting,custom_reports,há workaround parcial,technical issue / high / infrastructure,infrastructure_problem,medium,infrastructure,
SIS-2026-0451,NorteCartao,packaging,URGENTE - Performance degradada no ERP,"Pode ser capacidade, base de dados, rede ou tarefa de fundo, por isso a triagem precisa de ser prudente. Ainda não anexaram prints, mas podem enviar. Se possível, manter com Miguel Santos porque já conhece o contexto do cliente. O cliente pediu retorno curto mesmo que ainda não haja solução final. O cliente consegue continuar de forma limitada, mas com custo operacional claro.",general,performance,cliente à espera,software_bug / high / development,infrastructure_problem,high,infrastructure,Miguel Santos
SIS-2026-0452,PlastiCentro,plastics,Erro ao emitir fatura final,"O utilizador confirma que a série está certa e o problema só aparece quando tenta gravar o documento final. Ontem estavam a faturar normalmente. Se fizer sentido, podem manter o ticket com análise humana antes de encaminhar. Sem isto resolvido hoje, a operação financeira ou produtiva fica efetivamente bloqueada.",invoicing,invoice_emission,todos bloqueados,configuration_request / medium / technical_support,software_bug,critical,development,
SIS-2026-0453,GrafiNorte SA,printing,Feature request for operator screen,"Hoje conseguem trabalhar sem isso, mas a melhoria pouparia erros manuais e retrabalho. Se fizer sentido, podem manter o ticket com análise humana antes de encaminhar. Não há bloqueio operacional imediato; o valor aqui é mais de conveniência ou prevenção.",production,shop_floor,pode esperar,,feature_request,low,technical_support,
SIS-2026-0454,MetalLabel,industrial manufacturing,Reporting environment unstable,"Os relatórios pequenos abrem, mas os mais pesados entram em timeout de forma consistente. O cliente consegue continuar de forma limitada, mas com custo operacional claro.",reporting,custom_reports,parcialmente parado,infrastructure_problem / high / infrastructure,infrastructure_problem,high,infrastructure,Helena Rocha
SIS-2026-0455,LusoPack Embalagens,packaging,Adjust role to allow approval only,"Há alguma urgência porque o arranque do processo foi esta semana, mas não é incidente técnico. Existe suspeita de configuração, embora nada conclusivo. No ticket interno alguém escreveu “talvez seja processo”, mas sem certeza. Há alguma sensibilidade comercial, mas sem dramatização no pedido. Não é um bloqueio total; mesmo assim já está a consumir tempo e retrabalho.",user_permissions,roles_profiles,precisamos esta semana,,configuration_request,medium,technical_support,Joao Pereira
SIS-2026-0456,FlexoPrime,printing,Armazém pede formação em transferências,"Mesmo assim o texto do pedido mistura “erro” e “não sabemos fazer”, o que o torna menos limpo do que um exemplo de manual. Há referência a outro ticket antigo, mas sem número. Não é um bloqueio total; mesmo assim já está a consumir tempo e retrabalho.",stock,warehouse_transfer,afeta uma equipa; fecho do mês,training_needed / low / training_consulting,training_needed,medium,training_consulting,
SIS-2026-0457,FibraSul,paper converting,Totais do diário diferentes entre ecrãs,"Ainda existe hipótese de filtro ou período contabilístico incorreto, por isso o relato fica um pouco ambíguo. O cliente pediu retorno curto mesmo que ainda não haja solução final. O impacto é real, mas a equipa ainda consegue trabalhar com alguma contenção.",accounting,journal_entries,convém validar com alguma brevidade; sem urgência,,data_issue,medium,technical_support,
SIS-2026-0458,AlfaForms,forms and labels,Dúvida funcional no planeamento,"Pode haver mistura de configuração com utilização normal. O texto do cliente não é conclusivo. O pedido entrou com pouco contexto e alguma pressa. Há alguma sensibilidade comercial, mas sem dramatização no pedido. O impacto é real, mas a equipa ainda consegue trabalhar com alguma contenção.",production,scheduling,impacto moderado,,client_misunderstanding,medium,support_level_1,Ana Martins
SIS-2026-0459,AlfaForms,forms and labels,Stock movement totals look inflated,"Depois de uma integração/importação noturna apareceram movimentos em duplicado e o saldo disponível ficou acima do físico. Se possível, manter com Rui Costa porque já conhece o contexto do cliente. Podemos recolher base de dados de exemplo se for preciso, mas ainda não foi pedido. Se precisarem de mais detalhe, o contacto principal está disponível de tarde. Sem isto resolvido hoje, a operação financeira ou produtiva fica efetivamente bloqueada.",stock,stock_movements,expedição parada; fecho do mês,,data_issue,critical,technical_support,Rui Costa
SIS-2026-0460,Cartonagem Douro,packaging,Melhoria no SAF-T para auditoria interna,"Por tocar dados financeiros, o ticket parece sério, mas não é incidente nem bloqueio imediato. Ainda não anexaram prints, mas podem enviar. Se possível, manter com Pedro Neves porque já conhece o contexto do cliente. O impacto é real, mas a equipa ainda consegue trabalhar com alguma contenção.",accounting,saft_export,impacto moderado,feature_request / low / account_management,feature_request,medium,technical_support,Pedro Neves
SIS-2026-0461,AlfaForms,forms and labels,Vários utilizadores sem conseguir entrar,"Não há alteração funcional pedida pelo cliente; tudo aponta para incidente de ambiente, autenticação ou infraestrutura. O pedido entrou com pouco contexto e alguma pressa. Se precisarem de mais detalhe, o contacto principal está disponível de tarde. O impacto reportado é imediato e o cliente diz que o processo principal ficou parado.",general,login,deadline hoje,software_bug / high / development,infrastructure_problem,critical,infrastructure,Carla Sousa
SIS-2026-0462,TextilMinho,textile,Need refresher on scheduling board,"Os planeadores usam o quadro há meses, mas com a mudança de responsável surgiram dúvidas sobre prioridades, cores e bloqueios. O cliente pediu retorno curto mesmo que ainda não haja solução final. O impacto é real, mas a equipa ainda consegue trabalhar com alguma contenção.",production,scheduling,convém validar com alguma brevidade,client_misunderstanding / medium / support_level_1,training_needed,medium,training_consulting,
SIS-2026-0463,EtiquetaFina,labels,Timeout na integração com loja online,"Ainda não sabemos se o problema está no nosso lado, no certificado ou no parceiro. Se possível, manter com Carla Sousa porque já conhece o contexto do cliente. O cliente consegue continuar de forma limitada, mas com custo operacional claro.",integrations,api,parcialmente parado,,infrastructure_problem,high,infrastructure,Carla Sousa
SIS-2026-0464,PrintWorks Porto,printing,Utilizador não entende reconciliação de stock,"A equipa do armazém compara a contagem física com o sistema e interpreta a coluna de ajustamento como erro. A equipa insiste que o problema é novo, mas não quantifica bem quando começou. O processo continua a funcionar e o pedido pode entrar em fila normal.",stock,inventory_counts,sem urgência,client_misunderstanding / low / support_level_1,client_misunderstanding,low,support_level_1,
SIS-2026-0465,FibraSul,paper converting,Pedido de formação no pipeline comercial,"Não há avaria; a ideia é consolidar processo antes de aumentar utilizadores. Há referência a outro ticket antigo, mas sem número. O processo continua a funcionar e o pedido pode entrar em fila normal.",CRM,opportunities,sem bloqueio operacional; afeta uma equipa,,training_needed,low,training_consulting,
SIS-2026-0466,EuroPackaging PT,packaging,Ao fechar venda o documento não sai,"Desde o início da manhã a equipa comercial consegue preparar a venda mas o documento falha no momento de emitir. Não temos mudança de processo do lado do cliente. Já reiniciaram sessão, browser e posto, sem conclusão clara. Ainda estamos a confirmar se acontece em todas as empresas do grupo ou só nesta. Há alguma sensibilidade comercial, mas sem dramatização no pedido. O impacto reportado é imediato e o cliente diz que o processo principal ficou parado.",invoicing,invoice_emission,todos bloqueados,,software_bug,critical,development,Rui Costa
SIS-2026-0467,AlfaForms,forms and labels,Cliente quer rever processo de IVA,"Não existe bloqueio atual, mas houve erros operacionais recentes e querem reduzir risco humano. Ainda estamos a confirmar se acontece em todas as empresas do grupo ou só nesta. Existe impacto relevante no dia de trabalho, embora ainda haja algum contorno manual.",invoicing,tax_validation,precisamos ainda hoje,training_needed / low / training_consulting,training_needed,high,training_consulting,
SIS-2026-0468,FibraSul,paper converting,Urgent: Estado do e-invoice não atualiza,"Há registos técnicos por confirmar, por isso o ticket mistura dados, integração e possível bug. O pedido entrou com pouco contexto e alguma pressa. Há alguma sensibilidade comercial, mas sem dramatização no pedido. O impacto reportado é imediato e o cliente diz que o processo principal ficou parado.",invoicing,e_invoice,deadline hoje,software_bug / high / development,data_issue,critical,technical_support,
SIS-2026-0469,PrintWorks Porto,printing,Scheduler ficou diferente depois do update,"Pode haver mistura de configuração com utilização normal. O texto do cliente não é conclusivo. A equipa insiste que o problema é novo, mas não quantifica bem quando começou. O impacto é real, mas a equipa ainda consegue trabalhar com alguma contenção.",production,scheduling,há workaround parcial,training_needed / medium / training_consulting,client_misunderstanding,medium,support_level_1,Rui Costa
SIS-2026-0470,LusoPack Embalagens,packaging,Utilizador não entende reconciliação de stock,"Pelo relato, a lógica do ecrã pode estar correta e a dificuldade é perceber o significado dos estados. O processo continua a funcionar e o pedido pode entrar em fila normal.",stock,inventory_counts,sem bloqueio operacional,client_misunderstanding / low / support_level_1,client_misunderstanding,low,support_level_1,Ana Martins
SIS-2026-0471,PlastiCentro,plastics,CRM fecha quando anexamos ocorrência,"O cliente não chama isto urgente, mas já perdeu registos e está a duplicar trabalho manualmente. Já reiniciaram sessão, browser e posto, sem conclusão clara. O cliente pediu retorno curto mesmo que ainda não haja solução final. Não é um bloqueio total; mesmo assim já está a consumir tempo e retrabalho.",CRM,complaints,precisamos esta semana,configuration_request / medium / technical_support,software_bug,medium,technical_support,Marta Silva
SIS-2026-0472,MetalLabel,industrial manufacturing,Ordem de fabrico bloqueia ao lançar consumo,"Parece um bug mais do que erro de utilização porque o comportamento repete-se em utilizadores diferentes e com ordens diferentes. A equipa insiste que o problema é novo, mas não quantifica bem quando começou. Se fizer sentido, podem manter o ticket com análise humana antes de encaminhar. O cliente consegue continuar de forma limitada, mas com custo operacional claro.",production,work_orders,parcialmente parado,,software_bug,high,development,
SIS-2026-0473,LusoPack Embalagens,packaging,Linha não consegue terminar OF,"A equipa de produção diz que o registo aparece como concluído durante segundos e depois regressa ao estado anterior. A equipa insiste que o problema é novo, mas não quantifica bem quando começou. Se precisarem de mais detalhe, o contacto principal está disponível de tarde. O cliente consegue continuar de forma limitada, mas com custo operacional claro.",production,work_orders,precisamos ainda hoje,client_misunderstanding / medium / support_level_1,software_bug,high,development,Ana Martins
SIS-2026-0474,EuroPackaging PT,packaging,URGENTE - Saldo do armazém não bate com histórico,"Depois de uma integração/importação noturna apareceram movimentos em duplicado e o saldo disponível ficou acima do físico. Há quem diga que é só configuração; outros acham que começou depois da última atualização. Há alguma sensibilidade comercial, mas sem dramatização no pedido. Existe impacto relevante no dia de trabalho, embora ainda haja algum contorno manual.",stock,stock_movements,cliente à espera; sem faturar,client_misunderstanding / medium / support_level_1,data_issue,high,technical_support,Helena Rocha
SIS-2026-0475,FlexoPrime,printing,Equipa nova no armazém precisa de acompanhamento,"Há utilizadores novos no armazém e estão a abrir tickets diferentes para o mesmo processo de transferência. Existe suspeita de configuração, embora nada conclusivo. O texto original mistura português com inglês e foi limpo apenas o mínimo para ficar legível. O cliente pediu retorno curto mesmo que ainda não haja solução final. Não há bloqueio operacional imediato; o valor aqui é mais de conveniência ou prevenção.",stock,warehouse_transfer,sem bloqueio operacional; afeta uma equipa,configuration_request / medium / technical_support,training_needed,low,training_consulting,
SIS-2026-0476,GrafiNorte SA,printing,URGENTE - Ticket de qualidade não guarda comentário,"O cliente não chama isto urgente, mas já perdeu registos e está a duplicar trabalho manualmente. Existe impacto relevante no dia de trabalho, embora ainda haja algum contorno manual.",CRM,complaints,precisamos ainda hoje,data_issue / high / technical_support,software_bug,high,development,
SIS-2026-0477,TecnoRolo Iberia,industrial manufacturing,Quantidades produzidas ficaram erradas,"A chefia diz que consegue continuar a produzir, só que a visibilidade de produção ficou pouco fiável. Se precisarem de mais detalhe, o contacto principal está disponível de tarde. O cliente consegue continuar de forma limitada, mas com custo operacional claro.",production,shop_floor,cliente à espera,client_misunderstanding / medium / support_level_1,data_issue,high,technical_support,
SIS-2026-0478,ValeFlex,printing,Gostávamos de anexar classificação interna,"Mesmo sem urgência, é legítimo do ponto de vista de processo. A equipa insiste que o problema é novo, mas não quantifica bem quando começou. Não há bloqueio operacional imediato; o valor aqui é mais de conveniência ou prevenção.",CRM,complaints,sem urgência,feature_request / low / account_management,feature_request,low,account_management,
SIS-2026-0479,EuroPackaging PT,packaging,Gostávamos de enriquecer o ficheiro SAFT,"Por tocar dados financeiros, o ticket parece sério, mas não é incidente nem bloqueio imediato. Existe suspeita de configuração, embora nada conclusivo. O processo continua a funcionar e o pedido pode entrar em fila normal.",accounting,saft_export,pode esperar,,feature_request,low,technical_support,
SIS-2026-0480,FibraSul,paper converting,Equipa de gestão pede onboarding em KPIs,"A administração quer que a equipa intermédia interprete os indicadores da mesma forma antes da próxima revisão mensal. Existe suspeita de configuração, embora nada conclusivo. No ticket interno alguém escreveu “talvez seja processo”, mas sem certeza. O cliente pediu retorno curto mesmo que ainda não haja solução final. Não há bloqueio operacional imediato; o valor aqui é mais de conveniência ou prevenção.",reporting,dashboards,pode esperar,client_misunderstanding / medium / support_level_1,training_needed,low,training_consulting,
SIS-2026-0481,PrintWorks Porto,printing,URGENTE - Bug no registo de reclamações,"O cliente não chama isto urgente, mas já perdeu registos e está a duplicar trabalho manualmente. Se precisarem de mais detalhe, o contacto principal está disponível de tarde. O cliente consegue continuar de forma limitada, mas com custo operacional claro.",CRM,complaints,afeta vários utilizadores,configuration_request / medium / technical_support,software_bug,high,development,Helena Rocha
SIS-2026-0482,PlastiCentro,plastics,Integração fica intermitente durante o dia,"O cliente consegue contornar manualmente por algum tempo, mas há custo operacional imediato. O pedido entrou com pouco contexto e alguma pressa. Se possível, manter com Carla Sousa porque já conhece o contexto do cliente. O cliente consegue continuar de forma limitada, mas com custo operacional claro.",integrations,api,afeta vários utilizadores,,infrastructure_problem,high,infrastructure,Carla Sousa
SIS-2026-0483,EtiquetaFina,labels,Onde editar morada fiscal do cliente?,"Não há indício claro de erro técnico; parece mais navegação ou diferença de permissões entre perfis. A descrição veio por telefone e foi resumida internamente. Se fizer sentido, podem manter o ticket com análise humana antes de encaminhar. Não há bloqueio operacional imediato; o valor aqui é mais de conveniência ou prevenção.",CRM,customer_cards,melhoria para analisar,client_misunderstanding / low / support_level_1,client_misunderstanding,low,support_level_1,
SIS-2026-0484,AlfaForms,forms and labels,Scheduler ficou diferente depois do update,"Pode haver mistura de configuração com utilização normal. O texto do cliente não é conclusivo. A descrição veio por telefone e foi resumida internamente. O impacto é real, mas a equipa ainda consegue trabalhar com alguma contenção.",production,scheduling,convém validar com alguma brevidade,client_misunderstanding / low / support_level_1,client_misunderstanding,medium,support_level_1,Carla Sousa
SIS-2026-0485,EuroPackaging PT,packaging,Dúvida funcional no planeamento,"Pode haver mistura de configuração com utilização normal. O texto do cliente não é conclusivo. Há alguma sensibilidade comercial, mas sem dramatização no pedido. Não é um bloqueio total; mesmo assim já está a consumir tempo e retrabalho.",production,scheduling,há workaround parcial,software_bug / medium / technical_support,client_misunderstanding,medium,support_level_1,
SIS-2026-0486,FibraSul,paper converting,Adjust role to allow approval only,"Há alguma urgência porque o arranque do processo foi esta semana, mas não é incidente técnico. Ainda não anexaram prints, mas podem enviar. Se precisarem de mais detalhe, o contacto principal está disponível de tarde. Não há bloqueio operacional imediato; o valor aqui é mais de conveniência ou prevenção.",user_permissions,roles_profiles,sem urgência,client_misunderstanding / medium / support_level_1,configuration_request,low,technical_support,
SIS-2026-0487,MetalLabel,industrial manufacturing,Precisa análise - Ambiente muito lento desde esta manhã,"Não temos um erro único; é degradação geral percebida por equipas diferentes. Ainda não anexaram prints, mas podem enviar. Existe impacto relevante no dia de trabalho, embora ainda haja algum contorno manual.",general,performance,fecho do mês,,infrastructure_problem,high,infrastructure,Marta Silva
SIS-2026-0488,ValeFlex,printing,URGENTE - Mensagem 500 no fecho de fatura,"Desde o início da manhã a equipa comercial consegue preparar a venda mas o documento falha no momento de emitir. Não temos mudança de processo do lado do cliente. Já reiniciaram sessão, browser e posto, sem conclusão clara. O cliente consegue continuar de forma limitada, mas com custo operacional claro.",invoicing,invoice_emission,cliente à espera,client_misunderstanding / medium / support_level_1,software_bug,high,development,
SIS-2026-0489,EtiquetaFina,labels,Regra de aprovação repete notificações,"O diretor aprova o pedido e segundos depois o documento regressa ao estado pendente, como se a ação não tivesse ficado persistida. A equipa insiste que o problema é novo, mas não quantifica bem quando começou. Se fizer sentido, podem manter o ticket com análise humana antes de encaminhar. Não é um bloqueio total; mesmo assim já está a consumir tempo e retrabalho.",user_permissions,approvals,convém validar com alguma brevidade,,software_bug,medium,technical_support,
SIS-2026-0490,EuroPackaging PT,packaging,Sessão para equipa de planeamento,Não parece haver defeito técnico. O ganho aqui é reduzir decisões inconsistentes e chamadas repetidas. A descrição veio por telefone e foi resumida internamente. O cliente pediu retorno curto mesmo que ainda não haja solução final. Não há bloqueio operacional imediato; o valor aqui é mais de conveniência ou prevenção.,production,scheduling,pode esperar; precisamos esta semana,,training_needed,low,training_consulting,
