ticket_id,client_name,client_sector,ticket_subject,ticket_description,module,component,urgency_signals,previous_classification,correct_ticket_type,correct_priority,correct_target_team,preferred_resolver
SIS-2026-0001,LusoPack Embalagens,packaging,Duplicados depois de upload para barcode_labels,Os dados no stock nao batem certo. Ha registos duplicados e valores estranhos depois de uma importacao CSV. Impacto informado: afeta uma equipa.,stock,barcode_labels,afeta uma equipa,feature_request / critical / training_consulting,data_issue,medium,technical_support,
SIS-2026-0002,TextilMinho,textile,Training request for notifications,"Precisamos de workshop para explicar o fluxo correto e boas praticas. Se possivel, encaminhar para Marta Silva, que ja conhece este cliente. Impacto informado: precisamos esta semana. Nota do utilizador: isto acontece no ambiente real. Mixed note: please check today if possible, the client is confused and tired.",general,notifications,afeta uma equipa,software_bug / critical / development,training_needed,medium,training_consulting,Marta Silva
SIS-2026-0003,FlexoPrime,printing,Falha de rede ao abrir relatorio,O sistema esta muito lento e da timeout ao abrir KPI. Varios utilizadores reportam falha de rede/VPN. Impacto informado: impacto moderado. Nota do utilizador: isto acontece no ambiente real.,reporting,dashboards,acontece algumas vezes,feature_request / low / account_management,infrastructure_problem,medium,infrastructure,
SIS-2026-0004,MetalLabel,industrial manufacturing,Duvida sobre contactos / complaints,"O utilizador pergunta como fazer esta operacao no oportunidade. Parece que nao encontra o menu correto para complaints. Impacto informado: fecho do mes. Mixed note: please check today if possible, the client is confused and tired.",CRM,complaints,urgente,client_misunderstanding / high / support_level_1,client_misunderstanding,high,support_level_1,Marta Silva
SIS-2026-0005,AlfaForms,forms and labels,URGENTE - Exception quando usamos e_invoice,"Bom dia, no cliente AlfaForms aparece erro 500 quando tentamos usar fatura. O e_invoice fica bloqueado e nao grava os dados. Impacto informado: deadline hoje.",invoicing,e_invoice,sem faturar,software_bug / critical / development,software_bug,critical,development,
SIS-2026-0006,MetalLabel,industrial manufacturing,URGENTE - Alterar workflow/template de inventory_counts,"Pedido para ajustar permissoes, perfis ou parametros relacionados com barcode. Nota do utilizador: temos prints mas ainda nao anexei. Mixed note: please check today if possible, the client is confused and tired.",stock,inventory_counts,fecho do mes,configuration_request / high / technical_support,configuration_request,high,technical_support,
SIS-2026-0007,MetalLabel,industrial manufacturing,URGENTE - Exception quando usamos scheduling,"Bom dia, no cliente MetalLabel aparece erro 500 quando tentamos usar shop floor. O scheduling fica bloqueado e nao grava os dados. Impacto informado: fecho do mes. Nota do utilizador: sorry pelo detalhe incompleto. Mixed note: please check today if possible, the client is confused and tired.",production,scheduling,precisamos ainda hoje,client_misunderstanding / critical / training_consulting,software_bug,high,technical_support,
SIS-2026-0008,Braga Print House,printing,barcode bloqueia ao validar stock_movements,"Bom dia, no cliente Braga Print House aparece erro 500 quando tentamos usar barcode. O stock_movements fica bloqueado e nao grava os dados. Impacto informado: pode esperar. Nota do utilizador: ja reiniciamos e ficou igual. Mixed note: please check today if possible, the client is confused and tired.",stock,stock_movements,duvida simples,software_bug / critical / technical_support,software_bug,low,technical_support,
SIS-2026-0009,EtiquetaFina,labels,Importacao criou registos errados no journal_entries,"Os dados no IVA nao batem certo. Ha registos duplicados e valores estranhos depois de uma importacao CSV. Nota do utilizador: ja reiniciamos e ficou igual. Mixed note: please check today if possible, the client is confused and tired.",accounting,journal_entries,cliente a espera,data_issue / high / technical_support,data_issue,high,technical_support,Rui Costa
SIS-2026-0010,LusoPack Embalagens,packaging,Novos utilizadores precisam treino de inventory_counts,"A equipa esta a usar mal o processo. Sugerimos uma sessao curta de training para evitar tickets repetidos. Se possivel, encaminhar para Joao Pereira, que ja conhece este cliente. Nota do utilizador: temos prints mas ainda nao anexei.",stock,inventory_counts,pode esperar,training_needed / low / account_management,training_needed,low,training_consulting,Joao Pereira
SIS-2026-0011,EtiquetaFina,labels,Seria possivel adicionar regra em vat_report?,Seria possivel adicionar uma regra extra no vat_report? Hoje fazem isto fora do sistema. Impacto informado: melhoria para analisar.,accounting,vat_report,sem urgencia,infrastructure_problem / critical / development,feature_request,low,account_management,
SIS-2026-0012,AlfaForms,forms and labels,URGENTE - Bug after update in ecommerce,"Bom dia, no cliente AlfaForms aparece erro 500 quando tentamos usar ecommerce. O api fica bloqueado e nao grava os dados. Impacto informado: producao parada. Mixed note: please check today if possible, the client is confused and tired.",integrations,api,deadline hoje,software_bug / critical / development,software_bug,critical,development,
SIS-2026-0013,Cartonagem Douro,packaging,URGENTE - Importacao criou registos errados no kpi_analysis,"Depois do upload, o kpi_analysis ficou com saldos incorretos. O cliente diz que o Excel original esta correto. Mixed note: please check today if possible, the client is confused and tired.",reporting,kpi_analysis,cliente a espera,data_issue / critical / development,data_issue,high,development,
SIS-2026-0014,Cartonagem Douro,packaging,custos bloqueia ao validar shop_floor,"Estamos a receber stacktrace no shop_floor. Parece bug porque o mesmo processo funcionava ontem. Se possivel, encaminhar para Rui Costa, que ja conhece este cliente. Nota do utilizador: temos prints mas ainda nao anexei.",production,shop_floor,deadline hoje,configuration_request / medium / infrastructure,software_bug,critical,technical_support,Rui Costa
SIS-2026-0015,GrafiNorte SA,printing,URGENTE - Erro no contabilidade: bank_reconciliation nao grava,"Estamos a receber stacktrace no bank_reconciliation. Parece bug porque o mesmo processo funcionava ontem. Se possivel, encaminhar para Rui Costa, que ja conhece este cliente. Impacto informado: fecho do mes. Nota do utilizador: p.f. confirmar. Mixed note: please check today if possible, the client is confused and tired.",accounting,bank_reconciliation,fecho do mes,feature_request / low / infrastructure,software_bug,high,development,Rui Costa
SIS-2026-0016,GrafiNorte SA,printing,URGENTE - Erro no factura: e_invoice nao grava,"Bom dia, no cliente GrafiNorte SA aparece erro 500 quando tentamos usar IVA. O e_invoice fica bloqueado e nao grava os dados.",invoicing,e_invoice,cliente a espera,client_misunderstanding / low / infrastructure,software_bug,high,technical_support,
SIS-2026-0017,LusoPack Embalagens,packaging,Importacao criou registos errados no scheduling,"Depois do upload, o scheduling ficou com saldos incorretos. O cliente diz que o Excel original esta correto. Mixed note: please check today if possible, the client is confused and tired.",production,scheduling,afeta uma equipa,data_issue / medium / support_level_1,data_issue,medium,support_level_1,
SIS-2026-0018,MetalLabel,industrial manufacturing,Bug after update in webservice,"Estamos a receber stacktrace no webservices. Parece bug porque o mesmo processo funcionava ontem. Se possivel, encaminhar para Ana Martins, que ja conhece este cliente. Impacto informado: urgente. Nota do utilizador: o utilizador diz que ontem funcionava.",integrations,webservices,urgente,software_bug / high / development,software_bug,high,development,Ana Martins
SIS-2026-0019,EuroPackaging PT,packaging,Need help understanding KPI,Duvida funcional: onde esta a opcao para dashboards? Nao parece erro tecnico.,reporting,dashboards,acontece algumas vezes,client_misunderstanding / medium / training_consulting,client_misunderstanding,medium,training_consulting,
SIS-2026-0020,Braga Print House,printing,Duvida sobre performance / performance,"We need help understanding the flow. The client thinks something is missing, but it may be normal behavior in notificacoes.",general,performance,precisamos esta semana,client_misunderstanding / medium / support_level_1,client_misunderstanding,medium,support_level_1,
SIS-2026-0021,EuroPackaging PT,packaging,Novos utilizadores precisam treino de access_rights,Entraram novos utilizadores e precisam de formacao sobre acessos. Querem exemplos praticos para access_rights. Impacto informado: acontece algumas vezes. Nota do utilizador: sorry pelo detalhe incompleto.,user_permissions,access_rights,precisamos esta semana,software_bug / high / infrastructure,training_needed,medium,training_consulting,
SIS-2026-0022,GrafiNorte SA,printing,Novos utilizadores precisam treino de credit_notes,"Entraram novos utilizadores e precisam de formacao sobre factura. Querem exemplos praticos para credit_notes. Impacto informado: pode esperar. Mixed note: please check today if possible, the client is confused and tired.",invoicing,credit_notes,sem urgencia,training_needed / low / training_consulting,training_needed,low,training_consulting,
SIS-2026-0023,MetalLabel,industrial manufacturing,Permissoes e settings para factura,"Pedido para ajustar permissoes, perfis ou parametros relacionados com serie de faturacao. Impacto informado: precisamos esta semana.",invoicing,credit_notes,impacto moderado,configuration_request / medium / training_consulting,configuration_request,medium,training_consulting,
SIS-2026-0024,Braga Print House,printing,Need help understanding serie de faturacao,"We need help understanding the flow. The client thinks something is missing, but it may be normal behavior in invoice. Se possivel, encaminhar para Joao Pereira, que ja conhece este cliente. Nota do utilizador: ja reiniciamos e ficou igual.",invoicing,invoice_emission,sem urgencia,software_bug / critical / training_consulting,client_misunderstanding,low,support_level_1,Joao Pereira
SIS-2026-0025,AlfaForms,forms and labels,Utilizador nao encontra opcao em commercial_pipeline,"We need help understanding the flow. The client thinks something is missing, but it may be normal behavior in oportunidade. Impacto informado: impacto moderado.",CRM,commercial_pipeline,impacto moderado,client_misunderstanding / critical / training_consulting,client_misunderstanding,medium,training_consulting,
SIS-2026-0026,PrintWorks Porto,printing,Pedido de parametrizacao para cliente,"Can you change the workflow/template for customer_cards? The current settings do not match the client's process. Se possivel, encaminhar para Marta Silva, que ja conhece este cliente. Nota do utilizador: isto acontece no ambiente real.",CRM,customer_cards,melhoria para analisar,configuration_request / high / technical_support,configuration_request,low,technical_support,Marta Silva
SIS-2026-0027,EtiquetaFina,labels,Como fazer no ecra de menu?,"We need help understanding the flow. The client thinks something is missing, but it may be normal behavior in performance. Impacto informado: afeta uma equipa. Mixed note: please check today if possible, the client is confused and tired.",general,login,acontece algumas vezes,client_misunderstanding / low / technical_support,client_misunderstanding,medium,technical_support,
SIS-2026-0028,PlastiCentro,plastics,Nova opcao para dashboards,Feature request para avaliar em roadmap; o processo atual funciona mas tem muito trabalho manual. Nota do utilizador: o utilizador diz que ontem funcionava.,reporting,dashboards,acontece algumas vezes,feature_request / medium / account_management,feature_request,medium,account_management,
SIS-2026-0029,PrintWorks Porto,printing,Ambiente Sistrade instavel,"Server seems unstable. Login works sometimes, then work_orders stops responding. Nota do utilizador: ja reiniciamos e ficou igual.",production,work_orders,afeta varios utilizadores,infrastructure_problem / high / infrastructure,infrastructure_problem,high,infrastructure,
SIS-2026-0030,Cartonagem Douro,packaging,Alterar workflow/template de kpi_analysis,"Pedido para ajustar permissoes, perfis ou parametros relacionados com KPI. Impacto informado: precisamos esta semana.",reporting,kpi_analysis,precisamos esta semana,feature_request / high / infrastructure,configuration_request,medium,training_consulting,Joao Pereira
SIS-2026-0031,MetalLabel,industrial manufacturing,Utilizador nao encontra opcao em excel_export,"We need help understanding the flow. The client thinks something is missing, but it may be normal behavior in KPI. Impacto informado: impacto moderado. Nota do utilizador: temos prints mas ainda nao anexei. Mixed note: please check today if possible, the client is confused and tired.",reporting,excel_export,impacto moderado,client_misunderstanding / medium / support_level_1,client_misunderstanding,medium,support_level_1,
SIS-2026-0032,MetalLabel,industrial manufacturing,URGENTE - ordem de fabrico bloqueia ao validar cost_calculation,Estamos a receber stacktrace no cost_calculation. Parece bug porque o mesmo processo funcionava ontem. Impacto informado: fecho do mes. Nota do utilizador: nao sei se e bug ou configuracao.,production,cost_calculation,urgente,software_bug / medium / development,software_bug,high,development,
SIS-2026-0033,TextilMinho,textile,Erro no serie de faturacao: e_invoice nao grava,"Estamos a receber stacktrace no e_invoice. Parece bug porque o mesmo processo funcionava ontem. Impacto informado: afeta varios utilizadores. Nota do utilizador: o utilizador diz que ontem funcionava. Mixed note: please check today if possible, the client is confused and tired.",invoicing,e_invoice,fecho do mes,software_bug / high / development,software_bug,high,development,
SIS-2026-0034,PrintWorks Porto,printing,Erro no webservice: edi nao grava,"Estamos a receber stacktrace no edi. Parece bug porque o mesmo processo funcionava ontem. Se possivel, encaminhar para Helena Rocha, que ja conhece este cliente. Impacto informado: deadline hoje. Nota do utilizador: sorry pelo detalhe incompleto. Mixed note: please check today if possible, the client is confused and tired.",integrations,edi,ASAP,software_bug / critical / training_consulting,software_bug,critical,development,Helena Rocha
SIS-2026-0035,PrintWorks Porto,printing,URGENTE - Pedido de parametrizacao para password,Can you change the workflow/template for approvals? The current settings do not match the client's process. Impacto informado: cliente a espera. Nota do utilizador: p.f. confirmar.,user_permissions,approvals,fecho do mes,infrastructure_problem / medium / development,configuration_request,high,training_consulting,Joao Pereira
SIS-2026-0036,PlastiCentro,plastics,Melhoria desejada em invoice,Feature request para avaliar em roadmap; o processo atual funciona mas tem muito trabalho manual. Nota do utilizador: nao sei se e bug ou configuracao.,invoicing,credit_notes,pode esperar,feature_request / low / development,feature_request,low,development,
SIS-2026-0037,LusoPack Embalagens,packaging,Utilizador nao encontra opcao em saft_export,"We need help understanding the flow. The client thinks something is missing, but it may be normal behavior in contabilidade. Impacto informado: acontece algumas vezes. Nota do utilizador: isto acontece no ambiente real.",accounting,saft_export,impacto moderado,infrastructure_problem / low / infrastructure,client_misunderstanding,medium,support_level_1,
SIS-2026-0038,PlastiCentro,plastics,Seria possivel adicionar regra em customer_cards?,"Seria possivel adicionar uma regra extra no customer_cards? Hoje fazem isto fora do sistema. Se possivel, encaminhar para Helena Rocha, que ja conhece este cliente. Nota do utilizador: sorry pelo detalhe incompleto.",CRM,customer_cards,precisamos esta semana,feature_request / medium / account_management,feature_request,medium,account_management,Helena Rocha
SIS-2026-0039,LusoPack Embalagens,packaging,Need help understanding menu,"We need help understanding the flow. The client thinks something is missing, but it may be normal behavior in notificacoes. Nota do utilizador: maybe it is just a setting.",general,login,afeta uma equipa,client_misunderstanding / medium / support_level_1,client_misunderstanding,medium,support_level_1,
SIS-2026-0040,Cartonagem Douro,packaging,URGENTE - Timeout/lentidao no acesso a shop floor,O sistema esta muito lento e da timeout ao abrir shop floor. Varios utilizadores reportam falha de rede/VPN. Impacto informado: deadline hoje. Nota do utilizador: ja reiniciamos e ficou igual.,production,shop_floor,critico,data_issue / medium / infrastructure,infrastructure_problem,critical,technical_support,
SIS-2026-0041,Braga Print House,printing,Como fazer no ecra de oportunidade?,"Duvida funcional: onde esta a opcao para commercial_pipeline? Nao parece erro tecnico. Nota do utilizador: p.f. confirmar. Mixed note: please check today if possible, the client is confused and tired.",CRM,commercial_pipeline,melhoria para analisar,software_bug / critical / technical_support,client_misunderstanding,low,training_consulting,
SIS-2026-0042,AlfaForms,forms and labels,Duplicados depois de upload para stock_movements,A listagem mostra records em falta e totais diferentes entre ecra e relatorio. Impacto informado: precisamos ainda hoje.,stock,stock_movements,urgente,feature_request / low / training_consulting,data_issue,high,technical_support,
SIS-2026-0043,GrafiNorte SA,printing,URGENTE - Saldo/valores nao batem em inventario,A listagem mostra records em falta e totais diferentes entre ecra e relatorio. Impacto informado: precisamos ainda hoje. Nota do utilizador: maybe it is just a setting.,stock,warehouse_transfer,fecho do mes,data_issue / high / account_management,data_issue,high,account_management,Ana Martins
SIS-2026-0044,PrintWorks Porto,printing,Duplicados depois de upload para bank_reconciliation,"A listagem mostra records em falta e totais diferentes entre ecra e relatorio. Impacto informado: precisamos esta semana. Mixed note: please check today if possible, the client is confused and tired.",accounting,bank_reconciliation,acontece algumas vezes,data_issue / medium / development,data_issue,medium,development,
SIS-2026-0045,PlastiCentro,plastics,Duplicados depois de upload para excel_export,"Os dados no KPI nao batem certo. Ha registos duplicados e valores estranhos depois de uma importacao CSV. Se possivel, encaminhar para Helena Rocha, que ja conhece este cliente. Impacto informado: quando possivel.",reporting,excel_export,sem urgencia,data_issue / low / support_level_1,data_issue,low,support_level_1,Helena Rocha
SIS-2026-0046,Cartonagem Douro,packaging,Ambiente Sistrade instavel,"Desde esta manha ha problema de certificado, backup ou network e o ambiente fica inacessivel. Nota do utilizador: p.f. confirmar.",reporting,excel_export,producao parada,infrastructure_problem / critical / training_consulting,infrastructure_problem,critical,infrastructure,
SIS-2026-0047,EtiquetaFina,labels,Utilizador nao encontra opcao em roles_profiles,"We need help understanding the flow. The client thinks something is missing, but it may be normal behavior in permissoes. Impacto informado: impacto moderado. Nota do utilizador: nao sei se e bug ou configuracao.",user_permissions,roles_profiles,impacto moderado,client_misunderstanding / medium / support_level_1,client_misunderstanding,medium,support_level_1,
SIS-2026-0048,MetalLabel,industrial manufacturing,Seria possivel adicionar regra em custom_reports?,"O cliente gostava de uma nova opcao em KPI. Nao e erro, e melhoria para reduzir passos manuais. Se possivel, encaminhar para Helena Rocha, que ja conhece este cliente. Impacto informado: melhoria para analisar. Mixed note: please check today if possible, the client is confused and tired.",reporting,custom_reports,quando possivel,feature_request / low / development,feature_request,low,development,Helena Rocha
SIS-2026-0049,PlastiCentro,plastics,Need help understanding IVA,O utilizador pergunta como fazer esta operacao no reconciliacao bancaria. Parece que nao encontra o menu correto para saft_export. Impacto informado: afeta uma equipa.,accounting,saft_export,impacto moderado,client_misunderstanding / medium / training_consulting,client_misunderstanding,medium,training_consulting,
SIS-2026-0050,PrintWorks Porto,printing,Melhoria desejada em CRM,"Feature request para avaliar em roadmap; o processo atual funciona mas tem muito trabalho manual. Se possivel, encaminhar para Joao Pereira, que ja conhece este cliente. Nota do utilizador: p.f. confirmar.",CRM,commercial_pipeline,pode esperar,client_misunderstanding / high / development,feature_request,low,support_level_1,Joao Pereira
SIS-2026-0051,LusoPack Embalagens,packaging,Duvida sobre SAF-T / vat_report,O utilizador pergunta como fazer esta operacao no reconciliacao bancaria. Parece que nao encontra o menu correto para vat_report. Impacto informado: acontece algumas vezes. Nota do utilizador: isto acontece no ambiente real.,accounting,vat_report,afeta uma equipa,client_misunderstanding / medium / training_consulting,client_misunderstanding,medium,training_consulting,
SIS-2026-0052,AlfaForms,forms and labels,Training request for customer_cards,"A equipa esta a usar mal o processo. Sugerimos uma sessao curta de training para evitar tickets repetidos. Se possivel, encaminhar para Miguel Santos, que ja conhece este cliente. Impacto informado: sem urgencia.",CRM,customer_cards,pode esperar,configuration_request / critical / development,training_needed,low,training_consulting,Miguel Santos
SIS-2026-0053,PrintWorks Porto,printing,Dados inconsistentes em relatorio,"Depois do upload, o kpi_analysis ficou com saldos incorretos. O cliente diz que o Excel original esta correto. Impacto informado: todos os utilizadores bloqueados. Nota do utilizador: sorry pelo detalhe incompleto.",reporting,kpi_analysis,ASAP,data_issue / medium / development,data_issue,critical,development,
SIS-2026-0054,LusoPack Embalagens,packaging,Duvida sobre serie de faturacao / tax_validation,Duvida funcional: onde esta a opcao para tax_validation? Nao parece erro tecnico. Nota do utilizador: nao sei se e bug ou configuracao.,invoicing,tax_validation,afeta uma equipa,client_misunderstanding / medium / support_level_1,client_misunderstanding,medium,support_level_1,
SIS-2026-0055,Cartonagem Douro,packaging,URGENTE - Permissoes e settings para contactos,"Precisamos configurar regras novas no CRM, especialmente no customer_cards. E uma parametrizacao pedida pela direcao. Impacto informado: cannot invoice.",CRM,customer_cards,sem faturar,infrastructure_problem / medium / development,configuration_request,critical,training_consulting,Helena Rocha
SIS-2026-0056,TextilMinho,textile,Importacao criou registos errados no bank_reconciliation,"Depois do upload, o bank_reconciliation ficou com saldos incorretos. O cliente diz que o Excel original esta correto. Impacto informado: afeta uma equipa. Nota do utilizador: sorry pelo detalhe incompleto.",accounting,bank_reconciliation,impacto moderado,infrastructure_problem / critical / support_level_1,data_issue,medium,technical_support,
SIS-2026-0057,PrintWorks Porto,printing,URGENTE - Erro no IVA: credit_notes nao grava,Estamos a receber stacktrace no credit_notes. Parece bug porque o mesmo processo funcionava ontem. Impacto informado: fecho do mes. Nota do utilizador: ja reiniciamos e ficou igual.,invoicing,credit_notes,cliente a espera,software_bug / high / infrastructure,software_bug,high,development,
SIS-2026-0058,Braga Print House,printing,Novos utilizadores precisam treino de excel_export,Entraram novos utilizadores e precisam de formacao sobre analise. Querem exemplos praticos para excel_export. Impacto informado: pode esperar.,reporting,excel_export,quando possivel,training_needed / low / development,training_needed,low,training_consulting,
SIS-2026-0059,Cartonagem Douro,packaging,Dados inconsistentes em KPI,"Depois do upload, o kpi_analysis ficou com saldos incorretos. O cliente diz que o Excel original esta correto. Se possivel, encaminhar para Helena Rocha, que ja conhece este cliente. Impacto informado: afeta uma equipa. Nota do utilizador: sorry pelo detalhe incompleto.",reporting,kpi_analysis,impacto moderado,data_issue / medium / technical_support,data_issue,medium,technical_support,Helena Rocha
SIS-2026-0060,Braga Print House,printing,URGENTE - Configurar access_rights em perfil,"Pedido para ajustar permissoes, perfis ou parametros relacionados com perfil. Impacto informado: cliente a espera.",user_permissions,access_rights,cliente a espera,configuration_request / high / technical_support,configuration_request,high,technical_support,
SIS-2026-0061,TextilMinho,textile,Saldo/valores nao batem em oportunidade,"A listagem mostra records em falta e totais diferentes entre ecra e relatorio. Impacto informado: urgente. Nota do utilizador: isto acontece no ambiente real. Mixed note: please check today if possible, the client is confused and tired.",CRM,complaints,afeta varios utilizadores,data_issue / high / development,data_issue,high,development,
SIS-2026-0062,Braga Print House,printing,Nova opcao para kpi_analysis,"Feature request para avaliar em roadmap; o processo atual funciona mas tem muito trabalho manual. Impacto informado: pode esperar. Nota do utilizador: ja reiniciamos e ficou igual. Mixed note: please check today if possible, the client is confused and tired.",reporting,kpi_analysis,melhoria para analisar,configuration_request / critical / support_level_1,feature_request,low,account_management,
SIS-2026-0063,Cartonagem Douro,packaging,Need help understanding oportunidade,O utilizador pergunta como fazer esta operacao no cliente. Parece que nao encontra o menu correto para commercial_pipeline. Impacto informado: afeta uma equipa. Nota do utilizador: isto acontece no ambiente real.,CRM,commercial_pipeline,precisamos esta semana,client_misunderstanding / medium / support_level_1,client_misunderstanding,medium,support_level_1,
SIS-2026-0064,Cartonagem Douro,packaging,URGENTE - Dados inconsistentes em armazem,A listagem mostra records em falta e totais diferentes entre ecra e relatorio.,stock,inventory_counts,afeta varios utilizadores,data_issue / high / technical_support,data_issue,high,technical_support,Miguel Santos
SIS-2026-0065,EtiquetaFina,labels,producao bloqueia ao validar scheduling,"Estamos a receber stacktrace no scheduling. Parece bug porque o mesmo processo funcionava ontem. Se possivel, encaminhar para Joao Pereira, que ja conhece este cliente. Nota do utilizador: nao sei se e bug ou configuracao.",production,scheduling,cliente a espera,software_bug / high / technical_support,software_bug,high,technical_support,Joao Pereira
SIS-2026-0066,Braga Print House,printing,Training request for performance,"A equipa esta a usar mal o processo. Sugerimos uma sessao curta de training para evitar tickets repetidos. Mixed note: please check today if possible, the client is confused and tired.",general,performance,pode esperar,training_needed / low / training_consulting,training_needed,low,training_consulting,Rui Costa
SIS-2026-0067,AlfaForms,forms and labels,Sessao de esclarecimento sobre export Excel,"A equipa esta a usar mal o processo. Sugerimos uma sessao curta de training para evitar tickets repetidos. Se possivel, encaminhar para Marta Silva, que ja conhece este cliente. Impacto informado: precisamos ainda hoje. Nota do utilizador: o utilizador diz que ontem funcionava.",reporting,kpi_analysis,urgente,software_bug / low / training_consulting,training_needed,high,support_level_1,Marta Silva
SIS-2026-0068,Cartonagem Douro,packaging,Pedido de parametrizacao para invoice,Can you change the workflow/template for e_invoice? The current settings do not match the client's process. Impacto informado: afeta uma equipa.,invoicing,e_invoice,afeta uma equipa,configuration_request / medium / infrastructure,configuration_request,medium,development,Marta Silva
SIS-2026-0069,FlexoPrime,printing,Exception quando usamos commercial_pipeline,"Estamos a receber stacktrace no commercial_pipeline. Parece bug porque o mesmo processo funcionava ontem. Se possivel, encaminhar para Joao Pereira, que ja conhece este cliente. Impacto informado: afeta uma equipa. Nota do utilizador: ja reiniciamos e ficou igual.",CRM,commercial_pipeline,impacto moderado,software_bug / medium / infrastructure,software_bug,medium,development,Joao Pereira
SIS-2026-0070,MetalLabel,industrial manufacturing,Permissoes e settings para integracao,"Can you change the workflow/template for api? The current settings do not match the client's process. Impacto informado: impacto moderado. Nota do utilizador: isto acontece no ambiente real. Mixed note: please check today if possible, the client is confused and tired.",integrations,api,afeta uma equipa,configuration_request / critical / technical_support,configuration_request,medium,technical_support,
SIS-2026-0071,EuroPackaging PT,packaging,Novos utilizadores precisam treino de invoice_emission,"Entraram novos utilizadores e precisam de formacao sobre factura. Querem exemplos praticos para invoice_emission. Se possivel, encaminhar para Miguel Santos, que ja conhece este cliente. Impacto informado: sem urgencia. Nota do utilizador: ja reiniciamos e ficou igual. Mixed note: please check today if possible, the client is confused and tired.",invoicing,invoice_emission,melhoria para analisar,infrastructure_problem / critical / account_management,training_needed,low,training_consulting,Miguel Santos
SIS-2026-0072,LusoPack Embalagens,packaging,Exception quando usamos work_orders,"After the last update, planeamento started throwing an exception in work_orders. Users repeat the same steps and it crashes. Impacto informado: cannot invoice. Nota do utilizador: p.f. confirmar.",production,work_orders,ASAP,software_bug / high / training_consulting,software_bug,critical,development,
SIS-2026-0073,EuroPackaging PT,packaging,Nova opcao para shop_floor,"O cliente gostava de uma nova opcao em planeamento. Nao e erro, e melhoria para reduzir passos manuais.",production,shop_floor,pode esperar,feature_request / critical / account_management,feature_request,low,account_management,Rui Costa
SIS-2026-0074,AlfaForms,forms and labels,URGENTE - Importacao criou registos errados no vat_report,A listagem mostra records em falta e totais diferentes entre ecra e relatorio. Impacto informado: cannot invoice. Nota do utilizador: maybe it is just a setting.,accounting,vat_report,ASAP,data_issue / low / technical_support,data_issue,critical,technical_support,
SIS-2026-0075,Braga Print House,printing,Configurar e_invoice em IVA,"Precisamos configurar regras novas no invoice, especialmente no e_invoice. E uma parametrizacao pedida pela direcao. Impacto informado: precisamos esta semana.",invoicing,e_invoice,impacto moderado,configuration_request / medium / technical_support,configuration_request,medium,technical_support,Helena Rocha
SIS-2026-0076,Cartonagem Douro,packaging,Ambiente Sistrade instavel,"Server seems unstable. Login works sometimes, then api stops responding. Impacto informado: todos os utilizadores bloqueados. Nota do utilizador: p.f. confirmar. Mixed note: please check today if possible, the client is confused and tired.",integrations,api,todos os utilizadores bloqueados,infrastructure_problem / high / development,infrastructure_problem,critical,development,
SIS-2026-0077,FlexoPrime,printing,Duplicados depois de upload para tax_validation,"Depois do upload, o tax_validation ficou com saldos incorretos. O cliente diz que o Excel original esta correto. Impacto informado: urgente. Nota do utilizador: p.f. confirmar.",invoicing,tax_validation,afeta varios utilizadores,data_issue / high / technical_support,data_issue,high,technical_support,
SIS-2026-0078,GrafiNorte SA,printing,Importacao criou registos errados no warehouse_transfer,"Depois do upload, o warehouse_transfer ficou com saldos incorretos. O cliente diz que o Excel original esta correto. Nota do utilizador: sorry pelo detalhe incompleto.",stock,warehouse_transfer,acontece algumas vezes,data_issue / medium / account_management,data_issue,medium,account_management,
SIS-2026-0079,AlfaForms,forms and labels,Duvida sobre analise / dashboards,Duvida funcional: onde esta a opcao para dashboards? Nao parece erro tecnico. Impacto informado: afeta uma equipa. Nota do utilizador: nao sei se e bug ou configuracao.,reporting,dashboards,precisamos esta semana,client_misunderstanding / medium / account_management,client_misunderstanding,medium,support_level_1,Miguel Santos
SIS-2026-0080,GrafiNorte SA,printing,Nova opcao para commercial_pipeline,Seria possivel adicionar uma regra extra no commercial_pipeline? Hoje fazem isto fora do sistema. Impacto informado: pode esperar.,CRM,commercial_pipeline,melhoria para analisar,feature_request / low / account_management,feature_request,low,account_management,Rui Costa
SIS-2026-0081,LusoPack Embalagens,packaging,Bug after update in planeamento,"Bom dia, no cliente LusoPack Embalagens aparece erro 500 quando tentamos usar ordem de fabrico. O work_orders fica bloqueado e nao grava os dados. Impacto informado: fecho do mes. Nota do utilizador: isto acontece no ambiente real.",production,work_orders,precisamos ainda hoje,software_bug / high / training_consulting,software_bug,high,development,Rui Costa
SIS-2026-0082,AlfaForms,forms and labels,Melhoria desejada em shop floor,Seria possivel adicionar uma regra extra no shop_floor? Hoje fazem isto fora do sistema. Impacto informado: melhoria para analisar.,production,shop_floor,melhoria para analisar,feature_request / low / account_management,feature_request,low,account_management,
SIS-2026-0083,AlfaForms,forms and labels,URGENTE - Configurar password_policy em perfil,"Precisamos configurar regras novas no acessos, especialmente no password_policy. E uma parametrizacao pedida pela direcao. Impacto informado: precisamos ainda hoje. Nota do utilizador: isto acontece no ambiente real.",user_permissions,password_policy,urgente,configuration_request / high / infrastructure,configuration_request,high,technical_support,
SIS-2026-0084,TextilMinho,textile,Alterar workflow/template de access_rights,Can you change the workflow/template for access_rights? The current settings do not match the client's process. Nota do utilizador: temos prints mas ainda nao anexei.,user_permissions,access_rights,precisamos esta semana,infrastructure_problem / high / support_level_1,configuration_request,medium,training_consulting,
SIS-2026-0085,TextilMinho,textile,Importacao criou registos errados no edi,"Os dados no EDI nao batem certo. Ha registos duplicados e valores estranhos depois de uma importacao CSV. Impacto informado: urgente. Nota do utilizador: o utilizador diz que ontem funcionava. Mixed note: please check today if possible, the client is confused and tired.",integrations,edi,precisamos ainda hoje,training_needed / critical / account_management,data_issue,high,development,
SIS-2026-0086,EuroPackaging PT,packaging,Novos utilizadores precisam treino de notifications,Precisamos de workshop para explicar o fluxo correto e boas praticas. Impacto informado: pode esperar.,general,notifications,melhoria para analisar,training_needed / low / training_consulting,training_needed,low,training_consulting,
SIS-2026-0087,FlexoPrime,printing,planeamento bloqueia ao validar shop_floor,"Bom dia, no cliente FlexoPrime aparece erro 500 quando tentamos usar custos. O shop_floor fica bloqueado e nao grava os dados. Impacto informado: fecho do mes. Nota do utilizador: temos prints mas ainda nao anexei.",production,shop_floor,cliente a espera,software_bug / high / support_level_1,software_bug,high,support_level_1,
SIS-2026-0088,FlexoPrime,printing,factura bloqueia ao validar invoice_emission,"Estamos a receber stacktrace no invoice_emission. Parece bug porque o mesmo processo funcionava ontem. Impacto informado: cliente a espera. Nota do utilizador: o utilizador diz que ontem funcionava. Mixed note: please check today if possible, the client is confused and tired.",invoicing,invoice_emission,cliente a espera,configuration_request / critical / training_consulting,software_bug,high,development,
SIS-2026-0089,TextilMinho,textile,Pedido de parametrizacao para integracao,"Pedido para ajustar permissoes, perfis ou parametros relacionados com webservice. Impacto informado: duvida simples.",integrations,edi,melhoria para analisar,configuration_request / low / training_consulting,configuration_request,low,training_consulting,
SIS-2026-0090,GrafiNorte SA,printing,Bug after update in oportunidade,"After the last update, cliente started throwing an exception in commercial_pipeline. Users repeat the same steps and it crashes. Impacto informado: producao parada. Nota do utilizador: nao sei se e bug ou configuracao.",CRM,commercial_pipeline,ASAP,software_bug / critical / development,software_bug,critical,development,
SIS-2026-0091,Cartonagem Douro,packaging,Configurar stock_movements em armazem,"Precisamos configurar regras novas no inventario, especialmente no stock_movements. E uma parametrizacao pedida pela direcao. Se possivel, encaminhar para Rui Costa, que ja conhece este cliente. Impacto informado: precisamos esta semana. Nota do utilizador: sorry pelo detalhe incompleto.",stock,stock_movements,precisamos esta semana,configuration_request / low / support_level_1,configuration_request,medium,support_level_1,Rui Costa
SIS-2026-0092,FlexoPrime,printing,Configurar inventory_counts em movimentos,"Precisamos configurar regras novas no inventario, especialmente no inventory_counts. E uma parametrizacao pedida pela direcao. Impacto informado: precisamos esta semana. Nota do utilizador: sorry pelo detalhe incompleto. Mixed note: please check today if possible, the client is confused and tired.",stock,inventory_counts,precisamos esta semana,feature_request / high / support_level_1,configuration_request,medium,technical_support,
SIS-2026-0093,AlfaForms,forms and labels,Como fazer no ecra de IVA?,Duvida funcional: onde esta a opcao para tax_validation? Nao parece erro tecnico. Impacto informado: afeta uma equipa. Nota do utilizador: ja reiniciamos e ficou igual.,invoicing,tax_validation,impacto moderado,client_misunderstanding / medium / support_level_1,client_misunderstanding,medium,support_level_1,
SIS-2026-0094,EuroPackaging PT,packaging,Duplicados depois de upload para barcode_labels,"Depois do upload, o barcode_labels ficou com saldos incorretos. O cliente diz que o Excel original esta correto. Se possivel, encaminhar para Helena Rocha, que ja conhece este cliente. Impacto informado: cliente a espera.",stock,barcode_labels,afeta varios utilizadores,data_issue / low / technical_support,data_issue,high,technical_support,Helena Rocha
SIS-2026-0095,GrafiNorte SA,printing,URGENTE - Dados inconsistentes em barcode,"Depois do upload, o barcode_labels ficou com saldos incorretos. O cliente diz que o Excel original esta correto. Nota do utilizador: maybe it is just a setting.",stock,barcode_labels,urgente,training_needed / critical / infrastructure,data_issue,high,development,
SIS-2026-0096,FlexoPrime,printing,Need help understanding ambiente,"We need help understanding the flow. The client thinks something is missing, but it may be normal behavior in menu. Impacto informado: acontece algumas vezes. Nota do utilizador: ja reiniciamos e ficou igual.",general,notifications,impacto moderado,software_bug / critical / infrastructure,client_misunderstanding,medium,training_consulting,
SIS-2026-0097,AlfaForms,forms and labels,Timeout/lentidao no acesso a menu,"Desde esta manha ha problema de certificado, backup ou network e o ambiente fica inacessivel. Impacto informado: impacto moderado. Mixed note: please check today if possible, the client is confused and tired.",general,login,afeta uma equipa,infrastructure_problem / medium / infrastructure,infrastructure_problem,medium,infrastructure,
SIS-2026-0098,EuroPackaging PT,packaging,Sessao de esclarecimento sobre shop floor,"Precisamos de workshop para explicar o fluxo correto e boas praticas. Impacto informado: pode esperar. Nota do utilizador: p.f. confirmar. Mixed note: please check today if possible, the client is confused and tired.",production,shop_floor,melhoria para analisar,training_needed / low / support_level_1,training_needed,low,support_level_1,
SIS-2026-0099,MetalLabel,industrial manufacturing,Pedido de parametrizacao para webservice,"Can you change the workflow/template for external_accounting? The current settings do not match the client's process. Impacto informado: afeta uma equipa. Nota do utilizador: maybe it is just a setting. Mixed note: please check today if possible, the client is confused and tired.",integrations,external_accounting,acontece algumas vezes,configuration_request / medium / technical_support,configuration_request,medium,technical_support,
SIS-2026-0100,AlfaForms,forms and labels,VPN/server problem affects notifications,"Server seems unstable. Login works sometimes, then notifications stops responding. Nota do utilizador: isto acontece no ambiente real.",general,notifications,afeta uma equipa,software_bug / critical / training_consulting,infrastructure_problem,medium,infrastructure,
SIS-2026-0101,PlastiCentro,plastics,URGENTE - Saldo/valores nao batem em invoice,A listagem mostra records em falta e totais diferentes entre ecra e relatorio. Impacto informado: afeta varios utilizadores.,invoicing,tax_validation,fecho do mes,data_issue / high / development,data_issue,high,development,
SIS-2026-0102,Braga Print House,printing,Utilizador nao encontra opcao em navigation,"We need help understanding the flow. The client thinks something is missing, but it may be normal behavior in menu. Impacto informado: impacto moderado.",general,navigation,acontece algumas vezes,training_needed / critical / training_consulting,client_misunderstanding,medium,support_level_1,
SIS-2026-0103,EuroPackaging PT,packaging,Duvida sobre login / performance,O utilizador pergunta como fazer esta operacao no login. Parece que nao encontra o menu correto para performance. Nota do utilizador: maybe it is just a setting.,general,performance,pode esperar,client_misunderstanding / low / training_consulting,client_misunderstanding,low,training_consulting,
SIS-2026-0104,MetalLabel,industrial manufacturing,Saldo/valores nao batem em relatorio,"Os dados no KPI nao batem certo. Ha registos duplicados e valores estranhos depois de uma importacao CSV. Impacto informado: urgente. Nota do utilizador: maybe it is just a setting. Mixed note: please check today if possible, the client is confused and tired.",reporting,kpi_analysis,urgente,data_issue / high / technical_support,data_issue,high,technical_support,
SIS-2026-0105,EtiquetaFina,labels,Duvida sobre cliente / complaints,"We need help understanding the flow. The client thinks something is missing, but it may be normal behavior in CRM. Impacto informado: urgente. Nota do utilizador: maybe it is just a setting.",CRM,complaints,cliente a espera,software_bug / medium / training_consulting,client_misunderstanding,high,support_level_1,
SIS-2026-0106,Braga Print House,printing,Melhoria desejada em notificacoes,"O cliente gostava de uma nova opcao em login. Nao e erro, e melhoria para reduzir passos manuais. Nota do utilizador: nao sei se e bug ou configuracao.",general,login,melhoria para analisar,feature_request / low / support_level_1,feature_request,low,support_level_1,
SIS-2026-0107,PlastiCentro,plastics,Como fazer no ecra de performance?,O utilizador pergunta como fazer esta operacao no login. Parece que nao encontra o menu correto para notifications. Impacto informado: precisamos esta semana.,general,notifications,precisamos esta semana,infrastructure_problem / high / infrastructure,client_misunderstanding,medium,support_level_1,
SIS-2026-0108,EuroPackaging PT,packaging,Configurar password_policy em perfil,Can you change the workflow/template for password_policy? The current settings do not match the client's process. Impacto informado: precisamos esta semana.,user_permissions,password_policy,precisamos esta semana,configuration_request / medium / support_level_1,configuration_request,medium,training_consulting,
SIS-2026-0109,PrintWorks Porto,printing,Configurar dashboards em relatorio,"Pedido para ajustar permissoes, perfis ou parametros relacionados com relatorio. Impacto informado: precisamos esta semana. Nota do utilizador: o utilizador diz que ontem funcionava.",reporting,dashboards,impacto moderado,configuration_request / critical / technical_support,configuration_request,medium,technical_support,
SIS-2026-0110,FlexoPrime,printing,URGENTE - VPN/server problem affects warehouse_transfer,"O sistema esta muito lento e da timeout ao abrir barcode. Varios utilizadores reportam falha de rede/VPN. Se possivel, encaminhar para Rui Costa, que ja conhece este cliente.",stock,warehouse_transfer,sem faturar,infrastructure_problem / low / infrastructure,infrastructure_problem,critical,infrastructure,Rui Costa
SIS-2026-0111,Cartonagem Douro,packaging,Feature request: shop floor,Seria possivel adicionar uma regra extra no cost_calculation? Hoje fazem isto fora do sistema. Impacto informado: acontece algumas vezes. Nota do utilizador: ja reiniciamos e ficou igual.,production,cost_calculation,acontece algumas vezes,infrastructure_problem / high / training_consulting,feature_request,medium,account_management,
SIS-2026-0112,AlfaForms,forms and labels,Duvida sobre custos / shop_floor,"We need help understanding the flow. The client thinks something is missing, but it may be normal behavior in planeamento. Nota do utilizador: ja reiniciamos e ficou igual.",production,shop_floor,quando possivel,feature_request / high / development,client_misunderstanding,low,support_level_1,
SIS-2026-0113,PrintWorks Porto,printing,Duplicados depois de upload para kpi_analysis,A listagem mostra records em falta e totais diferentes entre ecra e relatorio. Nota do utilizador: isto acontece no ambiente real.,reporting,kpi_analysis,pode esperar,data_issue / low / account_management,data_issue,low,account_management,
SIS-2026-0114,EuroPackaging PT,packaging,Duvida sobre export Excel / dashboards,O utilizador pergunta como fazer esta operacao no relatorio. Parece que nao encontra o menu correto para dashboards. Impacto informado: afeta uma equipa. Nota do utilizador: temos prints mas ainda nao anexei.,reporting,dashboards,precisamos esta semana,client_misunderstanding / medium / support_level_1,client_misunderstanding,medium,support_level_1,
SIS-2026-0115,LusoPack Embalagens,packaging,Sessao de esclarecimento sobre contactos,"Entraram novos utilizadores e precisam de formacao sobre cliente. Querem exemplos praticos para opportunities. Se possivel, encaminhar para Ana Martins, que ja conhece este cliente. Impacto informado: duvida simples. Nota do utilizador: ja reiniciamos e ficou igual.",CRM,opportunities,sem urgencia,training_needed / low / support_level_1,training_needed,low,training_consulting,Ana Martins
SIS-2026-0116,Braga Print House,printing,dashboard bloqueia ao validar dashboards,"Estamos a receber stacktrace no dashboards. Parece bug porque o mesmo processo funcionava ontem. Se possivel, encaminhar para Joao Pereira, que ja conhece este cliente. Impacto informado: cliente a espera. Nota do utilizador: maybe it is just a setting. Mixed note: please check today if possible, the client is confused and tired.",reporting,dashboards,precisamos ainda hoje,software_bug / high / development,software_bug,high,development,Joao Pereira
SIS-2026-0117,LusoPack Embalagens,packaging,Utilizador nao encontra opcao em custom_reports,O utilizador pergunta como fazer esta operacao no KPI. Parece que nao encontra o menu correto para custom_reports. Impacto informado: quando possivel.,reporting,custom_reports,pode esperar,client_misunderstanding / low / support_level_1,client_misunderstanding,low,support_level_1,
SIS-2026-0118,Braga Print House,printing,Dados inconsistentes em IVA,"Depois do upload, o saft_export ficou com saldos incorretos. O cliente diz que o Excel original esta correto. Impacto informado: urgente. Nota do utilizador: sorry pelo detalhe incompleto. Mixed note: please check today if possible, the client is confused and tired.",accounting,saft_export,precisamos ainda hoje,data_issue / high / support_level_1,data_issue,high,support_level_1,
SIS-2026-0119,TextilMinho,textile,Configurar scheduling em shop floor,Can you change the workflow/template for scheduling? The current settings do not match the client's process. Impacto informado: acontece algumas vezes. Nota do utilizador: sorry pelo detalhe incompleto.,production,scheduling,afeta uma equipa,configuration_request / medium / training_consulting,configuration_request,medium,training_consulting,Rui Costa
SIS-2026-0120,MetalLabel,industrial manufacturing,Erro no serie de faturacao: tax_validation nao grava,Estamos a receber stacktrace no tax_validation. Parece bug porque o mesmo processo funcionava ontem. Impacto informado: precisamos ainda hoje.,invoicing,tax_validation,precisamos ainda hoje,client_misunderstanding / critical / technical_support,software_bug,high,development,Rui Costa
SIS-2026-0121,EtiquetaFina,labels,Permissoes e settings para IVA,"Precisamos configurar regras novas no factura, especialmente no invoice_emission. E uma parametrizacao pedida pela direcao. Impacto informado: acontece algumas vezes. Nota do utilizador: sorry pelo detalhe incompleto.",invoicing,invoice_emission,precisamos esta semana,configuration_request / medium / development,configuration_request,medium,development,Miguel Santos
SIS-2026-0122,PlastiCentro,plastics,Importacao criou registos errados no api,Os dados no EDI nao batem certo. Ha registos duplicados e valores estranhos depois de uma importacao CSV.,integrations,api,precisamos esta semana,data_issue / medium / development,data_issue,medium,development,
SIS-2026-0123,Braga Print House,printing,Permissoes e settings para integracao,"Pedido para ajustar permissoes, perfis ou parametros relacionados com webservice.",integrations,api,precisamos esta semana,infrastructure_problem / high / technical_support,configuration_request,medium,training_consulting,
SIS-2026-0124,AlfaForms,forms and labels,Configurar e_invoice em fatura,"Precisamos configurar regras novas no fatura, especialmente no e_invoice. E uma parametrizacao pedida pela direcao. Nota do utilizador: nao sei se e bug ou configuracao.",invoicing,e_invoice,precisamos esta semana,training_needed / low / technical_support,configuration_request,medium,training_consulting,
SIS-2026-0125,Cartonagem Douro,packaging,URGENTE - Timeout/lentidao no acesso a ordem de fabrico,"Server seems unstable. Login works sometimes, then work_orders stops responding. Impacto informado: todos os utilizadores bloqueados. Mixed note: please check today if possible, the client is confused and tired.",production,work_orders,todos os utilizadores bloqueados,infrastructure_problem / critical / technical_support,infrastructure_problem,critical,infrastructure,
SIS-2026-0126,PlastiCentro,plastics,URGENTE - Pedido de parametrizacao para permissoes,Can you change the workflow/template for approvals? The current settings do not match the client's process. Nota do utilizador: isto acontece no ambiente real.,user_permissions,approvals,afeta varios utilizadores,client_misunderstanding / critical / account_management,configuration_request,high,development,
SIS-2026-0127,PlastiCentro,plastics,Erro no ordem de fabrico: scheduling nao grava,"After the last update, ordem de fabrico started throwing an exception in scheduling. Users repeat the same steps and it crashes. Nota do utilizador: maybe it is just a setting. Mixed note: please check today if possible, the client is confused and tired.",production,scheduling,afeta varios utilizadores,software_bug / high / account_management,software_bug,high,development,
SIS-2026-0128,FlexoPrime,printing,Sessao de esclarecimento sobre planeamento,"A equipa esta a usar mal o processo. Sugerimos uma sessao curta de training para evitar tickets repetidos. Se possivel, encaminhar para Helena Rocha, que ja conhece este cliente. Impacto informado: acontece algumas vezes. Nota do utilizador: ja reiniciamos e ficou igual.",production,work_orders,acontece algumas vezes,configuration_request / high / technical_support,training_needed,medium,training_consulting,Helena Rocha
SIS-2026-0129,LusoPack Embalagens,packaging,URGENTE - Pedido de parametrizacao para shop floor,"Pedido para ajustar permissoes, perfis ou parametros relacionados com producao. Nota do utilizador: temos prints mas ainda nao anexei.",production,scheduling,urgente,configuration_request / low / development,configuration_request,high,development,Ana Martins
SIS-2026-0130,Cartonagem Douro,packaging,Need help understanding inventario,O utilizador pergunta como fazer esta operacao no armazem. Parece que nao encontra o menu correto para warehouse_transfer. Nota do utilizador: sorry pelo detalhe incompleto.,stock,warehouse_transfer,urgente,client_misunderstanding / high / support_level_1,client_misunderstanding,high,support_level_1,
SIS-2026-0131,Cartonagem Douro,packaging,URGENTE - Bug after update in invoice,"Bom dia, no cliente Cartonagem Douro aparece erro 500 quando tentamos usar invoice. O tax_validation fica bloqueado e nao grava os dados. Impacto informado: todos os utilizadores bloqueados. Nota do utilizador: o utilizador diz que ontem funcionava.",invoicing,tax_validation,deadline hoje,software_bug / critical / development,software_bug,critical,development,
SIS-2026-0132,Cartonagem Douro,packaging,Configurar work_orders em ordem de fabrico,"Precisamos configurar regras novas no producao, especialmente no work_orders. E uma parametrizacao pedida pela direcao. Se possivel, encaminhar para Ana Martins, que ja conhece este cliente. Impacto informado: afeta uma equipa. Nota do utilizador: sorry pelo detalhe incompleto.",production,work_orders,afeta uma equipa,infrastructure_problem / critical / infrastructure,configuration_request,medium,training_consulting,Ana Martins
SIS-2026-0133,EuroPackaging PT,packaging,Timeout/lentidao no acesso a EDI,"Server seems unstable. Login works sometimes, then api stops responding. Impacto informado: afeta varios utilizadores. Nota do utilizador: temos prints mas ainda nao anexei. Mixed note: please check today if possible, the client is confused and tired.",integrations,api,cliente a espera,infrastructure_problem / high / infrastructure,infrastructure_problem,high,infrastructure,
SIS-2026-0134,Braga Print House,printing,URGENTE - Importacao criou registos errados no credit_notes,A listagem mostra records em falta e totais diferentes entre ecra e relatorio. Impacto informado: producao parada.,invoicing,credit_notes,deadline hoje,software_bug / high / training_consulting,data_issue,critical,development,
SIS-2026-0135,TextilMinho,textile,Bug after update in stock,"After the last update, movimentos started throwing an exception in warehouse_transfer. Users repeat the same steps and it crashes. Nota do utilizador: isto acontece no ambiente real. Mixed note: please check today if possible, the client is confused and tired.",stock,warehouse_transfer,urgente,software_bug / critical / support_level_1,software_bug,high,support_level_1,
SIS-2026-0136,Cartonagem Douro,packaging,reconciliacao bancaria bloqueia ao validar vat_report,"Bom dia, no cliente Cartonagem Douro aparece erro 500 quando tentamos usar SAF-T. O vat_report fica bloqueado e nao grava os dados. Nota do utilizador: sorry pelo detalhe incompleto. Mixed note: please check today if possible, the client is confused and tired.",accounting,vat_report,afeta varios utilizadores,software_bug / high / development,software_bug,high,development,
SIS-2026-0137,LusoPack Embalagens,packaging,Configurar warehouse_transfer em movimentos,"Precisamos configurar regras novas no armazem, especialmente no warehouse_transfer. E uma parametrizacao pedida pela direcao. Nota do utilizador: p.f. confirmar. Mixed note: please check today if possible, the client is confused and tired.",stock,warehouse_transfer,precisamos esta semana,configuration_request / medium / technical_support,configuration_request,medium,technical_support,Miguel Santos
SIS-2026-0138,TextilMinho,textile,Nova opcao para edi,"Feature request para avaliar em roadmap; o processo atual funciona mas tem muito trabalho manual. Se possivel, encaminhar para Ana Martins, que ja conhece este cliente. Nota do utilizador: o utilizador diz que ontem funcionava.",integrations,edi,quando possivel,feature_request / low / account_management,feature_request,low,account_management,Ana Martins
SIS-2026-0139,GrafiNorte SA,printing,Exception quando usamos excel_export,"Bom dia, no cliente GrafiNorte SA aparece erro 500 quando tentamos usar relatorio. O excel_export fica bloqueado e nao grava os dados. Se possivel, encaminhar para Helena Rocha, que ja conhece este cliente. Nota do utilizador: maybe it is just a setting.",reporting,excel_export,impacto moderado,software_bug / medium / technical_support,software_bug,medium,technical_support,Helena Rocha
SIS-2026-0140,TextilMinho,textile,Dados inconsistentes em factura,A listagem mostra records em falta e totais diferentes entre ecra e relatorio. Nota do utilizador: ja reiniciamos e ficou igual.,invoicing,credit_notes,pode esperar,data_issue / critical / technical_support,data_issue,low,technical_support,
SIS-2026-0141,MetalLabel,industrial manufacturing,Erro no dashboard: excel_export nao grava,"Estamos a receber stacktrace no excel_export. Parece bug porque o mesmo processo funcionava ontem. Mixed note: please check today if possible, the client is confused and tired.",reporting,excel_export,acontece algumas vezes,configuration_request / critical / training_consulting,software_bug,medium,support_level_1,
SIS-2026-0142,AlfaForms,forms and labels,VPN/server problem affects navigation,"Desde esta manha ha problema de certificado, backup ou network e o ambiente fica inacessivel. Se possivel, encaminhar para Miguel Santos, que ja conhece este cliente. Impacto informado: deadline hoje. Nota do utilizador: ja reiniciamos e ficou igual. Mixed note: please check today if possible, the client is confused and tired.",general,navigation,cannot invoice,infrastructure_problem / high / infrastructure,infrastructure_problem,critical,infrastructure,Miguel Santos
SIS-2026-0143,Cartonagem Douro,packaging,Erro no factura: tax_validation nao grava,Estamos a receber stacktrace no tax_validation. Parece bug porque o mesmo processo funcionava ontem. Impacto informado: producao parada. Nota do utilizador: isto acontece no ambiente real.,invoicing,tax_validation,critico,software_bug / critical / training_consulting,software_bug,critical,technical_support,Joao Pereira
SIS-2026-0144,AlfaForms,forms and labels,Nova opcao para warehouse_transfer,"O cliente gostava de uma nova opcao em barcode. Nao e erro, e melhoria para reduzir passos manuais. Impacto informado: precisamos esta semana. Nota do utilizador: temos prints mas ainda nao anexei.",stock,warehouse_transfer,acontece algumas vezes,feature_request / medium / account_management,feature_request,medium,account_management,
SIS-2026-0145,EtiquetaFina,labels,URGENTE - Importacao criou registos errados no barcode_labels,"Depois do upload, o barcode_labels ficou com saldos incorretos. O cliente diz que o Excel original esta correto. Impacto informado: sem faturar. Mixed note: please check today if possible, the client is confused and tired.",stock,barcode_labels,producao parada,feature_request / high / development,data_issue,critical,account_management,
SIS-2026-0146,GrafiNorte SA,printing,Need help understanding menu,Duvida funcional: onde esta a opcao para navigation? Nao parece erro tecnico. Impacto informado: impacto moderado.,general,navigation,impacto moderado,client_misunderstanding / medium / training_consulting,client_misunderstanding,medium,training_consulting,
SIS-2026-0147,LusoPack Embalagens,packaging,Configurar dashboards em dashboard,"Pedido para ajustar permissoes, perfis ou parametros relacionados com analise.",reporting,dashboards,impacto moderado,configuration_request / medium / technical_support,configuration_request,medium,technical_support,Joao Pereira
SIS-2026-0148,Braga Print House,printing,URGENTE - Bug after update in shop floor,"Bom dia, no cliente Braga Print House aparece erro 500 quando tentamos usar planeamento. O scheduling fica bloqueado e nao grava os dados. Impacto informado: precisamos ainda hoje. Nota do utilizador: ja reiniciamos e ficou igual. Mixed note: please check today if possible, the client is confused and tired.",production,scheduling,fecho do mes,feature_request / low / training_consulting,software_bug,high,development,
SIS-2026-0149,PlastiCentro,plastics,URGENTE - Duplicados depois de upload para external_accounting,"Depois do upload, o external_accounting ficou com saldos incorretos. O cliente diz que o Excel original esta correto. Impacto informado: fecho do mes. Nota do utilizador: p.f. confirmar.",integrations,external_accounting,fecho do mes,infrastructure_problem / low / development,data_issue,high,technical_support,
SIS-2026-0150,MetalLabel,industrial manufacturing,Exception quando usamos cost_calculation,"After the last update, custos started throwing an exception in cost_calculation. Users repeat the same steps and it crashes. Se possivel, encaminhar para Rui Costa, que ja conhece este cliente.",production,cost_calculation,pode esperar,infrastructure_problem / critical / training_consulting,software_bug,low,development,Rui Costa
SIS-2026-0151,EuroPackaging PT,packaging,Feature request: ambiente,Seria possivel adicionar uma regra extra no notifications? Hoje fazem isto fora do sistema. Impacto informado: sem urgencia. Nota do utilizador: o utilizador diz que ontem funcionava.,general,notifications,quando possivel,feature_request / critical / account_management,feature_request,low,account_management,
SIS-2026-0152,AlfaForms,forms and labels,Dados inconsistentes em fatura,"Depois do upload, o credit_notes ficou com saldos incorretos. O cliente diz que o Excel original esta correto. Impacto informado: precisamos esta semana. Nota do utilizador: maybe it is just a setting.",invoicing,credit_notes,afeta uma equipa,data_issue / critical / technical_support,data_issue,medium,technical_support,
SIS-2026-0153,EtiquetaFina,labels,URGENTE - Dados inconsistentes em invoice,"Depois do upload, o credit_notes ficou com saldos incorretos. O cliente diz que o Excel original esta correto. Impacto informado: fecho do mes. Mixed note: please check today if possible, the client is confused and tired.",invoicing,credit_notes,fecho do mes,data_issue / high / technical_support,data_issue,high,technical_support,Rui Costa
SIS-2026-0154,PlastiCentro,plastics,Duvida sobre KPI / dashboards,"We need help understanding the flow. The client thinks something is missing, but it may be normal behavior in analise. Impacto informado: quando possivel. Nota do utilizador: o utilizador diz que ontem funcionava.",reporting,dashboards,pode esperar,client_misunderstanding / low / support_level_1,client_misunderstanding,low,support_level_1,
SIS-2026-0155,Cartonagem Douro,packaging,Falha de rede ao abrir notificacoes,"Server seems unstable. Login works sometimes, then login stops responding. Impacto informado: urgente. Nota do utilizador: sorry pelo detalhe incompleto.",general,login,fecho do mes,infrastructure_problem / high / infrastructure,infrastructure_problem,high,infrastructure,
SIS-2026-0156,TextilMinho,textile,VPN/server problem affects login,"Desde esta manha ha problema de certificado, backup ou network e o ambiente fica inacessivel. Impacto informado: afeta varios utilizadores.",general,login,cliente a espera,infrastructure_problem / high / development,infrastructure_problem,high,infrastructure,
SIS-2026-0157,Cartonagem Douro,packaging,Feature request: barcode,Feature request para avaliar em roadmap; o processo atual funciona mas tem muito trabalho manual. Impacto informado: pode esperar. Nota do utilizador: maybe it is just a setting.,stock,barcode_labels,quando possivel,configuration_request / critical / training_consulting,feature_request,low,account_management,
SIS-2026-0158,FlexoPrime,printing,Bug after update in factura,"Estamos a receber stacktrace no e_invoice. Parece bug porque o mesmo processo funcionava ontem. Impacto informado: urgente. Nota do utilizador: maybe it is just a setting. Mixed note: please check today if possible, the client is confused and tired.",invoicing,e_invoice,fecho do mes,software_bug / high / technical_support,software_bug,high,technical_support,
SIS-2026-0159,EuroPackaging PT,packaging,Alterar workflow/template de edi,"Precisamos configurar regras novas no EDI, especialmente no edi. E uma parametrizacao pedida pela direcao. Impacto informado: acontece algumas vezes.",integrations,edi,impacto moderado,configuration_request / medium / training_consulting,configuration_request,medium,training_consulting,
SIS-2026-0160,FlexoPrime,printing,Ambiente Sistrade instavel,O sistema esta muito lento e da timeout ao abrir export Excel. Varios utilizadores reportam falha de rede/VPN. Nota do utilizador: ja reiniciamos e ficou igual.,reporting,custom_reports,fecho do mes,infrastructure_problem / high / infrastructure,infrastructure_problem,high,infrastructure,
SIS-2026-0161,TextilMinho,textile,URGENTE - Falha de rede ao abrir integracao,"Server seems unstable. Login works sometimes, then webservices stops responding. Se possivel, encaminhar para Joao Pereira, que ja conhece este cliente. Impacto informado: urgente. Mixed note: please check today if possible, the client is confused and tired.",integrations,webservices,fecho do mes,infrastructure_problem / high / technical_support,infrastructure_problem,high,technical_support,Joao Pereira
SIS-2026-0162,PlastiCentro,plastics,Formacao para equipa em oportunidade,Precisamos de workshop para explicar o fluxo correto e boas praticas. Impacto informado: pode esperar. Nota do utilizador: sorry pelo detalhe incompleto.,CRM,customer_cards,melhoria para analisar,client_misunderstanding / medium / support_level_1,training_needed,low,training_consulting,
SIS-2026-0163,FlexoPrime,printing,Duplicados depois de upload para vat_report,A listagem mostra records em falta e totais diferentes entre ecra e relatorio. Impacto informado: precisamos esta semana.,accounting,vat_report,precisamos esta semana,data_issue / medium / development,data_issue,medium,development,Ana Martins
SIS-2026-0164,MetalLabel,industrial manufacturing,Alterar workflow/template de access_rights,"Pedido para ajustar permissoes, perfis ou parametros relacionados com password. Se possivel, encaminhar para Marta Silva, que ja conhece este cliente. Nota do utilizador: nao sei se e bug ou configuracao. Mixed note: please check today if possible, the client is confused and tired.",user_permissions,access_rights,afeta uma equipa,configuration_request / medium / infrastructure,configuration_request,medium,technical_support,Marta Silva
SIS-2026-0165,EuroPackaging PT,packaging,URGENTE - Bug after update in ecommerce,"After the last update, API started throwing an exception in api. Users repeat the same steps and it crashes. Impacto informado: precisamos ainda hoje. Nota do utilizador: o utilizador diz que ontem funcionava. Mixed note: please check today if possible, the client is confused and tired.",integrations,api,precisamos ainda hoje,software_bug / high / development,software_bug,high,development,
SIS-2026-0166,EtiquetaFina,labels,Bug after update in webservice,"Bom dia, no cliente EtiquetaFina aparece erro 500 quando tentamos usar API. O webservices fica bloqueado e nao grava os dados. Mixed note: please check today if possible, the client is confused and tired.",integrations,webservices,impacto moderado,software_bug / medium / development,software_bug,medium,development,
SIS-2026-0167,FlexoPrime,printing,Erro no ordem de fabrico: scheduling nao grava,Estamos a receber stacktrace no scheduling. Parece bug porque o mesmo processo funcionava ontem. Impacto informado: fecho do mes.,production,scheduling,urgente,software_bug / high / development,software_bug,high,support_level_1,
SIS-2026-0168,Cartonagem Douro,packaging,Ambiente Sistrade instavel,"Desde esta manha ha problema de certificado, backup ou network e o ambiente fica inacessivel. Impacto informado: deadline hoje. Nota do utilizador: maybe it is just a setting.",stock,barcode_labels,ASAP,client_misunderstanding / low / training_consulting,infrastructure_problem,critical,infrastructure,Rui Costa
SIS-2026-0169,EuroPackaging PT,packaging,URGENTE - Duplicados depois de upload para credit_notes,Os dados no serie de faturacao nao batem certo. Ha registos duplicados e valores estranhos depois de uma importacao CSV. Impacto informado: afeta varios utilizadores. Nota do utilizador: nao sei se e bug ou configuracao.,invoicing,credit_notes,cliente a espera,data_issue / high / development,data_issue,high,development,
SIS-2026-0170,AlfaForms,forms and labels,Saldo/valores nao batem em integracao,"Os dados no integracao nao batem certo. Ha registos duplicados e valores estranhos depois de uma importacao CSV. Se possivel, encaminhar para Miguel Santos, que ja conhece este cliente. Impacto informado: cliente a espera.",integrations,webservices,cliente a espera,software_bug / medium / infrastructure,data_issue,high,development,Miguel Santos
SIS-2026-0171,PrintWorks Porto,printing,Erro no planeamento: cost_calculation nao grava,"After the last update, planeamento started throwing an exception in cost_calculation. Users repeat the same steps and it crashes. Impacto informado: fecho do mes. Nota do utilizador: o utilizador diz que ontem funcionava.",production,cost_calculation,precisamos ainda hoje,software_bug / high / development,software_bug,high,development,
SIS-2026-0172,EuroPackaging PT,packaging,Formacao para equipa em acessos,Precisamos de workshop para explicar o fluxo correto e boas praticas. Nota do utilizador: isto acontece no ambiente real.,user_permissions,approvals,precisamos esta semana,training_needed / critical / training_consulting,training_needed,medium,training_consulting,
SIS-2026-0173,LusoPack Embalagens,packaging,Need help understanding contactos,"O utilizador pergunta como fazer esta operacao no CRM. Parece que nao encontra o menu correto para complaints. Se possivel, encaminhar para Joao Pereira, que ja conhece este cliente. Nota do utilizador: sorry pelo detalhe incompleto.",CRM,complaints,impacto moderado,client_misunderstanding / medium / support_level_1,client_misunderstanding,medium,support_level_1,Joao Pereira
SIS-2026-0174,EuroPackaging PT,packaging,URGENTE - Exception quando usamos journal_entries,Estamos a receber stacktrace no journal_entries. Parece bug porque o mesmo processo funcionava ontem. Impacto informado: critico. Nota do utilizador: maybe it is just a setting.,accounting,journal_entries,critico,software_bug / critical / development,software_bug,critical,development,
SIS-2026-0175,AlfaForms,forms and labels,Exception quando usamos shop_floor,"Bom dia, no cliente AlfaForms aparece erro 500 quando tentamos usar shop floor. O shop_floor fica bloqueado e nao grava os dados. Impacto informado: afeta varios utilizadores.",production,shop_floor,cliente a espera,software_bug / high / development,software_bug,high,development,
SIS-2026-0176,FlexoPrime,printing,Sessao de esclarecimento sobre perfil,Precisamos de workshop para explicar o fluxo correto e boas praticas. Impacto informado: duvida simples.,user_permissions,access_rights,quando possivel,infrastructure_problem / high / infrastructure,training_needed,low,training_consulting,
SIS-2026-0177,TextilMinho,textile,Erro no factura: invoice_emission nao grava,"After the last update, invoice started throwing an exception in invoice_emission. Users repeat the same steps and it crashes. Nota do utilizador: nao sei se e bug ou configuracao.",invoicing,invoice_emission,precisamos esta semana,configuration_request / critical / account_management,software_bug,medium,technical_support,
SIS-2026-0178,EuroPackaging PT,packaging,Sessao de esclarecimento sobre stock,Precisamos de workshop para explicar o fluxo correto e boas praticas. Impacto informado: impacto moderado.,stock,inventory_counts,afeta uma equipa,training_needed / medium / training_consulting,training_needed,medium,training_consulting,Helena Rocha
SIS-2026-0179,MetalLabel,industrial manufacturing,Utilizador nao encontra opcao em login,"O utilizador pergunta como fazer esta operacao no menu. Parece que nao encontra o menu correto para login. Se possivel, encaminhar para Ana Martins, que ja conhece este cliente. Impacto informado: quando possivel. Nota do utilizador: temos prints mas ainda nao anexei. Mixed note: please check today if possible, the client is confused and tired.",general,login,melhoria para analisar,client_misunderstanding / low / account_management,client_misunderstanding,low,support_level_1,Ana Martins
SIS-2026-0180,MetalLabel,industrial manufacturing,Como fazer no ecra de producao?,"O utilizador pergunta como fazer esta operacao no planeamento. Parece que nao encontra o menu correto para shop_floor. Se possivel, encaminhar para Joao Pereira, que ja conhece este cliente.",production,shop_floor,pode esperar,client_misunderstanding / low / support_level_1,client_misunderstanding,low,support_level_1,Joao Pereira
SIS-2026-0181,EtiquetaFina,labels,Pedido de parametrizacao para custos,"Precisamos configurar regras novas no producao, especialmente no work_orders. E uma parametrizacao pedida pela direcao. Impacto informado: duvida simples. Nota do utilizador: maybe it is just a setting.",production,work_orders,pode esperar,data_issue / critical / account_management,configuration_request,low,technical_support,
SIS-2026-0182,MetalLabel,industrial manufacturing,Bug after update in armazem,Estamos a receber stacktrace no inventory_counts. Parece bug porque o mesmo processo funcionava ontem.,stock,inventory_counts,afeta uma equipa,software_bug / critical / support_level_1,software_bug,medium,support_level_1,
SIS-2026-0183,TextilMinho,textile,Bug after update in movimentos,"After the last update, inventario started throwing an exception in barcode_labels. Users repeat the same steps and it crashes. Impacto informado: impacto moderado. Nota do utilizador: maybe it is just a setting. Mixed note: please check today if possible, the client is confused and tired.",stock,barcode_labels,afeta uma equipa,software_bug / medium / development,software_bug,medium,development,
SIS-2026-0184,MetalLabel,industrial manufacturing,URGENTE - Dados inconsistentes em custos,"A listagem mostra records em falta e totais diferentes entre ecra e relatorio. Se possivel, encaminhar para Miguel Santos, que ja conhece este cliente. Impacto informado: afeta varios utilizadores. Nota do utilizador: maybe it is just a setting.",production,work_orders,fecho do mes,infrastructure_problem / medium / development,data_issue,high,technical_support,Miguel Santos
SIS-2026-0185,MetalLabel,industrial manufacturing,Seria possivel adicionar regra em bank_reconciliation?,Feature request para avaliar em roadmap; o processo atual funciona mas tem muito trabalho manual. Impacto informado: fecho do mes. Nota do utilizador: sorry pelo detalhe incompleto.,accounting,bank_reconciliation,urgente,client_misunderstanding / low / technical_support,feature_request,high,account_management,Ana Martins
SIS-2026-0186,MetalLabel,industrial manufacturing,fatura bloqueia ao validar invoice_emission,Estamos a receber stacktrace no invoice_emission. Parece bug porque o mesmo processo funcionava ontem. Impacto informado: producao parada.,invoicing,invoice_emission,critico,software_bug / critical / technical_support,software_bug,critical,technical_support,
SIS-2026-0187,FlexoPrime,printing,IVA bloqueia ao validar credit_notes,"After the last update, serie de faturacao started throwing an exception in credit_notes. Users repeat the same steps and it crashes. Impacto informado: cliente a espera. Nota do utilizador: nao sei se e bug ou configuracao.",invoicing,credit_notes,cliente a espera,software_bug / critical / development,software_bug,high,development,
SIS-2026-0188,MetalLabel,industrial manufacturing,Utilizador nao encontra opcao em commercial_pipeline,"We need help understanding the flow. The client thinks something is missing, but it may be normal behavior in contactos. Impacto informado: pode esperar.",CRM,commercial_pipeline,pode esperar,feature_request / medium / account_management,client_misunderstanding,low,support_level_1,Miguel Santos
SIS-2026-0189,PrintWorks Porto,printing,URGENTE - Exception quando usamos e_invoice,"After the last update, IVA started throwing an exception in e_invoice. Users repeat the same steps and it crashes. Impacto informado: fecho do mes. Nota do utilizador: p.f. confirmar.",invoicing,e_invoice,cliente a espera,software_bug / high / support_level_1,software_bug,high,support_level_1,
SIS-2026-0190,AlfaForms,forms and labels,Feature request: barcode,"O cliente gostava de uma nova opcao em stock. Nao e erro, e melhoria para reduzir passos manuais. Impacto informado: quando possivel. Nota do utilizador: ja reiniciamos e ficou igual. Mixed note: please check today if possible, the client is confused and tired.",stock,warehouse_transfer,quando possivel,feature_request / low / account_management,feature_request,low,account_management,
SIS-2026-0191,LusoPack Embalagens,packaging,Alterar workflow/template de work_orders,Can you change the workflow/template for work_orders? The current settings do not match the client's process. Impacto informado: pode esperar. Nota do utilizador: p.f. confirmar.,production,work_orders,pode esperar,infrastructure_problem / high / infrastructure,configuration_request,low,training_consulting,
SIS-2026-0192,AlfaForms,forms and labels,Pedido de parametrizacao para dashboard,"Precisamos configurar regras novas no relatorio, especialmente no excel_export. E uma parametrizacao pedida pela direcao. Se possivel, encaminhar para Joao Pereira, que ja conhece este cliente. Impacto informado: precisamos esta semana. Mixed note: please check today if possible, the client is confused and tired.",reporting,excel_export,impacto moderado,configuration_request / medium / training_consulting,configuration_request,medium,training_consulting,Joao Pereira
SIS-2026-0193,PlastiCentro,plastics,Pedido de parametrizacao para custos,"Precisamos configurar regras novas no ordem de fabrico, especialmente no scheduling. E uma parametrizacao pedida pela direcao. Se possivel, encaminhar para Ana Martins, que ja conhece este cliente. Nota do utilizador: p.f. confirmar.",production,scheduling,acontece algumas vezes,feature_request / low / development,configuration_request,medium,training_consulting,Ana Martins
SIS-2026-0194,AlfaForms,forms and labels,Saldo/valores nao batem em IVA,"A listagem mostra records em falta e totais diferentes entre ecra e relatorio. Se possivel, encaminhar para Helena Rocha, que ja conhece este cliente. Impacto informado: precisamos esta semana. Nota do utilizador: ja reiniciamos e ficou igual. Mixed note: please check today if possible, the client is confused and tired.",invoicing,credit_notes,acontece algumas vezes,data_issue / medium / support_level_1,data_issue,medium,support_level_1,Helena Rocha
SIS-2026-0195,AlfaForms,forms and labels,Permissoes e settings para permissoes,"Pedido para ajustar permissoes, perfis ou parametros relacionados com perfil. Se possivel, encaminhar para Helena Rocha, que ja conhece este cliente.",user_permissions,roles_profiles,afeta uma equipa,training_needed / high / infrastructure,configuration_request,medium,support_level_1,Helena Rocha
SIS-2026-0196,EtiquetaFina,labels,Training request for inventory_counts,Precisamos de workshop para explicar o fluxo correto e boas praticas. Impacto informado: quando possivel. Nota do utilizador: nao sei se e bug ou configuracao.,stock,inventory_counts,sem urgencia,training_needed / low / training_consulting,training_needed,low,training_consulting,
SIS-2026-0197,FlexoPrime,printing,Sessao de esclarecimento sobre IVA,"Entraram novos utilizadores e precisam de formacao sobre IVA. Querem exemplos praticos para invoice_emission. Se possivel, encaminhar para Helena Rocha, que ja conhece este cliente. Nota do utilizador: maybe it is just a setting.",invoicing,invoice_emission,melhoria para analisar,training_needed / low / training_consulting,training_needed,low,training_consulting,Helena Rocha
SIS-2026-0198,Braga Print House,printing,Como fazer no ecra de relatorio?,"Duvida funcional: onde esta a opcao para custom_reports? Nao parece erro tecnico. Se possivel, encaminhar para Miguel Santos, que ja conhece este cliente. Impacto informado: impacto moderado. Nota do utilizador: isto acontece no ambiente real.",reporting,custom_reports,acontece algumas vezes,client_misunderstanding / medium / support_level_1,client_misunderstanding,medium,support_level_1,Miguel Santos
SIS-2026-0199,LusoPack Embalagens,packaging,Alterar workflow/template de api,"Pedido para ajustar permissoes, perfis ou parametros relacionados com ecommerce. Impacto informado: sem urgencia. Nota do utilizador: p.f. confirmar.",integrations,api,melhoria para analisar,infrastructure_problem / high / account_management,configuration_request,low,technical_support,
SIS-2026-0200,TextilMinho,textile,Duplicados depois de upload para dashboards,A listagem mostra records em falta e totais diferentes entre ecra e relatorio. Nota do utilizador: nao sei se e bug ou configuracao.,reporting,dashboards,impacto moderado,data_issue / medium / development,data_issue,medium,development,Marta Silva
SIS-2026-0201,GrafiNorte SA,printing,Formacao para equipa em producao,Entraram novos utilizadores e precisam de formacao sobre custos. Querem exemplos praticos para scheduling.,production,scheduling,pode esperar,training_needed / low / training_consulting,training_needed,low,training_consulting,Rui Costa
SIS-2026-0202,PrintWorks Porto,printing,URGENTE - Duplicados depois de upload para shop_floor,A listagem mostra records em falta e totais diferentes entre ecra e relatorio. Impacto informado: ASAP.,production,shop_floor,deadline hoje,data_issue / critical / technical_support,data_issue,critical,technical_support,
SIS-2026-0203,LusoPack Embalagens,packaging,Utilizador nao encontra opcao em credit_notes,O utilizador pergunta como fazer esta operacao no invoice. Parece que nao encontra o menu correto para credit_notes.,invoicing,credit_notes,acontece algumas vezes,client_misunderstanding / medium / training_consulting,client_misunderstanding,medium,training_consulting,
SIS-2026-0204,Cartonagem Douro,packaging,Falha de rede ao abrir login,"Server seems unstable. Login works sometimes, then notifications stops responding. Se possivel, encaminhar para Ana Martins, que ja conhece este cliente. Impacto informado: producao parada.",general,notifications,producao parada,data_issue / low / account_management,infrastructure_problem,critical,technical_support,Ana Martins
SIS-2026-0205,MetalLabel,industrial manufacturing,Dados inconsistentes em barcode,A listagem mostra records em falta e totais diferentes entre ecra e relatorio. Impacto informado: impacto moderado.,stock,stock_movements,acontece algumas vezes,data_issue / medium / development,data_issue,medium,development,
SIS-2026-0206,Cartonagem Douro,packaging,URGENTE - planeamento bloqueia ao validar shop_floor,"Bom dia, no cliente Cartonagem Douro aparece erro 500 quando tentamos usar planeamento. O shop_floor fica bloqueado e nao grava os dados. Se possivel, encaminhar para Rui Costa, que ja conhece este cliente.",production,shop_floor,cliente a espera,configuration_request / critical / training_consulting,software_bug,high,development,Rui Costa
SIS-2026-0207,PrintWorks Porto,printing,Sessao de esclarecimento sobre export Excel,Entraram novos utilizadores e precisam de formacao sobre KPI. Querem exemplos praticos para kpi_analysis. Impacto informado: afeta uma equipa.,reporting,kpi_analysis,precisamos esta semana,training_needed / medium / training_consulting,training_needed,medium,training_consulting,Miguel Santos
SIS-2026-0208,Cartonagem Douro,packaging,Como fazer no ecra de armazem?,Duvida funcional: onde esta a opcao para barcode_labels? Nao parece erro tecnico. Impacto informado: duvida simples.,stock,barcode_labels,pode esperar,client_misunderstanding / low / support_level_1,client_misunderstanding,low,support_level_1,
SIS-2026-0209,PlastiCentro,plastics,Nova opcao para bank_reconciliation,Seria possivel adicionar uma regra extra no bank_reconciliation? Hoje fazem isto fora do sistema. Impacto informado: quando possivel.,accounting,bank_reconciliation,sem urgencia,feature_request / low / development,feature_request,low,development,
SIS-2026-0210,GrafiNorte SA,printing,Nova opcao para stock_movements,"O cliente gostava de uma nova opcao em armazem. Nao e erro, e melhoria para reduzir passos manuais. Se possivel, encaminhar para Joao Pereira, que ja conhece este cliente. Nota do utilizador: o utilizador diz que ontem funcionava. Mixed note: please check today if possible, the client is confused and tired.",stock,stock_movements,duvida simples,feature_request / high / account_management,feature_request,low,account_management,Joao Pereira
SIS-2026-0211,FlexoPrime,printing,Importacao criou registos errados no stock_movements,"Depois do upload, o stock_movements ficou com saldos incorretos. O cliente diz que o Excel original esta correto. Nota do utilizador: isto acontece no ambiente real.",stock,stock_movements,acontece algumas vezes,infrastructure_problem / high / development,data_issue,medium,technical_support,
SIS-2026-0212,FlexoPrime,printing,Bug after update in IVA,"After the last update, lancamentos started throwing an exception in saft_export. Users repeat the same steps and it crashes. Impacto informado: fecho do mes. Nota do utilizador: isto acontece no ambiente real. Mixed note: please check today if possible, the client is confused and tired.",accounting,saft_export,afeta varios utilizadores,configuration_request / medium / infrastructure,software_bug,high,development,
SIS-2026-0213,AlfaForms,forms and labels,Seria possivel adicionar regra em customer_cards?,"O cliente gostava de uma nova opcao em pipeline comercial. Nao e erro, e melhoria para reduzir passos manuais. Se possivel, encaminhar para Ana Martins, que ja conhece este cliente. Impacto informado: impacto moderado. Nota do utilizador: maybe it is just a setting.",CRM,customer_cards,precisamos esta semana,feature_request / medium / development,feature_request,medium,development,Ana Martins
SIS-2026-0214,FlexoPrime,printing,Novos utilizadores precisam treino de bank_reconciliation,Precisamos de workshop para explicar o fluxo correto e boas praticas. Impacto informado: sem urgencia.,accounting,bank_reconciliation,sem urgencia,training_needed / medium / account_management,training_needed,low,training_consulting,
SIS-2026-0215,TextilMinho,textile,Utilizador nao encontra opcao em performance,Duvida funcional: onde esta a opcao para performance? Nao parece erro tecnico. Impacto informado: precisamos esta semana.,general,performance,precisamos esta semana,client_misunderstanding / high / support_level_1,client_misunderstanding,medium,support_level_1,Joao Pereira
SIS-2026-0216,LusoPack Embalagens,packaging,Exception quando usamos excel_export,"Bom dia, no cliente LusoPack Embalagens aparece erro 500 quando tentamos usar export Excel. O excel_export fica bloqueado e nao grava os dados. Impacto informado: sem faturar.",reporting,excel_export,todos os utilizadores bloqueados,training_needed / high / infrastructure,software_bug,critical,technical_support,
SIS-2026-0217,EtiquetaFina,labels,URGENTE - Erro no contactos: customer_cards nao grava,"Bom dia, no cliente EtiquetaFina aparece erro 500 quando tentamos usar oportunidade. O customer_cards fica bloqueado e nao grava os dados. Nota do utilizador: nao sei se e bug ou configuracao.",CRM,customer_cards,urgente,software_bug / high / development,software_bug,high,development,
SIS-2026-0218,TextilMinho,textile,Dados inconsistentes em relatorio,Os dados no KPI nao batem certo. Ha registos duplicados e valores estranhos depois de uma importacao CSV. Impacto informado: acontece algumas vezes. Nota do utilizador: o utilizador diz que ontem funcionava.,reporting,custom_reports,precisamos esta semana,data_issue / medium / technical_support,data_issue,medium,technical_support,
SIS-2026-0219,GrafiNorte SA,printing,Sessao de esclarecimento sobre ambiente,Precisamos de workshop para explicar o fluxo correto e boas praticas. Impacto informado: melhoria para analisar. Nota do utilizador: sorry pelo detalhe incompleto.,general,performance,melhoria para analisar,training_needed / low / training_consulting,training_needed,low,training_consulting,
SIS-2026-0220,MetalLabel,industrial manufacturing,Permissoes e settings para password,"Pedido para ajustar permissoes, perfis ou parametros relacionados com perfil. Impacto informado: afeta uma equipa.",user_permissions,access_rights,afeta uma equipa,configuration_request / medium / support_level_1,configuration_request,medium,support_level_1,
SIS-2026-0221,LusoPack Embalagens,packaging,Pedido de parametrizacao para producao,"Precisamos configurar regras novas no ordem de fabrico, especialmente no shop_floor. E uma parametrizacao pedida pela direcao. Se possivel, encaminhar para Miguel Santos, que ja conhece este cliente. Impacto informado: afeta uma equipa. Nota do utilizador: sorry pelo detalhe incompleto.",production,shop_floor,afeta uma equipa,configuration_request / medium / training_consulting,configuration_request,medium,training_consulting,Miguel Santos
SIS-2026-0222,EuroPackaging PT,packaging,Duvida sobre oportunidade / customer_cards,"We need help understanding the flow. The client thinks something is missing, but it may be normal behavior in cliente. Nota do utilizador: maybe it is just a setting.",CRM,customer_cards,sem urgencia,client_misunderstanding / low / training_consulting,client_misunderstanding,low,training_consulting,
SIS-2026-0223,PlastiCentro,plastics,Bug after update in custos,"Estamos a receber stacktrace no work_orders. Parece bug porque o mesmo processo funcionava ontem. Se possivel, encaminhar para Helena Rocha, que ja conhece este cliente. Impacto informado: impacto moderado.",production,work_orders,acontece algumas vezes,software_bug / medium / development,software_bug,medium,development,Helena Rocha
SIS-2026-0224,MetalLabel,industrial manufacturing,Permissoes e settings para webservice,"Pedido para ajustar permissoes, perfis ou parametros relacionados com integracao. Impacto informado: fecho do mes. Nota do utilizador: sorry pelo detalhe incompleto.",integrations,external_accounting,fecho do mes,data_issue / low / training_consulting,configuration_request,high,support_level_1,
SIS-2026-0225,FlexoPrime,printing,Melhoria desejada em invoice,"O cliente gostava de uma nova opcao em invoice. Nao e erro, e melhoria para reduzir passos manuais. Impacto informado: precisamos ainda hoje. Nota do utilizador: p.f. confirmar. Mixed note: please check today if possible, the client is confused and tired.",invoicing,tax_validation,cliente a espera,feature_request / high / account_management,feature_request,high,account_management,
SIS-2026-0226,LusoPack Embalagens,packaging,Training request for performance,"Entraram novos utilizadores e precisam de formacao sobre ambiente. Querem exemplos praticos para performance. Impacto informado: afeta uma equipa. Nota do utilizador: temos prints mas ainda nao anexei. Mixed note: please check today if possible, the client is confused and tired.",general,performance,impacto moderado,training_needed / medium / training_consulting,training_needed,medium,training_consulting,
SIS-2026-0227,EuroPackaging PT,packaging,Formacao para equipa em serie de faturacao,Precisamos de workshop para explicar o fluxo correto e boas praticas. Impacto informado: afeta uma equipa. Nota do utilizador: isto acontece no ambiente real.,invoicing,invoice_emission,afeta uma equipa,training_needed / medium / training_consulting,training_needed,medium,training_consulting,
SIS-2026-0228,PlastiCentro,plastics,Melhoria desejada em barcode,"O cliente gostava de uma nova opcao em movimentos. Nao e erro, e melhoria para reduzir passos manuais. Se possivel, encaminhar para Marta Silva, que ja conhece este cliente. Impacto informado: melhoria para analisar.",stock,inventory_counts,sem urgencia,feature_request / low / account_management,feature_request,low,account_management,Marta Silva
SIS-2026-0229,PlastiCentro,plastics,Duplicados depois de upload para tax_validation,"Os dados no serie de faturacao nao batem certo. Ha registos duplicados e valores estranhos depois de uma importacao CSV. Se possivel, encaminhar para Helena Rocha, que ja conhece este cliente. Impacto informado: precisamos esta semana. Nota do utilizador: isto acontece no ambiente real.",invoicing,tax_validation,afeta uma equipa,infrastructure_problem / high / support_level_1,data_issue,medium,technical_support,Helena Rocha
SIS-2026-0230,LusoPack Embalagens,packaging,Como fazer no ecra de analise?,Duvida funcional: onde esta a opcao para custom_reports? Nao parece erro tecnico. Nota do utilizador: isto acontece no ambiente real.,reporting,custom_reports,acontece algumas vezes,client_misunderstanding / medium / training_consulting,client_misunderstanding,medium,training_consulting,
SIS-2026-0231,Braga Print House,printing,Configurar kpi_analysis em export Excel,Can you change the workflow/template for kpi_analysis? The current settings do not match the client's process. Impacto informado: acontece algumas vezes.,reporting,kpi_analysis,afeta uma equipa,configuration_request / critical / development,configuration_request,medium,development,
SIS-2026-0232,EuroPackaging PT,packaging,Duvida sobre password / approvals,O utilizador pergunta como fazer esta operacao no acessos. Parece que nao encontra o menu correto para approvals. Impacto informado: impacto moderado.,user_permissions,approvals,impacto moderado,software_bug / low / account_management,client_misunderstanding,medium,support_level_1,
SIS-2026-0233,MetalLabel,industrial manufacturing,Formacao para equipa em performance,"Entraram novos utilizadores e precisam de formacao sobre ambiente. Querem exemplos praticos para navigation. Se possivel, encaminhar para Ana Martins, que ja conhece este cliente. Impacto informado: duvida simples. Nota do utilizador: sorry pelo detalhe incompleto.",general,navigation,duvida simples,training_needed / low / training_consulting,training_needed,low,training_consulting,Ana Martins
SIS-2026-0234,AlfaForms,forms and labels,Importacao criou registos errados no tax_validation,"Depois do upload, o tax_validation ficou com saldos incorretos. O cliente diz que o Excel original esta correto.",invoicing,tax_validation,acontece algumas vezes,client_misunderstanding / critical / account_management,data_issue,medium,technical_support,Helena Rocha
SIS-2026-0235,TextilMinho,textile,Permissoes e settings para barcode,"Precisamos configurar regras novas no inventario, especialmente no inventory_counts. E uma parametrizacao pedida pela direcao. Nota do utilizador: temos prints mas ainda nao anexei. Mixed note: please check today if possible, the client is confused and tired.",stock,inventory_counts,precisamos esta semana,infrastructure_problem / critical / infrastructure,configuration_request,medium,support_level_1,
SIS-2026-0236,PrintWorks Porto,printing,Importacao criou registos errados no journal_entries,"Os dados no lancamentos nao batem certo. Ha registos duplicados e valores estranhos depois de uma importacao CSV. Se possivel, encaminhar para Helena Rocha, que ja conhece este cliente. Impacto informado: impacto moderado. Nota do utilizador: ja reiniciamos e ficou igual.",accounting,journal_entries,impacto moderado,training_needed / high / technical_support,data_issue,medium,development,Helena Rocha
SIS-2026-0237,PlastiCentro,plastics,Falha de rede ao abrir ecommerce,"Desde esta manha ha problema de certificado, backup ou network e o ambiente fica inacessivel. Impacto informado: critico. Nota do utilizador: nao sei se e bug ou configuracao.",integrations,webservices,producao parada,client_misunderstanding / high / account_management,infrastructure_problem,critical,technical_support,
SIS-2026-0238,FlexoPrime,printing,Pedido de parametrizacao para planeamento,"Pedido para ajustar permissoes, perfis ou parametros relacionados com planeamento. Impacto informado: precisamos esta semana. Nota do utilizador: nao sei se e bug ou configuracao.",production,work_orders,precisamos esta semana,configuration_request / critical / technical_support,configuration_request,medium,technical_support,
SIS-2026-0239,GrafiNorte SA,printing,Melhoria desejada em barcode,Feature request para avaliar em roadmap; o processo atual funciona mas tem muito trabalho manual. Impacto informado: duvida simples.,stock,warehouse_transfer,quando possivel,feature_request / low / account_management,feature_request,low,account_management,Helena Rocha
SIS-2026-0240,TextilMinho,textile,Nova opcao para tax_validation,Seria possivel adicionar uma regra extra no tax_validation? Hoje fazem isto fora do sistema. Impacto informado: quando possivel.,invoicing,tax_validation,pode esperar,feature_request / low / account_management,feature_request,low,account_management,
SIS-2026-0241,PrintWorks Porto,printing,Seria possivel adicionar regra em excel_export?,Seria possivel adicionar uma regra extra no excel_export? Hoje fazem isto fora do sistema. Impacto informado: quando possivel. Nota do utilizador: ja reiniciamos e ficou igual.,reporting,excel_export,sem urgencia,feature_request / low / account_management,feature_request,low,account_management,
SIS-2026-0242,Cartonagem Douro,packaging,Configurar dashboards em KPI,"Precisamos configurar regras novas no relatorio, especialmente no dashboards. E uma parametrizacao pedida pela direcao. Se possivel, encaminhar para Ana Martins, que ja conhece este cliente. Impacto informado: afeta uma equipa.",reporting,dashboards,precisamos esta semana,configuration_request / medium / technical_support,configuration_request,medium,technical_support,Ana Martins
SIS-2026-0243,Cartonagem Douro,packaging,Formacao para equipa em serie de faturacao,Entraram novos utilizadores e precisam de formacao sobre invoice. Querem exemplos praticos para invoice_emission. Impacto informado: melhoria para analisar. Nota do utilizador: p.f. confirmar.,invoicing,invoice_emission,sem urgencia,training_needed / low / training_consulting,training_needed,low,training_consulting,
SIS-2026-0244,Braga Print House,printing,webservice bloqueia ao validar api,Estamos a receber stacktrace no api. Parece bug porque o mesmo processo funcionava ontem. Impacto informado: precisamos ainda hoje.,integrations,api,fecho do mes,software_bug / high / technical_support,software_bug,high,technical_support,Helena Rocha
SIS-2026-0245,AlfaForms,forms and labels,URGENTE - stock bloqueia ao validar inventory_counts,Estamos a receber stacktrace no inventory_counts. Parece bug porque o mesmo processo funcionava ontem. Impacto informado: producao parada.,stock,inventory_counts,ASAP,software_bug / high / development,software_bug,critical,development,
SIS-2026-0246,Cartonagem Douro,packaging,Duvida sobre oportunidade / customer_cards,Duvida funcional: onde esta a opcao para customer_cards? Nao parece erro tecnico. Impacto informado: impacto moderado.,CRM,customer_cards,impacto moderado,client_misunderstanding / medium / support_level_1,client_misunderstanding,medium,support_level_1,
SIS-2026-0247,AlfaForms,forms and labels,URGENTE - Bug after update in stock,Estamos a receber stacktrace no barcode_labels. Parece bug porque o mesmo processo funcionava ontem. Impacto informado: fecho do mes. Nota do utilizador: maybe it is just a setting.,stock,barcode_labels,fecho do mes,software_bug / high / infrastructure,software_bug,high,development,
SIS-2026-0248,Cartonagem Douro,packaging,Utilizador nao encontra opcao em performance,O utilizador pergunta como fazer esta operacao no menu. Parece que nao encontra o menu correto para performance.,general,performance,duvida simples,client_misunderstanding / low / training_consulting,client_misunderstanding,low,training_consulting,
SIS-2026-0249,LusoPack Embalagens,packaging,Bug after update in contactos,"Bom dia, no cliente LusoPack Embalagens aparece erro 500 quando tentamos usar oportunidade. O complaints fica bloqueado e nao grava os dados. Impacto informado: ASAP. Nota do utilizador: o utilizador diz que ontem funcionava.",CRM,complaints,critico,data_issue / medium / infrastructure,software_bug,critical,development,
SIS-2026-0250,Cartonagem Douro,packaging,Importacao criou registos errados no vat_report,"Os dados no SAF-T nao batem certo. Ha registos duplicados e valores estranhos depois de uma importacao CSV. Nota do utilizador: o utilizador diz que ontem funcionava. Mixed note: please check today if possible, the client is confused and tired.",accounting,vat_report,afeta uma equipa,data_issue / medium / technical_support,data_issue,medium,technical_support,
SIS-2026-0251,Cartonagem Douro,packaging,Melhoria desejada em EDI,"Seria possivel adicionar uma regra extra no edi? Hoje fazem isto fora do sistema. Impacto informado: sem urgencia. Nota do utilizador: o utilizador diz que ontem funcionava. Mixed note: please check today if possible, the client is confused and tired.",integrations,edi,sem urgencia,feature_request / low / account_management,feature_request,low,account_management,
SIS-2026-0252,EuroPackaging PT,packaging,Importacao criou registos errados no excel_export,"Depois do upload, o excel_export ficou com saldos incorretos. O cliente diz que o Excel original esta correto. Impacto informado: impacto moderado.",reporting,excel_export,afeta uma equipa,data_issue / critical / technical_support,data_issue,medium,technical_support,
SIS-2026-0253,Cartonagem Douro,packaging,Need help understanding CRM,"We need help understanding the flow. The client thinks something is missing, but it may be normal behavior in CRM. Nota do utilizador: ja reiniciamos e ficou igual.",CRM,opportunities,afeta uma equipa,client_misunderstanding / medium / support_level_1,client_misunderstanding,medium,support_level_1,
SIS-2026-0254,PlastiCentro,plastics,Novos utilizadores precisam treino de login,A equipa esta a usar mal o processo. Sugerimos uma sessao curta de training para evitar tickets repetidos. Impacto informado: acontece algumas vezes. Nota do utilizador: ja reiniciamos e ficou igual.,general,login,acontece algumas vezes,training_needed / medium / training_consulting,training_needed,medium,training_consulting,
SIS-2026-0255,Braga Print House,printing,Need help understanding relatorio,O utilizador pergunta como fazer esta operacao no KPI. Parece que nao encontra o menu correto para custom_reports. Impacto informado: afeta uma equipa. Nota do utilizador: ja reiniciamos e ficou igual.,reporting,custom_reports,impacto moderado,infrastructure_problem / high / infrastructure,client_misunderstanding,medium,support_level_1,
SIS-2026-0256,PrintWorks Porto,printing,URGENTE - Exception quando usamos dashboards,"After the last update, KPI started throwing an exception in dashboards. Users repeat the same steps and it crashes. Impacto informado: cannot invoice.",reporting,dashboards,ASAP,software_bug / critical / development,software_bug,critical,development,
SIS-2026-0257,GrafiNorte SA,printing,Ambiente Sistrade instavel,"Desde esta manha ha problema de certificado, backup ou network e o ambiente fica inacessivel. Se possivel, encaminhar para Helena Rocha, que ja conhece este cliente. Impacto informado: afeta varios utilizadores. Nota do utilizador: maybe it is just a setting.",production,work_orders,fecho do mes,infrastructure_problem / high / infrastructure,infrastructure_problem,high,infrastructure,Helena Rocha
SIS-2026-0258,EuroPackaging PT,packaging,Como fazer no ecra de permissoes?,"O utilizador pergunta como fazer esta operacao no role. Parece que nao encontra o menu correto para password_policy. Se possivel, encaminhar para Ana Martins, que ja conhece este cliente.",user_permissions,password_policy,sem urgencia,training_needed / critical / development,client_misunderstanding,low,technical_support,Ana Martins
SIS-2026-0259,AlfaForms,forms and labels,Ambiente Sistrade instavel,"O sistema esta muito lento e da timeout ao abrir integracao. Varios utilizadores reportam falha de rede/VPN. Impacto informado: precisamos esta semana. Mixed note: please check today if possible, the client is confused and tired.",integrations,edi,acontece algumas vezes,infrastructure_problem / critical / infrastructure,infrastructure_problem,medium,infrastructure,
SIS-2026-0260,AlfaForms,forms and labels,Alterar workflow/template de complaints,"Pedido para ajustar permissoes, perfis ou parametros relacionados com pipeline comercial. Impacto informado: afeta uma equipa. Nota do utilizador: isto acontece no ambiente real.",CRM,complaints,afeta uma equipa,training_needed / critical / infrastructure,configuration_request,medium,technical_support,Rui Costa
SIS-2026-0261,TextilMinho,textile,Formacao para equipa em analise,Entraram novos utilizadores e precisam de formacao sobre KPI. Querem exemplos praticos para excel_export. Impacto informado: melhoria para analisar.,reporting,excel_export,duvida simples,training_needed / low / training_consulting,training_needed,low,training_consulting,
SIS-2026-0262,EuroPackaging PT,packaging,factura bloqueia ao validar tax_validation,"Estamos a receber stacktrace no tax_validation. Parece bug porque o mesmo processo funcionava ontem. Nota do utilizador: p.f. confirmar. Mixed note: please check today if possible, the client is confused and tired.",invoicing,tax_validation,deadline hoje,software_bug / medium / technical_support,software_bug,critical,technical_support,
SIS-2026-0263,EuroPackaging PT,packaging,Sessao de esclarecimento sobre fatura,"A equipa esta a usar mal o processo. Sugerimos uma sessao curta de training para evitar tickets repetidos. Se possivel, encaminhar para Helena Rocha, que ja conhece este cliente. Impacto informado: sem urgencia.",invoicing,credit_notes,duvida simples,training_needed / low / training_consulting,training_needed,low,training_consulting,Helena Rocha
SIS-2026-0264,PrintWorks Porto,printing,Configurar password_policy em password,Can you change the workflow/template for password_policy? The current settings do not match the client's process. Impacto informado: pode esperar.,user_permissions,password_policy,duvida simples,configuration_request / low / development,configuration_request,low,development,
SIS-2026-0265,EtiquetaFina,labels,Dados inconsistentes em invoice,Os dados no fatura nao batem certo. Ha registos duplicados e valores estranhos depois de uma importacao CSV. Impacto informado: urgente.,invoicing,tax_validation,cliente a espera,configuration_request / critical / support_level_1,data_issue,high,development,
SIS-2026-0266,AlfaForms,forms and labels,Dados inconsistentes em ordem de fabrico,A listagem mostra records em falta e totais diferentes entre ecra e relatorio. Impacto informado: fecho do mes.,production,work_orders,precisamos ainda hoje,data_issue / high / technical_support,data_issue,high,technical_support,Miguel Santos
SIS-2026-0267,PlastiCentro,plastics,Como fazer no ecra de notificacoes?,"O utilizador pergunta como fazer esta operacao no performance. Parece que nao encontra o menu correto para login. Se possivel, encaminhar para Ana Martins, que ja conhece este cliente. Impacto informado: sem urgencia. Nota do utilizador: ja reiniciamos e ficou igual. Mixed note: please check today if possible, the client is confused and tired.",general,login,duvida simples,configuration_request / critical / technical_support,client_misunderstanding,low,support_level_1,Ana Martins
SIS-2026-0268,PrintWorks Porto,printing,URGENTE - Exception quando usamos e_invoice,Estamos a receber stacktrace no e_invoice. Parece bug porque o mesmo processo funcionava ontem. Nota do utilizador: nao sei se e bug ou configuracao.,invoicing,e_invoice,producao parada,client_misunderstanding / high / training_consulting,software_bug,critical,development,Miguel Santos
SIS-2026-0269,EuroPackaging PT,packaging,Seria possivel adicionar regra em complaints?,"Feature request para avaliar em roadmap; o processo atual funciona mas tem muito trabalho manual. Se possivel, encaminhar para Helena Rocha, que ja conhece este cliente. Impacto informado: quando possivel. Nota do utilizador: p.f. confirmar.",CRM,complaints,duvida simples,infrastructure_problem / critical / infrastructure,feature_request,low,development,Helena Rocha
SIS-2026-0270,AlfaForms,forms and labels,Alterar workflow/template de roles_profiles,"Precisamos configurar regras novas no role, especialmente no roles_profiles. E uma parametrizacao pedida pela direcao. Se possivel, encaminhar para Rui Costa, que ja conhece este cliente. Impacto informado: impacto moderado.",user_permissions,roles_profiles,afeta uma equipa,configuration_request / medium / training_consulting,configuration_request,medium,training_consulting,Rui Costa
SIS-2026-0271,LusoPack Embalagens,packaging,Seria possivel adicionar regra em vat_report?,"Feature request para avaliar em roadmap; o processo atual funciona mas tem muito trabalho manual. Se possivel, encaminhar para Joao Pereira, que ja conhece este cliente. Impacto informado: afeta uma equipa.",accounting,vat_report,impacto moderado,software_bug / low / training_consulting,feature_request,medium,account_management,Joao Pereira
SIS-2026-0272,Cartonagem Douro,packaging,Erro no reconciliacao bancaria: vat_report nao grava,"Bom dia, no cliente Cartonagem Douro aparece erro 500 quando tentamos usar IVA. O vat_report fica bloqueado e nao grava os dados. Nota do utilizador: isto acontece no ambiente real.",accounting,vat_report,impacto moderado,software_bug / medium / training_consulting,software_bug,medium,development,
SIS-2026-0273,LusoPack Embalagens,packaging,URGENTE - Como fazer no ecra de performance?,O utilizador pergunta como fazer esta operacao no performance. Parece que nao encontra o menu correto para notifications. Impacto informado: urgente. Nota do utilizador: nao sei se e bug ou configuracao.,general,notifications,precisamos ainda hoje,training_needed / critical / training_consulting,client_misunderstanding,high,support_level_1,
SIS-2026-0274,Braga Print House,printing,Dados inconsistentes em IVA,"Os dados no invoice nao batem certo. Ha registos duplicados e valores estranhos depois de uma importacao CSV. Se possivel, encaminhar para Joao Pereira, que ja conhece este cliente. Impacto informado: precisamos esta semana.",invoicing,credit_notes,impacto moderado,data_issue / medium / technical_support,data_issue,medium,technical_support,Joao Pereira
SIS-2026-0275,TextilMinho,textile,Pedido de parametrizacao para planeamento,"Pedido para ajustar permissoes, perfis ou parametros relacionados com ordem de fabrico. Impacto informado: afeta uma equipa. Nota do utilizador: nao sei se e bug ou configuracao.",production,scheduling,impacto moderado,configuration_request / medium / technical_support,configuration_request,medium,technical_support,
SIS-2026-0276,MetalLabel,industrial manufacturing,IVA bloqueia ao validar tax_validation,"Bom dia, no cliente MetalLabel aparece erro 500 quando tentamos usar serie de faturacao. O tax_validation fica bloqueado e nao grava os dados. Impacto informado: acontece algumas vezes. Nota do utilizador: isto acontece no ambiente real.",invoicing,tax_validation,impacto moderado,training_needed / low / support_level_1,software_bug,medium,development,Joao Pereira
SIS-2026-0277,PrintWorks Porto,printing,VPN/server problem affects performance,"Desde esta manha ha problema de certificado, backup ou network e o ambiente fica inacessivel. Impacto informado: acontece algumas vezes. Nota do utilizador: nao sei se e bug ou configuracao. Mixed note: please check today if possible, the client is confused and tired.",general,performance,precisamos esta semana,infrastructure_problem / medium / infrastructure,infrastructure_problem,medium,infrastructure,
SIS-2026-0278,AlfaForms,forms and labels,URGENTE - Bug after update in custos,"Estamos a receber stacktrace no scheduling. Parece bug porque o mesmo processo funcionava ontem. Impacto informado: ASAP. Nota do utilizador: sorry pelo detalhe incompleto. Mixed note: please check today if possible, the client is confused and tired.",production,scheduling,critico,software_bug / critical / development,software_bug,critical,development,
SIS-2026-0279,PlastiCentro,plastics,URGENTE - Configurar access_rights em role,Can you change the workflow/template for access_rights? The current settings do not match the client's process. Impacto informado: afeta varios utilizadores. Nota do utilizador: o utilizador diz que ontem funcionava.,user_permissions,access_rights,urgente,training_needed / low / development,configuration_request,high,support_level_1,
SIS-2026-0280,AlfaForms,forms and labels,Seria possivel adicionar regra em excel_export?,"Seria possivel adicionar uma regra extra no excel_export? Hoje fazem isto fora do sistema. Impacto informado: melhoria para analisar. Mixed note: please check today if possible, the client is confused and tired.",reporting,excel_export,sem urgencia,feature_request / low / account_management,feature_request,low,account_management,
SIS-2026-0281,AlfaForms,forms and labels,Alterar workflow/template de e_invoice,"Precisamos configurar regras novas no fatura, especialmente no e_invoice. E uma parametrizacao pedida pela direcao. Impacto informado: precisamos ainda hoje. Nota do utilizador: isto acontece no ambiente real.",invoicing,e_invoice,urgente,configuration_request / high / account_management,configuration_request,high,training_consulting,
SIS-2026-0282,LusoPack Embalagens,packaging,Importacao criou registos errados no scheduling,"Depois do upload, o scheduling ficou com saldos incorretos. O cliente diz que o Excel original esta correto. Impacto informado: cannot invoice. Nota do utilizador: isto acontece no ambiente real. Mixed note: please check today if possible, the client is confused and tired.",production,scheduling,todos os utilizadores bloqueados,data_issue / critical / technical_support,data_issue,critical,technical_support,
SIS-2026-0283,EuroPackaging PT,packaging,URGENTE - Falha de rede ao abrir EDI,O sistema esta muito lento e da timeout ao abrir integracao. Varios utilizadores reportam falha de rede/VPN. Impacto informado: cliente a espera. Nota do utilizador: temos prints mas ainda nao anexei.,integrations,webservices,urgente,infrastructure_problem / high / infrastructure,infrastructure_problem,high,infrastructure,
SIS-2026-0284,Braga Print House,printing,Dados inconsistentes em SAF-T,"Depois do upload, o vat_report ficou com saldos incorretos. O cliente diz que o Excel original esta correto. Impacto informado: acontece algumas vezes.",accounting,vat_report,precisamos esta semana,data_issue / medium / technical_support,data_issue,medium,technical_support,
SIS-2026-0285,FlexoPrime,printing,URGENTE - Pedido de parametrizacao para producao,"Pedido para ajustar permissoes, perfis ou parametros relacionados com planeamento. Se possivel, encaminhar para Marta Silva, que ja conhece este cliente. Impacto informado: cliente a espera. Nota do utilizador: p.f. confirmar.",production,scheduling,fecho do mes,client_misunderstanding / low / infrastructure,configuration_request,high,technical_support,Marta Silva
SIS-2026-0286,Cartonagem Douro,packaging,Permissoes e settings para invoice,"Precisamos configurar regras novas no IVA, especialmente no tax_validation. E uma parametrizacao pedida pela direcao. Nota do utilizador: temos prints mas ainda nao anexei.",invoicing,tax_validation,acontece algumas vezes,configuration_request / medium / technical_support,configuration_request,medium,technical_support,
SIS-2026-0287,FlexoPrime,printing,URGENTE - Exception quando usamos webservices,"Bom dia, no cliente FlexoPrime aparece erro 500 quando tentamos usar API. O webservices fica bloqueado e nao grava os dados. Impacto informado: afeta varios utilizadores. Nota do utilizador: nao sei se e bug ou configuracao. Mixed note: please check today if possible, the client is confused and tired.",integrations,webservices,precisamos ainda hoje,software_bug / high / development,software_bug,high,development,
SIS-2026-0288,FlexoPrime,printing,Need help understanding stock,"Duvida funcional: onde esta a opcao para warehouse_transfer? Nao parece erro tecnico. Se possivel, encaminhar para Ana Martins, que ja conhece este cliente.",stock,warehouse_transfer,impacto moderado,client_misunderstanding / medium / support_level_1,client_misunderstanding,medium,support_level_1,Ana Martins
SIS-2026-0289,MetalLabel,industrial manufacturing,Need help understanding serie de faturacao,"Duvida funcional: onde esta a opcao para e_invoice? Nao parece erro tecnico. Impacto informado: quando possivel. Nota do utilizador: maybe it is just a setting. Mixed note: please check today if possible, the client is confused and tired.",invoicing,e_invoice,melhoria para analisar,client_misunderstanding / low / support_level_1,client_misunderstanding,low,support_level_1,Miguel Santos
SIS-2026-0290,FlexoPrime,printing,Nova opcao para kpi_analysis,Seria possivel adicionar uma regra extra no kpi_analysis? Hoje fazem isto fora do sistema. Impacto informado: quando possivel. Nota do utilizador: maybe it is just a setting.,reporting,kpi_analysis,pode esperar,configuration_request / high / training_consulting,feature_request,low,account_management,
SIS-2026-0291,PrintWorks Porto,printing,Novos utilizadores precisam treino de navigation,"A equipa esta a usar mal o processo. Sugerimos uma sessao curta de training para evitar tickets repetidos. Se possivel, encaminhar para Miguel Santos, que ja conhece este cliente. Nota do utilizador: o utilizador diz que ontem funcionava.",general,navigation,fecho do mes,training_needed / high / support_level_1,training_needed,high,support_level_1,Miguel Santos
SIS-2026-0292,GrafiNorte SA,printing,Dados inconsistentes em ecommerce,A listagem mostra records em falta e totais diferentes entre ecra e relatorio. Impacto informado: precisamos esta semana. Nota do utilizador: ja reiniciamos e ficou igual.,integrations,api,acontece algumas vezes,data_issue / medium / development,data_issue,medium,development,
SIS-2026-0293,TextilMinho,textile,Utilizador nao encontra opcao em inventory_counts,Duvida funcional: onde esta a opcao para inventory_counts? Nao parece erro tecnico. Impacto informado: precisamos esta semana. Nota do utilizador: temos prints mas ainda nao anexei.,stock,inventory_counts,acontece algumas vezes,client_misunderstanding / medium / technical_support,client_misunderstanding,medium,training_consulting,
SIS-2026-0294,EtiquetaFina,labels,URGENTE - Duvida sobre pipeline comercial / complaints,"O utilizador pergunta como fazer esta operacao no CRM. Parece que nao encontra o menu correto para complaints. Se possivel, encaminhar para Joao Pereira, que ja conhece este cliente. Impacto informado: urgente. Nota do utilizador: p.f. confirmar.",CRM,complaints,cliente a espera,infrastructure_problem / low / infrastructure,client_misunderstanding,high,support_level_1,Joao Pereira
SIS-2026-0295,EtiquetaFina,labels,Duvida sobre permissoes / access_rights,"O utilizador pergunta como fazer esta operacao no permissoes. Parece que nao encontra o menu correto para access_rights. Se possivel, encaminhar para Ana Martins, que ja conhece este cliente. Impacto informado: impacto moderado.",user_permissions,access_rights,impacto moderado,client_misunderstanding / high / support_level_1,client_misunderstanding,medium,support_level_1,Ana Martins
SIS-2026-0296,EtiquetaFina,labels,Importacao criou registos errados no work_orders,"Depois do upload, o work_orders ficou com saldos incorretos. O cliente diz que o Excel original esta correto. Se possivel, encaminhar para Marta Silva, que ja conhece este cliente. Impacto informado: critico. Mixed note: please check today if possible, the client is confused and tired.",production,work_orders,producao parada,data_issue / critical / account_management,data_issue,critical,technical_support,Marta Silva
SIS-2026-0297,GrafiNorte SA,printing,Permissoes e settings para EDI,"Pedido para ajustar permissoes, perfis ou parametros relacionados com webservice. Nota do utilizador: ja reiniciamos e ficou igual.",integrations,webservices,afeta uma equipa,configuration_request / medium / training_consulting,configuration_request,medium,training_consulting,
SIS-2026-0298,PrintWorks Porto,printing,URGENTE - Erro no ambiente: login nao grava,"After the last update, performance started throwing an exception in login. Users repeat the same steps and it crashes. Impacto informado: urgente.",general,login,fecho do mes,configuration_request / critical / training_consulting,software_bug,high,development,
SIS-2026-0299,GrafiNorte SA,printing,URGENTE - Exception quando usamos credit_notes,"After the last update, fatura started throwing an exception in credit_notes. Users repeat the same steps and it crashes. Impacto informado: producao parada. Nota do utilizador: p.f. confirmar. Mixed note: please check today if possible, the client is confused and tired.",invoicing,credit_notes,ASAP,configuration_request / low / infrastructure,software_bug,critical,development,
SIS-2026-0300,PrintWorks Porto,printing,Saldo/valores nao batem em integracao,"A listagem mostra records em falta e totais diferentes entre ecra e relatorio. Se possivel, encaminhar para Miguel Santos, que ja conhece este cliente. Nota do utilizador: ja reiniciamos e ficou igual.",integrations,api,precisamos esta semana,data_issue / low / technical_support,data_issue,medium,technical_support,Miguel Santos
SIS-2026-0301,PlastiCentro,plastics,Sessao de esclarecimento sobre SAF-T,Precisamos de workshop para explicar o fluxo correto e boas praticas.,accounting,saft_export,precisamos esta semana,training_needed / medium / account_management,training_needed,medium,account_management,
SIS-2026-0302,PlastiCentro,plastics,URGENTE - Need help understanding oportunidade,O utilizador pergunta como fazer esta operacao no oportunidade. Parece que nao encontra o menu correto para customer_cards. Impacto informado: afeta varios utilizadores. Nota do utilizador: ja reiniciamos e ficou igual.,CRM,customer_cards,urgente,client_misunderstanding / high / support_level_1,client_misunderstanding,high,support_level_1,
SIS-2026-0303,PrintWorks Porto,printing,Exception quando usamos external_accounting,"After the last update, EDI started throwing an exception in external_accounting. Users repeat the same steps and it crashes. Impacto informado: critico. Nota do utilizador: nao sei se e bug ou configuracao.",integrations,external_accounting,todos os utilizadores bloqueados,software_bug / critical / development,software_bug,critical,development,
SIS-2026-0304,Braga Print House,printing,URGENTE - Exception quando usamos vat_report,"After the last update, reconciliacao bancaria started throwing an exception in vat_report. Users repeat the same steps and it crashes. Impacto informado: cannot invoice. Nota do utilizador: maybe it is just a setting. Mixed note: please check today if possible, the client is confused and tired.",accounting,vat_report,deadline hoje,software_bug / critical / support_level_1,software_bug,critical,development,
SIS-2026-0305,PlastiCentro,plastics,Erro no invoice: e_invoice nao grava,"After the last update, serie de faturacao started throwing an exception in e_invoice. Users repeat the same steps and it crashes. Impacto informado: afeta uma equipa. Nota do utilizador: isto acontece no ambiente real. Mixed note: please check today if possible, the client is confused and tired.",invoicing,e_invoice,impacto moderado,software_bug / medium / development,software_bug,medium,development,
SIS-2026-0306,PlastiCentro,plastics,Pedido de parametrizacao para analise,Can you change the workflow/template for excel_export? The current settings do not match the client's process. Impacto informado: precisamos esta semana. Nota do utilizador: nao sei se e bug ou configuracao.,reporting,excel_export,afeta uma equipa,configuration_request / high / technical_support,configuration_request,medium,technical_support,Miguel Santos
SIS-2026-0307,LusoPack Embalagens,packaging,Utilizador nao encontra opcao em stock_movements,O utilizador pergunta como fazer esta operacao no barcode. Parece que nao encontra o menu correto para stock_movements. Impacto informado: pode esperar. Nota do utilizador: isto acontece no ambiente real.,stock,stock_movements,duvida simples,client_misunderstanding / low / support_level_1,client_misunderstanding,low,support_level_1,
SIS-2026-0308,Braga Print House,printing,Duplicados depois de upload para tax_validation,"Depois do upload, o tax_validation ficou com saldos incorretos. O cliente diz que o Excel original esta correto. Impacto informado: precisamos ainda hoje. Nota do utilizador: sorry pelo detalhe incompleto.",invoicing,tax_validation,fecho do mes,training_needed / medium / infrastructure,data_issue,high,technical_support,
SIS-2026-0309,FlexoPrime,printing,URGENTE - Importacao criou registos errados no shop_floor,"Depois do upload, o shop_floor ficou com saldos incorretos. O cliente diz que o Excel original esta correto. Impacto informado: urgente. Nota do utilizador: sorry pelo detalhe incompleto.",production,shop_floor,cliente a espera,data_issue / high / technical_support,data_issue,high,development,
SIS-2026-0310,GrafiNorte SA,printing,Erro no API: webservices nao grava,"Bom dia, no cliente GrafiNorte SA aparece erro 500 quando tentamos usar API. O webservices fica bloqueado e nao grava os dados. Nota do utilizador: temos prints mas ainda nao anexei.",integrations,webservices,afeta varios utilizadores,software_bug / high / technical_support,software_bug,high,development,
SIS-2026-0311,MetalLabel,industrial manufacturing,Dados inconsistentes em IVA,"A listagem mostra records em falta e totais diferentes entre ecra e relatorio. Nota do utilizador: maybe it is just a setting. Mixed note: please check today if possible, the client is confused and tired.",invoicing,invoice_emission,cliente a espera,data_issue / high / support_level_1,data_issue,high,support_level_1,Ana Martins
SIS-2026-0312,MetalLabel,industrial manufacturing,Ambiente Sistrade instavel,"Desde esta manha ha problema de certificado, backup ou network e o ambiente fica inacessivel. Impacto informado: cannot invoice. Nota do utilizador: ja reiniciamos e ficou igual.",general,navigation,todos os utilizadores bloqueados,software_bug / high / support_level_1,infrastructure_problem,critical,infrastructure,
SIS-2026-0313,EuroPackaging PT,packaging,Duvida sobre barcode / barcode_labels,O utilizador pergunta como fazer esta operacao no barcode. Parece que nao encontra o menu correto para barcode_labels. Nota do utilizador: temos prints mas ainda nao anexei.,stock,barcode_labels,impacto moderado,client_misunderstanding / medium / support_level_1,client_misunderstanding,medium,support_level_1,Joao Pereira
SIS-2026-0314,PrintWorks Porto,printing,Training request for inventory_counts,Precisamos de workshop para explicar o fluxo correto e boas praticas. Impacto informado: quando possivel. Nota do utilizador: temos prints mas ainda nao anexei.,stock,inventory_counts,melhoria para analisar,training_needed / low / training_consulting,training_needed,low,training_consulting,
SIS-2026-0315,TextilMinho,textile,Formacao para equipa em inventario,"Precisamos de workshop para explicar o fluxo correto e boas praticas. Mixed note: please check today if possible, the client is confused and tired.",stock,warehouse_transfer,precisamos esta semana,training_needed / medium / support_level_1,training_needed,medium,support_level_1,Joao Pereira
SIS-2026-0316,Cartonagem Douro,packaging,Permissoes e settings para CRM,"Can you change the workflow/template for opportunities? The current settings do not match the client's process. Mixed note: please check today if possible, the client is confused and tired.",CRM,opportunities,acontece algumas vezes,infrastructure_problem / critical / account_management,configuration_request,medium,training_consulting,
SIS-2026-0317,AlfaForms,forms and labels,Melhoria desejada em ordem de fabrico,"Seria possivel adicionar uma regra extra no scheduling? Hoje fazem isto fora do sistema. Impacto informado: pode esperar. Nota do utilizador: maybe it is just a setting. Mixed note: please check today if possible, the client is confused and tired.",production,scheduling,duvida simples,configuration_request / high / training_consulting,feature_request,low,development,Ana Martins
SIS-2026-0318,TextilMinho,textile,producao bloqueia ao validar shop_floor,"Bom dia, no cliente TextilMinho aparece erro 500 quando tentamos usar ordem de fabrico. O shop_floor fica bloqueado e nao grava os dados. Impacto informado: critico.",production,shop_floor,sem faturar,software_bug / critical / infrastructure,software_bug,critical,development,
SIS-2026-0319,FlexoPrime,printing,Utilizador nao encontra opcao em credit_notes,Duvida funcional: onde esta a opcao para credit_notes? Nao parece erro tecnico. Nota do utilizador: isto acontece no ambiente real.,invoicing,credit_notes,afeta uma equipa,client_misunderstanding / medium / training_consulting,client_misunderstanding,medium,training_consulting,Helena Rocha
SIS-2026-0320,GrafiNorte SA,printing,Need help understanding contactos,"O utilizador pergunta como fazer esta operacao no cliente. Parece que nao encontra o menu correto para complaints. Impacto informado: melhoria para analisar. Nota do utilizador: p.f. confirmar. Mixed note: please check today if possible, the client is confused and tired.",CRM,complaints,duvida simples,client_misunderstanding / low / technical_support,client_misunderstanding,low,training_consulting,
SIS-2026-0321,FlexoPrime,printing,Feature request: custos,"Feature request para avaliar em roadmap; o processo atual funciona mas tem muito trabalho manual. Mixed note: please check today if possible, the client is confused and tired.",production,shop_floor,precisamos esta semana,infrastructure_problem / low / technical_support,feature_request,medium,account_management,
SIS-2026-0322,PrintWorks Porto,printing,Exception quando usamos cost_calculation,"Bom dia, no cliente PrintWorks Porto aparece erro 500 quando tentamos usar ordem de fabrico. O cost_calculation fica bloqueado e nao grava os dados. Se possivel, encaminhar para Marta Silva, que ja conhece este cliente. Impacto informado: urgente.",production,cost_calculation,precisamos ainda hoje,infrastructure_problem / critical / account_management,software_bug,high,support_level_1,Marta Silva
SIS-2026-0323,PrintWorks Porto,printing,API bloqueia ao validar edi,Estamos a receber stacktrace no edi. Parece bug porque o mesmo processo funcionava ontem. Nota do utilizador: isto acontece no ambiente real.,integrations,edi,fecho do mes,software_bug / high / development,software_bug,high,development,
SIS-2026-0324,GrafiNorte SA,printing,Pedido de parametrizacao para webservice,Can you change the workflow/template for webservices? The current settings do not match the client's process.,integrations,webservices,impacto moderado,configuration_request / medium / infrastructure,configuration_request,medium,technical_support,
SIS-2026-0325,PlastiCentro,plastics,Melhoria desejada em SAF-T,Feature request para avaliar em roadmap; o processo atual funciona mas tem muito trabalho manual. Nota do utilizador: maybe it is just a setting.,accounting,journal_entries,duvida simples,feature_request / low / account_management,feature_request,low,account_management,
SIS-2026-0326,PlastiCentro,plastics,Pedido de parametrizacao para custos,"Precisamos configurar regras novas no planeamento, especialmente no cost_calculation. E uma parametrizacao pedida pela direcao. Se possivel, encaminhar para Rui Costa, que ja conhece este cliente.",production,cost_calculation,precisamos esta semana,training_needed / critical / infrastructure,configuration_request,medium,training_consulting,Rui Costa
SIS-2026-0327,FlexoPrime,printing,Ambiente Sistrade instavel,"Desde esta manha ha problema de certificado, backup ou network e o ambiente fica inacessivel. Impacto informado: producao parada. Nota do utilizador: nao sei se e bug ou configuracao. Mixed note: please check today if possible, the client is confused and tired.",integrations,edi,critico,infrastructure_problem / critical / infrastructure,infrastructure_problem,critical,infrastructure,
SIS-2026-0328,TextilMinho,textile,Duvida sobre login / login,Duvida funcional: onde esta a opcao para login? Nao parece erro tecnico. Impacto informado: duvida simples.,general,login,melhoria para analisar,data_issue / medium / development,client_misunderstanding,low,support_level_1,
SIS-2026-0329,PlastiCentro,plastics,Duplicados depois de upload para customer_cards,A listagem mostra records em falta e totais diferentes entre ecra e relatorio. Impacto informado: impacto moderado.,CRM,customer_cards,impacto moderado,data_issue / low / technical_support,data_issue,medium,technical_support,Joao Pereira
SIS-2026-0330,GrafiNorte SA,printing,Exception quando usamos invoice_emission,"After the last update, IVA started throwing an exception in invoice_emission. Users repeat the same steps and it crashes. Impacto informado: cliente a espera. Nota do utilizador: o utilizador diz que ontem funcionava. Mixed note: please check today if possible, the client is confused and tired.",invoicing,invoice_emission,cliente a espera,feature_request / critical / training_consulting,software_bug,high,development,Miguel Santos
SIS-2026-0331,PlastiCentro,plastics,Falha de rede ao abrir export Excel,"O sistema esta muito lento e da timeout ao abrir analise. Varios utilizadores reportam falha de rede/VPN. Se possivel, encaminhar para Ana Martins, que ja conhece este cliente. Impacto informado: precisamos ainda hoje. Nota do utilizador: temos prints mas ainda nao anexei.",reporting,custom_reports,urgente,infrastructure_problem / high / technical_support,infrastructure_problem,high,technical_support,Ana Martins
SIS-2026-0332,FlexoPrime,printing,Formacao para equipa em oportunidade,Precisamos de workshop para explicar o fluxo correto e boas praticas. Impacto informado: precisamos esta semana. Nota do utilizador: ja reiniciamos e ficou igual.,CRM,commercial_pipeline,impacto moderado,training_needed / medium / training_consulting,training_needed,medium,training_consulting,
SIS-2026-0333,Braga Print House,printing,Duplicados depois de upload para kpi_analysis,"A listagem mostra records em falta e totais diferentes entre ecra e relatorio. Impacto informado: acontece algumas vezes. Mixed note: please check today if possible, the client is confused and tired.",reporting,kpi_analysis,impacto moderado,data_issue / high / technical_support,data_issue,medium,technical_support,
SIS-2026-0334,GrafiNorte SA,printing,Nova opcao para opportunities,"O cliente gostava de uma nova opcao em contactos. Nao e erro, e melhoria para reduzir passos manuais. Impacto informado: pode esperar. Nota do utilizador: nao sei se e bug ou configuracao. Mixed note: please check today if possible, the client is confused and tired.",CRM,opportunities,duvida simples,feature_request / low / account_management,feature_request,low,account_management,
SIS-2026-0335,MetalLabel,industrial manufacturing,Training request for excel_export,"Precisamos de workshop para explicar o fluxo correto e boas praticas. Impacto informado: afeta uma equipa. Mixed note: please check today if possible, the client is confused and tired.",reporting,excel_export,afeta uma equipa,training_needed / medium / support_level_1,training_needed,medium,support_level_1,
SIS-2026-0336,PrintWorks Porto,printing,Bug after update in producao,"Bom dia, no cliente PrintWorks Porto aparece erro 500 quando tentamos usar shop floor. O shop_floor fica bloqueado e nao grava os dados. Nota do utilizador: p.f. confirmar.",production,shop_floor,impacto moderado,configuration_request / high / infrastructure,software_bug,medium,development,
SIS-2026-0337,TextilMinho,textile,Como fazer no ecra de export Excel?,"We need help understanding the flow. The client thinks something is missing, but it may be normal behavior in dashboard.",reporting,kpi_analysis,pode esperar,software_bug / high / development,client_misunderstanding,low,support_level_1,
SIS-2026-0338,TextilMinho,textile,Pedido de parametrizacao para permissoes,Can you change the workflow/template for approvals? The current settings do not match the client's process. Impacto informado: afeta uma equipa.,user_permissions,approvals,impacto moderado,configuration_request / medium / development,configuration_request,medium,development,
SIS-2026-0339,EtiquetaFina,labels,Exception quando usamos scheduling,"After the last update, planeamento started throwing an exception in scheduling. Users repeat the same steps and it crashes. Impacto informado: deadline hoje. Nota do utilizador: sorry pelo detalhe incompleto.",production,scheduling,critico,configuration_request / high / account_management,software_bug,critical,development,
SIS-2026-0340,MetalLabel,industrial manufacturing,Need help understanding cliente,"We need help understanding the flow. The client thinks something is missing, but it may be normal behavior in pipeline comercial. Impacto informado: sem urgencia. Nota do utilizador: nao sei se e bug ou configuracao. Mixed note: please check today if possible, the client is confused and tired.",CRM,opportunities,quando possivel,software_bug / high / development,client_misunderstanding,low,training_consulting,
SIS-2026-0341,Braga Print House,printing,Nova opcao para edi,Seria possivel adicionar uma regra extra no edi? Hoje fazem isto fora do sistema. Impacto informado: duvida simples. Nota do utilizador: sorry pelo detalhe incompleto.,integrations,edi,quando possivel,feature_request / low / infrastructure,feature_request,low,account_management,
SIS-2026-0342,MetalLabel,industrial manufacturing,Permissoes e settings para invoice,"Precisamos configurar regras novas no serie de faturacao, especialmente no e_invoice. E uma parametrizacao pedida pela direcao. Impacto informado: afeta varios utilizadores. Nota do utilizador: maybe it is just a setting.",invoicing,e_invoice,afeta varios utilizadores,configuration_request / high / technical_support,configuration_request,high,technical_support,
SIS-2026-0343,MetalLabel,industrial manufacturing,Exception quando usamos cost_calculation,"Estamos a receber stacktrace no cost_calculation. Parece bug porque o mesmo processo funcionava ontem. Impacto informado: afeta uma equipa. Nota do utilizador: isto acontece no ambiente real. Mixed note: please check today if possible, the client is confused and tired.",production,cost_calculation,afeta uma equipa,software_bug / medium / development,software_bug,medium,development,
SIS-2026-0344,FlexoPrime,printing,Erro no fatura: credit_notes nao grava,"Bom dia, no cliente FlexoPrime aparece erro 500 quando tentamos usar IVA. O credit_notes fica bloqueado e nao grava os dados. Se possivel, encaminhar para Miguel Santos, que ja conhece este cliente. Impacto informado: precisamos esta semana. Nota do utilizador: o utilizador diz que ontem funcionava.",invoicing,credit_notes,impacto moderado,training_needed / critical / development,software_bug,medium,technical_support,Miguel Santos
SIS-2026-0345,LusoPack Embalagens,packaging,Pedido de parametrizacao para serie de faturacao,"Pedido para ajustar permissoes, perfis ou parametros relacionados com serie de faturacao.",invoicing,credit_notes,impacto moderado,feature_request / low / account_management,configuration_request,medium,training_consulting,
SIS-2026-0346,AlfaForms,forms and labels,Como fazer no ecra de analise?,O utilizador pergunta como fazer esta operacao no export Excel. Parece que nao encontra o menu correto para dashboards. Impacto informado: pode esperar. Nota do utilizador: nao sei se e bug ou configuracao.,reporting,dashboards,pode esperar,client_misunderstanding / low / support_level_1,client_misunderstanding,low,support_level_1,
SIS-2026-0347,PlastiCentro,plastics,URGENTE - Ambiente Sistrade instavel,"Server seems unstable. Login works sometimes, then dashboards stops responding. Impacto informado: producao parada. Nota do utilizador: isto acontece no ambiente real. Mixed note: please check today if possible, the client is confused and tired.",reporting,dashboards,ASAP,infrastructure_problem / critical / development,infrastructure_problem,critical,infrastructure,
SIS-2026-0348,TextilMinho,textile,Erro no oportunidade: opportunities nao grava,"After the last update, cliente started throwing an exception in opportunities. Users repeat the same steps and it crashes. Se possivel, encaminhar para Ana Martins, que ja conhece este cliente. Mixed note: please check today if possible, the client is confused and tired.",CRM,opportunities,precisamos esta semana,software_bug / medium / support_level_1,software_bug,medium,support_level_1,Ana Martins
SIS-2026-0349,MetalLabel,industrial manufacturing,Permissoes e settings para producao,"Pedido para ajustar permissoes, perfis ou parametros relacionados com ordem de fabrico. Mixed note: please check today if possible, the client is confused and tired.",production,work_orders,impacto moderado,configuration_request / medium / technical_support,configuration_request,medium,technical_support,
SIS-2026-0350,MetalLabel,industrial manufacturing,Permissoes e settings para password,"Precisamos configurar regras novas no password, especialmente no access_rights. E uma parametrizacao pedida pela direcao.",user_permissions,access_rights,cliente a espera,configuration_request / high / support_level_1,configuration_request,high,technical_support,
SIS-2026-0351,EtiquetaFina,labels,URGENTE - Configurar cost_calculation em shop floor,Can you change the workflow/template for cost_calculation? The current settings do not match the client's process. Impacto informado: critico.,production,cost_calculation,critico,data_issue / medium / development,configuration_request,critical,support_level_1,
SIS-2026-0352,Braga Print House,printing,Utilizador nao encontra opcao em excel_export,O utilizador pergunta como fazer esta operacao no dashboard. Parece que nao encontra o menu correto para excel_export. Nota do utilizador: isto acontece no ambiente real.,reporting,excel_export,acontece algumas vezes,client_misunderstanding / medium / support_level_1,client_misunderstanding,medium,technical_support,
SIS-2026-0353,EuroPackaging PT,packaging,Permissoes e settings para CRM,Can you change the workflow/template for commercial_pipeline? The current settings do not match the client's process. Impacto informado: afeta varios utilizadores.,CRM,commercial_pipeline,precisamos ainda hoje,configuration_request / high / training_consulting,configuration_request,high,training_consulting,
SIS-2026-0354,Braga Print House,printing,Alterar workflow/template de roles_profiles,Can you change the workflow/template for roles_profiles? The current settings do not match the client's process. Impacto informado: cliente a espera. Nota do utilizador: ja reiniciamos e ficou igual.,user_permissions,roles_profiles,urgente,configuration_request / medium / infrastructure,configuration_request,high,training_consulting,
SIS-2026-0355,EuroPackaging PT,packaging,Importacao criou registos errados no tax_validation,A listagem mostra records em falta e totais diferentes entre ecra e relatorio. Impacto informado: fecho do mes. Nota do utilizador: sorry pelo detalhe incompleto.,invoicing,tax_validation,cliente a espera,data_issue / high / development,data_issue,high,development,
SIS-2026-0356,EuroPackaging PT,packaging,Duplicados depois de upload para kpi_analysis,A listagem mostra records em falta e totais diferentes entre ecra e relatorio. Impacto informado: duvida simples. Nota do utilizador: o utilizador diz que ontem funcionava.,reporting,kpi_analysis,sem urgencia,data_issue / high / technical_support,data_issue,low,technical_support,
SIS-2026-0357,AlfaForms,forms and labels,Configurar credit_notes em serie de faturacao,"Can you change the workflow/template for credit_notes? The current settings do not match the client's process. Impacto informado: acontece algumas vezes. Mixed note: please check today if possible, the client is confused and tired.",invoicing,credit_notes,acontece algumas vezes,configuration_request / medium / technical_support,configuration_request,medium,technical_support,
SIS-2026-0358,Cartonagem Douro,packaging,Importacao criou registos errados no bank_reconciliation,A listagem mostra records em falta e totais diferentes entre ecra e relatorio. Impacto informado: impacto moderado. Nota do utilizador: o utilizador diz que ontem funcionava.,accounting,bank_reconciliation,precisamos esta semana,training_needed / high / support_level_1,data_issue,medium,technical_support,
SIS-2026-0359,MetalLabel,industrial manufacturing,Exception quando usamos saft_export,"After the last update, SAF-T started throwing an exception in saft_export. Users repeat the same steps and it crashes. Se possivel, encaminhar para Rui Costa, que ja conhece este cliente. Impacto informado: afeta uma equipa. Mixed note: please check today if possible, the client is confused and tired.",accounting,saft_export,impacto moderado,software_bug / critical / development,software_bug,medium,development,Rui Costa
SIS-2026-0360,AlfaForms,forms and labels,Como fazer no ecra de IVA?,"We need help understanding the flow. The client thinks something is missing, but it may be normal behavior in IVA. Impacto informado: duvida simples. Mixed note: please check today if possible, the client is confused and tired.",invoicing,invoice_emission,quando possivel,client_misunderstanding / low / development,client_misunderstanding,low,support_level_1,
SIS-2026-0361,TextilMinho,textile,Alterar workflow/template de barcode_labels,"Precisamos configurar regras novas no stock, especialmente no barcode_labels. E uma parametrizacao pedida pela direcao. Se possivel, encaminhar para Marta Silva, que ja conhece este cliente.",stock,barcode_labels,precisamos esta semana,configuration_request / medium / support_level_1,configuration_request,medium,support_level_1,Marta Silva
SIS-2026-0362,AlfaForms,forms and labels,Sessao de esclarecimento sobre IVA,"Entraram novos utilizadores e precisam de formacao sobre serie de faturacao. Querem exemplos praticos para credit_notes. Impacto informado: precisamos esta semana. Mixed note: please check today if possible, the client is confused and tired.",invoicing,credit_notes,precisamos esta semana,training_needed / medium / technical_support,training_needed,medium,account_management,
SIS-2026-0363,Cartonagem Douro,packaging,URGENTE - Permissoes e settings para perfil,"Precisamos configurar regras novas no permissoes, especialmente no password_policy. E uma parametrizacao pedida pela direcao. Impacto informado: fecho do mes. Nota do utilizador: nao sei se e bug ou configuracao. Mixed note: please check today if possible, the client is confused and tired.",user_permissions,password_policy,afeta varios utilizadores,configuration_request / high / development,configuration_request,high,development,
SIS-2026-0364,FlexoPrime,printing,Como fazer no ecra de IVA?,"O utilizador pergunta como fazer esta operacao no SAF-T. Parece que nao encontra o menu correto para vat_report. Mixed note: please check today if possible, the client is confused and tired.",accounting,vat_report,duvida simples,client_misunderstanding / low / support_level_1,client_misunderstanding,low,support_level_1,
SIS-2026-0365,Cartonagem Douro,packaging,Exception quando usamos complaints,"Bom dia, no cliente Cartonagem Douro aparece erro 500 quando tentamos usar CRM. O complaints fica bloqueado e nao grava os dados. Nota do utilizador: p.f. confirmar.",CRM,complaints,precisamos ainda hoje,software_bug / high / development,software_bug,high,development,
SIS-2026-0366,TextilMinho,textile,Need help understanding menu,"Duvida funcional: onde esta a opcao para notifications? Nao parece erro tecnico. Se possivel, encaminhar para Ana Martins, que ja conhece este cliente. Impacto informado: afeta uma equipa. Nota do utilizador: ja reiniciamos e ficou igual.",general,notifications,precisamos esta semana,data_issue / high / account_management,client_misunderstanding,medium,support_level_1,Ana Martins
SIS-2026-0367,EuroPackaging PT,packaging,Como fazer no ecra de dashboard?,"We need help understanding the flow. The client thinks something is missing, but it may be normal behavior in dashboard. Impacto informado: impacto moderado. Nota do utilizador: sorry pelo detalhe incompleto.",reporting,kpi_analysis,afeta uma equipa,client_misunderstanding / medium / support_level_1,client_misunderstanding,medium,support_level_1,
SIS-2026-0368,AlfaForms,forms and labels,Exception quando usamos webservices,"After the last update, integracao started throwing an exception in webservices. Users repeat the same steps and it crashes. Se possivel, encaminhar para Helena Rocha, que ja conhece este cliente. Impacto informado: afeta varios utilizadores. Nota do utilizador: isto acontece no ambiente real. Mixed note: please check today if possible, the client is confused and tired.",integrations,webservices,precisamos ainda hoje,software_bug / critical / development,software_bug,high,development,Helena Rocha
SIS-2026-0369,LusoPack Embalagens,packaging,URGENTE - Alterar workflow/template de webservices,"Pedido para ajustar permissoes, perfis ou parametros relacionados com webservice.",integrations,webservices,precisamos ainda hoje,client_misunderstanding / medium / account_management,configuration_request,high,technical_support,
SIS-2026-0370,EuroPackaging PT,packaging,URGENTE - Need help understanding contactos,"Duvida funcional: onde esta a opcao para commercial_pipeline? Nao parece erro tecnico. Se possivel, encaminhar para Miguel Santos, que ja conhece este cliente. Impacto informado: afeta varios utilizadores. Nota do utilizador: sorry pelo detalhe incompleto.",CRM,commercial_pipeline,precisamos ainda hoje,client_misunderstanding / high / technical_support,client_misunderstanding,high,training_consulting,Miguel Santos
SIS-2026-0371,Cartonagem Douro,packaging,Seria possivel adicionar regra em commercial_pipeline?,"Seria possivel adicionar uma regra extra no commercial_pipeline? Hoje fazem isto fora do sistema. Se possivel, encaminhar para Joao Pereira, que ja conhece este cliente.",CRM,commercial_pipeline,duvida simples,feature_request / low / account_management,feature_request,low,account_management,Joao Pereira
SIS-2026-0372,AlfaForms,forms and labels,Bug after update in serie de faturacao,"Bom dia, no cliente AlfaForms aparece erro 500 quando tentamos usar fatura. O e_invoice fica bloqueado e nao grava os dados. Impacto informado: precisamos ainda hoje. Nota do utilizador: maybe it is just a setting.",invoicing,e_invoice,afeta varios utilizadores,software_bug / high / technical_support,software_bug,high,technical_support,
SIS-2026-0373,PlastiCentro,plastics,Dados inconsistentes em movimentos,"A listagem mostra records em falta e totais diferentes entre ecra e relatorio. Se possivel, encaminhar para Joao Pereira, que ja conhece este cliente. Impacto informado: sem urgencia.",stock,stock_movements,duvida simples,client_misunderstanding / medium / training_consulting,data_issue,low,technical_support,Joao Pereira
SIS-2026-0374,TextilMinho,textile,Bug after update in custos,"Bom dia, no cliente TextilMinho aparece erro 500 quando tentamos usar planeamento. O cost_calculation fica bloqueado e nao grava os dados. Nota do utilizador: sorry pelo detalhe incompleto.",production,cost_calculation,cannot invoice,software_bug / critical / development,software_bug,critical,development,
SIS-2026-0375,FlexoPrime,printing,URGENTE - Saldo/valores nao batem em invoice,Os dados no factura nao batem certo. Ha registos duplicados e valores estranhos depois de uma importacao CSV.,invoicing,credit_notes,afeta varios utilizadores,client_misunderstanding / critical / support_level_1,data_issue,high,development,
SIS-2026-0376,Braga Print House,printing,Falha de rede ao abrir performance,O sistema esta muito lento e da timeout ao abrir ambiente. Varios utilizadores reportam falha de rede/VPN. Nota do utilizador: isto acontece no ambiente real.,general,navigation,sem faturar,infrastructure_problem / critical / technical_support,infrastructure_problem,critical,infrastructure,
SIS-2026-0377,EtiquetaFina,labels,Configurar password_policy em acessos,Can you change the workflow/template for password_policy? The current settings do not match the client's process. Impacto informado: precisamos esta semana. Nota do utilizador: ja reiniciamos e ficou igual.,user_permissions,password_policy,afeta uma equipa,training_needed / low / infrastructure,configuration_request,medium,training_consulting,
SIS-2026-0378,Braga Print House,printing,fatura bloqueia ao validar invoice_emission,"Bom dia, no cliente Braga Print House aparece erro 500 quando tentamos usar factura. O invoice_emission fica bloqueado e nao grava os dados. Impacto informado: impacto moderado. Nota do utilizador: isto acontece no ambiente real.",invoicing,invoice_emission,afeta uma equipa,software_bug / medium / development,software_bug,medium,development,
SIS-2026-0379,GrafiNorte SA,printing,Novos utilizadores precisam treino de inventory_counts,Entraram novos utilizadores e precisam de formacao sobre armazem. Querem exemplos praticos para inventory_counts. Impacto informado: duvida simples. Nota do utilizador: sorry pelo detalhe incompleto.,stock,inventory_counts,sem urgencia,training_needed / low / training_consulting,training_needed,low,training_consulting,
SIS-2026-0380,MetalLabel,industrial manufacturing,Como fazer no ecra de password?,"We need help understanding the flow. The client thinks something is missing, but it may be normal behavior in password. Se possivel, encaminhar para Marta Silva, que ja conhece este cliente. Impacto informado: acontece algumas vezes. Nota do utilizador: maybe it is just a setting. Mixed note: please check today if possible, the client is confused and tired.",user_permissions,access_rights,precisamos esta semana,client_misunderstanding / medium / support_level_1,client_misunderstanding,medium,support_level_1,Marta Silva
SIS-2026-0381,LusoPack Embalagens,packaging,Permissoes e settings para acessos,"Precisamos configurar regras novas no permissoes, especialmente no approvals. E uma parametrizacao pedida pela direcao. Impacto informado: acontece algumas vezes.",user_permissions,approvals,impacto moderado,configuration_request / medium / technical_support,configuration_request,medium,technical_support,
SIS-2026-0382,LusoPack Embalagens,packaging,Need help understanding export Excel,"O utilizador pergunta como fazer esta operacao no dashboard. Parece que nao encontra o menu correto para excel_export. Se possivel, encaminhar para Helena Rocha, que ja conhece este cliente. Nota do utilizador: nao sei se e bug ou configuracao. Mixed note: please check today if possible, the client is confused and tired.",reporting,excel_export,precisamos ainda hoje,client_misunderstanding / low / support_level_1,client_misunderstanding,high,support_level_1,Helena Rocha
SIS-2026-0383,EtiquetaFina,labels,Utilizador nao encontra opcao em tax_validation,Duvida funcional: onde esta a opcao para tax_validation? Nao parece erro tecnico. Nota do utilizador: isto acontece no ambiente real.,invoicing,tax_validation,pode esperar,client_misunderstanding / low / support_level_1,client_misunderstanding,low,support_level_1,
SIS-2026-0384,EuroPackaging PT,packaging,Need help understanding analise,"We need help understanding the flow. The client thinks something is missing, but it may be normal behavior in analise. Impacto informado: duvida simples. Nota do utilizador: p.f. confirmar.",reporting,excel_export,quando possivel,software_bug / medium / development,client_misunderstanding,low,support_level_1,
SIS-2026-0385,Braga Print House,printing,Importacao criou registos errados no scheduling,"Depois do upload, o scheduling ficou com saldos incorretos. O cliente diz que o Excel original esta correto. Impacto informado: acontece algumas vezes. Nota do utilizador: sorry pelo detalhe incompleto.",production,scheduling,acontece algumas vezes,data_issue / high / technical_support,data_issue,medium,technical_support,
SIS-2026-0386,PlastiCentro,plastics,Need help understanding login,"Duvida funcional: onde esta a opcao para performance? Nao parece erro tecnico. Impacto informado: sem urgencia. Nota do utilizador: temos prints mas ainda nao anexei. Mixed note: please check today if possible, the client is confused and tired.",general,performance,melhoria para analisar,client_misunderstanding / low / support_level_1,client_misunderstanding,low,support_level_1,
SIS-2026-0387,TextilMinho,textile,Saldo/valores nao batem em fatura,"Depois do upload, o e_invoice ficou com saldos incorretos. O cliente diz que o Excel original esta correto. Nota do utilizador: maybe it is just a setting.",invoicing,e_invoice,afeta uma equipa,data_issue / medium / technical_support,data_issue,medium,technical_support,
SIS-2026-0388,PlastiCentro,plastics,Exception quando usamos commercial_pipeline,"Estamos a receber stacktrace no commercial_pipeline. Parece bug porque o mesmo processo funcionava ontem. Impacto informado: todos os utilizadores bloqueados. Nota do utilizador: nao sei se e bug ou configuracao. Mixed note: please check today if possible, the client is confused and tired.",CRM,commercial_pipeline,deadline hoje,software_bug / critical / development,software_bug,critical,development,
SIS-2026-0389,EuroPackaging PT,packaging,Dados inconsistentes em stock,"A listagem mostra records em falta e totais diferentes entre ecra e relatorio. Se possivel, encaminhar para Joao Pereira, que ja conhece este cliente. Nota do utilizador: maybe it is just a setting. Mixed note: please check today if possible, the client is confused and tired.",stock,warehouse_transfer,acontece algumas vezes,data_issue / medium / technical_support,data_issue,medium,technical_support,Joao Pereira
SIS-2026-0390,Braga Print House,printing,Utilizador nao encontra opcao em saft_export,Duvida funcional: onde esta a opcao para saft_export? Nao parece erro tecnico. Impacto informado: precisamos esta semana. Nota do utilizador: sorry pelo detalhe incompleto.,accounting,saft_export,afeta uma equipa,software_bug / low / support_level_1,client_misunderstanding,medium,training_consulting,
SIS-2026-0391,Braga Print House,printing,Configurar credit_notes em IVA,"Precisamos configurar regras novas no serie de faturacao, especialmente no credit_notes. E uma parametrizacao pedida pela direcao. Se possivel, encaminhar para Rui Costa, que ja conhece este cliente. Impacto informado: acontece algumas vezes.",invoicing,credit_notes,acontece algumas vezes,training_needed / low / development,configuration_request,medium,technical_support,Rui Costa
SIS-2026-0392,PrintWorks Porto,printing,Duvida sobre fatura / e_invoice,O utilizador pergunta como fazer esta operacao no invoice. Parece que nao encontra o menu correto para e_invoice. Impacto informado: sem urgencia.,invoicing,e_invoice,sem urgencia,client_misunderstanding / low / support_level_1,client_misunderstanding,low,support_level_1,
SIS-2026-0393,Cartonagem Douro,packaging,Permissoes e settings para KPI,Can you change the workflow/template for kpi_analysis? The current settings do not match the client's process. Nota do utilizador: isto acontece no ambiente real.,reporting,kpi_analysis,acontece algumas vezes,configuration_request / medium / training_consulting,configuration_request,medium,training_consulting,
SIS-2026-0394,EtiquetaFina,labels,Exception quando usamos e_invoice,"Bom dia, no cliente EtiquetaFina aparece erro 500 quando tentamos usar fatura. O e_invoice fica bloqueado e nao grava os dados. Impacto informado: todos os utilizadores bloqueados.",invoicing,e_invoice,critico,feature_request / medium / development,software_bug,critical,technical_support,
SIS-2026-0395,PrintWorks Porto,printing,URGENTE - Duplicados depois de upload para stock_movements,A listagem mostra records em falta e totais diferentes entre ecra e relatorio.,stock,stock_movements,deadline hoje,data_issue / high / account_management,data_issue,critical,account_management,
SIS-2026-0396,LusoPack Embalagens,packaging,Nova opcao para performance,"O cliente gostava de uma nova opcao em menu. Nao e erro, e melhoria para reduzir passos manuais. Impacto informado: quando possivel. Mixed note: please check today if possible, the client is confused and tired.",general,performance,pode esperar,data_issue / high / technical_support,feature_request,low,account_management,
SIS-2026-0397,PrintWorks Porto,printing,Melhoria desejada em armazem,"Feature request para avaliar em roadmap; o processo atual funciona mas tem muito trabalho manual. Se possivel, encaminhar para Miguel Santos, que ja conhece este cliente. Impacto informado: impacto moderado.",stock,warehouse_transfer,precisamos esta semana,feature_request / high / support_level_1,feature_request,medium,development,Miguel Santos
SIS-2026-0398,Cartonagem Douro,packaging,Formacao para equipa em acessos,A equipa esta a usar mal o processo. Sugerimos uma sessao curta de training para evitar tickets repetidos. Impacto informado: acontece algumas vezes. Nota do utilizador: maybe it is just a setting.,user_permissions,roles_profiles,afeta uma equipa,infrastructure_problem / low / account_management,training_needed,medium,training_consulting,
SIS-2026-0399,EtiquetaFina,labels,URGENTE - Alterar workflow/template de scheduling,Can you change the workflow/template for scheduling? The current settings do not match the client's process. Impacto informado: precisamos ainda hoje.,production,scheduling,afeta varios utilizadores,infrastructure_problem / medium / development,configuration_request,high,technical_support,
SIS-2026-0400,Braga Print House,printing,Como fazer no ecra de contabilidade?,"Duvida funcional: onde esta a opcao para bank_reconciliation? Nao parece erro tecnico. Nota do utilizador: temos prints mas ainda nao anexei. Mixed note: please check today if possible, the client is confused and tired.",accounting,bank_reconciliation,quando possivel,client_misunderstanding / low / support_level_1,client_misunderstanding,low,support_level_1,
SIS-2026-0401,Braga Print House,printing,Como fazer no ecra de CRM?,"We need help understanding the flow. The client thinks something is missing, but it may be normal behavior in cliente. Impacto informado: afeta uma equipa. Nota do utilizador: temos prints mas ainda nao anexei.",CRM,customer_cards,impacto moderado,client_misunderstanding / medium / support_level_1,client_misunderstanding,medium,support_level_1,
SIS-2026-0402,LusoPack Embalagens,packaging,Training request for work_orders,"A equipa esta a usar mal o processo. Sugerimos uma sessao curta de training para evitar tickets repetidos. Nota do utilizador: o utilizador diz que ontem funcionava. Mixed note: please check today if possible, the client is confused and tired.",production,work_orders,quando possivel,feature_request / critical / account_management,training_needed,low,support_level_1,
SIS-2026-0403,AlfaForms,forms and labels,Permissoes e settings para permissoes,"Can you change the workflow/template for access_rights? The current settings do not match the client's process. Impacto informado: precisamos esta semana. Nota do utilizador: ja reiniciamos e ficou igual. Mixed note: please check today if possible, the client is confused and tired.",user_permissions,access_rights,impacto moderado,configuration_request / medium / technical_support,configuration_request,medium,technical_support,
SIS-2026-0404,AlfaForms,forms and labels,Importacao criou registos errados no external_accounting,A listagem mostra records em falta e totais diferentes entre ecra e relatorio. Nota do utilizador: o utilizador diz que ontem funcionava.,integrations,external_accounting,impacto moderado,data_issue / medium / development,data_issue,medium,development,Rui Costa
SIS-2026-0405,EuroPackaging PT,packaging,Novos utilizadores precisam treino de customer_cards,Entraram novos utilizadores e precisam de formacao sobre CRM. Querem exemplos praticos para customer_cards. Impacto informado: impacto moderado. Nota do utilizador: isto acontece no ambiente real.,CRM,customer_cards,acontece algumas vezes,training_needed / medium / training_consulting,training_needed,medium,training_consulting,
SIS-2026-0406,PlastiCentro,plastics,URGENTE - factura bloqueia ao validar e_invoice,"Bom dia, no cliente PlastiCentro aparece erro 500 quando tentamos usar IVA. O e_invoice fica bloqueado e nao grava os dados. Impacto informado: fecho do mes.",invoicing,e_invoice,urgente,data_issue / critical / account_management,software_bug,high,development,
SIS-2026-0407,EtiquetaFina,labels,Saldo/valores nao batem em movimentos,Os dados no inventario nao batem certo. Ha registos duplicados e valores estranhos depois de uma importacao CSV. Impacto informado: acontece algumas vezes. Nota do utilizador: maybe it is just a setting.,stock,inventory_counts,acontece algumas vezes,data_issue / medium / technical_support,data_issue,medium,technical_support,
SIS-2026-0408,Braga Print House,printing,URGENTE - Importacao criou registos errados no edi,"Depois do upload, o edi ficou com saldos incorretos. O cliente diz que o Excel original esta correto. Se possivel, encaminhar para Miguel Santos, que ja conhece este cliente. Impacto informado: fecho do mes. Nota do utilizador: maybe it is just a setting. Mixed note: please check today if possible, the client is confused and tired.",integrations,edi,cliente a espera,data_issue / critical / technical_support,data_issue,high,technical_support,Miguel Santos
SIS-2026-0409,FlexoPrime,printing,Erro no oportunidade: complaints nao grava,Estamos a receber stacktrace no complaints. Parece bug porque o mesmo processo funcionava ontem. Impacto informado: acontece algumas vezes. Nota do utilizador: temos prints mas ainda nao anexei.,CRM,complaints,acontece algumas vezes,infrastructure_problem / high / support_level_1,software_bug,medium,technical_support,Rui Costa
SIS-2026-0410,MetalLabel,industrial manufacturing,Nova opcao para complaints,Feature request para avaliar em roadmap; o processo atual funciona mas tem muito trabalho manual. Impacto informado: afeta uma equipa. Nota do utilizador: p.f. confirmar.,CRM,complaints,impacto moderado,feature_request / medium / development,feature_request,medium,development,
SIS-2026-0411,Cartonagem Douro,packaging,Saldo/valores nao batem em reconciliacao bancaria,A listagem mostra records em falta e totais diferentes entre ecra e relatorio.,accounting,saft_export,precisamos ainda hoje,data_issue / low / support_level_1,data_issue,high,technical_support,
SIS-2026-0412,PrintWorks Porto,printing,Nova opcao para dashboards,Seria possivel adicionar uma regra extra no dashboards? Hoje fazem isto fora do sistema. Impacto informado: melhoria para analisar. Nota do utilizador: o utilizador diz que ontem funcionava.,reporting,dashboards,sem urgencia,feature_request / low / account_management,feature_request,low,account_management,
SIS-2026-0413,EuroPackaging PT,packaging,Duvida sobre SAF-T / journal_entries,O utilizador pergunta como fazer esta operacao no reconciliacao bancaria. Parece que nao encontra o menu correto para journal_entries. Impacto informado: acontece algumas vezes. Nota do utilizador: isto acontece no ambiente real.,accounting,journal_entries,acontece algumas vezes,client_misunderstanding / medium / technical_support,client_misunderstanding,medium,technical_support,
SIS-2026-0414,FlexoPrime,printing,Alterar workflow/template de dashboards,"Pedido para ajustar permissoes, perfis ou parametros relacionados com analise. Impacto informado: afeta uma equipa. Nota do utilizador: ja reiniciamos e ficou igual.",reporting,dashboards,impacto moderado,configuration_request / medium / development,configuration_request,medium,training_consulting,Miguel Santos
SIS-2026-0415,MetalLabel,industrial manufacturing,Erro no planeamento: work_orders nao grava,"Bom dia, no cliente MetalLabel aparece erro 500 quando tentamos usar producao. O work_orders fica bloqueado e nao grava os dados. Impacto informado: cliente a espera. Nota do utilizador: temos prints mas ainda nao anexei.",production,work_orders,cliente a espera,infrastructure_problem / medium / support_level_1,software_bug,high,development,
SIS-2026-0416,Braga Print House,printing,Pedido de parametrizacao para permissoes,"Precisamos configurar regras novas no role, especialmente no password_policy. E uma parametrizacao pedida pela direcao. Se possivel, encaminhar para Joao Pereira, que ja conhece este cliente. Impacto informado: melhoria para analisar. Nota do utilizador: isto acontece no ambiente real.",user_permissions,password_policy,duvida simples,configuration_request / low / support_level_1,configuration_request,low,support_level_1,Joao Pereira
SIS-2026-0417,PlastiCentro,plastics,Formacao para equipa em armazem,Entraram novos utilizadores e precisam de formacao sobre stock. Querem exemplos praticos para barcode_labels. Impacto informado: afeta uma equipa. Nota do utilizador: p.f. confirmar.,stock,barcode_labels,impacto moderado,training_needed / medium / support_level_1,training_needed,medium,support_level_1,
SIS-2026-0418,PlastiCentro,plastics,Saldo/valores nao batem em armazem,A listagem mostra records em falta e totais diferentes entre ecra e relatorio. Impacto informado: precisamos esta semana.,stock,stock_movements,acontece algumas vezes,infrastructure_problem / critical / development,data_issue,medium,technical_support,Joao Pereira
SIS-2026-0419,EtiquetaFina,labels,Importacao criou registos errados no inventory_counts,"Depois do upload, o inventory_counts ficou com saldos incorretos. O cliente diz que o Excel original esta correto. Impacto informado: afeta uma equipa.",stock,inventory_counts,impacto moderado,data_issue / high / technical_support,data_issue,medium,technical_support,
SIS-2026-0420,Braga Print House,printing,Importacao criou registos errados no bank_reconciliation,A listagem mostra records em falta e totais diferentes entre ecra e relatorio. Impacto informado: afeta uma equipa. Nota do utilizador: nao sei se e bug ou configuracao.,accounting,bank_reconciliation,precisamos esta semana,software_bug / high / technical_support,data_issue,medium,account_management,
SIS-2026-0421,TextilMinho,textile,Utilizador nao encontra opcao em login,"Duvida funcional: onde esta a opcao para login? Nao parece erro tecnico. Se possivel, encaminhar para Miguel Santos, que ja conhece este cliente. Nota do utilizador: sorry pelo detalhe incompleto.",general,login,precisamos esta semana,client_misunderstanding / medium / training_consulting,client_misunderstanding,medium,training_consulting,Miguel Santos
SIS-2026-0422,MetalLabel,industrial manufacturing,Importacao criou registos errados no stock_movements,Os dados no armazem nao batem certo. Ha registos duplicados e valores estranhos depois de uma importacao CSV. Impacto informado: producao parada.,stock,stock_movements,cannot invoice,infrastructure_problem / medium / infrastructure,data_issue,critical,technical_support,
SIS-2026-0423,GrafiNorte SA,printing,Timeout/lentidao no acesso a notificacoes,"Server seems unstable. Login works sometimes, then performance stops responding. Mixed note: please check today if possible, the client is confused and tired.",general,performance,cliente a espera,data_issue / critical / training_consulting,infrastructure_problem,high,development,Marta Silva
SIS-2026-0424,MetalLabel,industrial manufacturing,invoice bloqueia ao validar tax_validation,"Bom dia, no cliente MetalLabel aparece erro 500 quando tentamos usar invoice. O tax_validation fica bloqueado e nao grava os dados. Impacto informado: fecho do mes. Nota do utilizador: o utilizador diz que ontem funcionava.",invoicing,tax_validation,precisamos ainda hoje,software_bug / high / development,software_bug,high,development,
SIS-2026-0425,EtiquetaFina,labels,URGENTE - KPI bloqueia ao validar dashboards,"After the last update, analise started throwing an exception in dashboards. Users repeat the same steps and it crashes. Nota do utilizador: p.f. confirmar.",reporting,dashboards,urgente,software_bug / high / infrastructure,software_bug,high,development,
SIS-2026-0426,AlfaForms,forms and labels,Nova opcao para dashboards,"Seria possivel adicionar uma regra extra no dashboards? Hoje fazem isto fora do sistema. Se possivel, encaminhar para Miguel Santos, que ja conhece este cliente. Impacto informado: quando possivel.",reporting,dashboards,melhoria para analisar,feature_request / low / support_level_1,feature_request,low,support_level_1,Miguel Santos
SIS-2026-0427,TextilMinho,textile,Erro no inventario: stock_movements nao grava,"After the last update, inventario started throwing an exception in stock_movements. Users repeat the same steps and it crashes. Impacto informado: acontece algumas vezes. Nota do utilizador: p.f. confirmar.",stock,stock_movements,acontece algumas vezes,software_bug / medium / development,software_bug,medium,development,Rui Costa
SIS-2026-0428,GrafiNorte SA,printing,Novos utilizadores precisam treino de login,"Precisamos de workshop para explicar o fluxo correto e boas praticas. Se possivel, encaminhar para Ana Martins, que ja conhece este cliente. Nota do utilizador: p.f. confirmar.",general,login,afeta uma equipa,training_needed / medium / training_consulting,training_needed,medium,training_consulting,Ana Martins
SIS-2026-0429,PrintWorks Porto,printing,URGENTE - Erro no invoice: credit_notes nao grava,"Bom dia, no cliente PrintWorks Porto aparece erro 500 quando tentamos usar fatura. O credit_notes fica bloqueado e nao grava os dados. Se possivel, encaminhar para Ana Martins, que ja conhece este cliente. Nota do utilizador: temos prints mas ainda nao anexei.",invoicing,credit_notes,critico,software_bug / high / development,software_bug,critical,development,Ana Martins
SIS-2026-0430,LusoPack Embalagens,packaging,Duvida sobre perfil / password_policy,Duvida funcional: onde esta a opcao para password_policy? Nao parece erro tecnico. Impacto informado: precisamos esta semana. Nota do utilizador: o utilizador diz que ontem funcionava.,user_permissions,password_policy,afeta uma equipa,client_misunderstanding / medium / development,client_misunderstanding,medium,support_level_1,
SIS-2026-0431,FlexoPrime,printing,Configurar cost_calculation em shop floor,"Can you change the workflow/template for cost_calculation? The current settings do not match the client's process. Mixed note: please check today if possible, the client is confused and tired.",production,cost_calculation,precisamos esta semana,configuration_request / critical / training_consulting,configuration_request,medium,training_consulting,
SIS-2026-0432,PrintWorks Porto,printing,Exception quando usamos credit_notes,"After the last update, invoice started throwing an exception in credit_notes. Users repeat the same steps and it crashes. Nota do utilizador: o utilizador diz que ontem funcionava.",invoicing,credit_notes,producao parada,software_bug / critical / technical_support,software_bug,critical,technical_support,
SIS-2026-0433,EtiquetaFina,labels,Permissoes e settings para analise,"Precisamos configurar regras novas no analise, especialmente no excel_export. E uma parametrizacao pedida pela direcao. Impacto informado: acontece algumas vezes. Nota do utilizador: maybe it is just a setting.",reporting,excel_export,impacto moderado,feature_request / low / support_level_1,configuration_request,medium,development,
SIS-2026-0434,Cartonagem Douro,packaging,URGENTE - Need help understanding cliente,"O utilizador pergunta como fazer esta operacao no pipeline comercial. Parece que nao encontra o menu correto para opportunities. Nota do utilizador: sorry pelo detalhe incompleto. Mixed note: please check today if possible, the client is confused and tired.",CRM,opportunities,cliente a espera,feature_request / low / training_consulting,client_misunderstanding,high,support_level_1,
SIS-2026-0435,AlfaForms,forms and labels,URGENTE - Alterar workflow/template de roles_profiles,"Pedido para ajustar permissoes, perfis ou parametros relacionados com perfil. Nota do utilizador: nao sei se e bug ou configuracao.",user_permissions,roles_profiles,urgente,configuration_request / high / account_management,configuration_request,high,technical_support,
SIS-2026-0436,GrafiNorte SA,printing,Como fazer no ecra de CRM?,"We need help understanding the flow. The client thinks something is missing, but it may be normal behavior in pipeline comercial. Impacto informado: quando possivel.",CRM,complaints,sem urgencia,infrastructure_problem / critical / infrastructure,client_misunderstanding,low,support_level_1,Joao Pereira
SIS-2026-0437,EtiquetaFina,labels,Exception quando usamos performance,Estamos a receber stacktrace no performance. Parece bug porque o mesmo processo funcionava ontem. Impacto informado: pode esperar. Nota do utilizador: o utilizador diz que ontem funcionava.,general,performance,sem urgencia,configuration_request / medium / infrastructure,software_bug,low,development,
SIS-2026-0438,MetalLabel,industrial manufacturing,Bug after update in invoice,"Bom dia, no cliente MetalLabel aparece erro 500 quando tentamos usar IVA. O e_invoice fica bloqueado e nao grava os dados. Se possivel, encaminhar para Joao Pereira, que ja conhece este cliente. Nota do utilizador: nao sei se e bug ou configuracao.",invoicing,e_invoice,afeta uma equipa,client_misunderstanding / high / infrastructure,software_bug,medium,development,Joao Pereira
SIS-2026-0439,Cartonagem Douro,packaging,Training request for access_rights,Entraram novos utilizadores e precisam de formacao sobre password. Querem exemplos praticos para access_rights. Impacto informado: sem urgencia. Nota do utilizador: p.f. confirmar.,user_permissions,access_rights,sem urgencia,configuration_request / critical / technical_support,training_needed,low,training_consulting,
SIS-2026-0440,Braga Print House,printing,URGENTE - ecommerce bloqueia ao validar edi,"After the last update, EDI started throwing an exception in edi. Users repeat the same steps and it crashes. Se possivel, encaminhar para Helena Rocha, que ja conhece este cliente. Nota do utilizador: temos prints mas ainda nao anexei.",integrations,edi,critico,configuration_request / low / account_management,software_bug,critical,development,Helena Rocha
SIS-2026-0441,FlexoPrime,printing,Dados inconsistentes em integracao,"Os dados no EDI nao batem certo. Ha registos duplicados e valores estranhos depois de uma importacao CSV. Impacto informado: fecho do mes. Nota do utilizador: p.f. confirmar. Mixed note: please check today if possible, the client is confused and tired.",integrations,api,urgente,data_issue / high / technical_support,data_issue,high,technical_support,
SIS-2026-0442,LusoPack Embalagens,packaging,Alterar workflow/template de password_policy,"Pedido para ajustar permissoes, perfis ou parametros relacionados com acessos. Nota do utilizador: maybe it is just a setting.",user_permissions,password_policy,impacto moderado,data_issue / high / support_level_1,configuration_request,medium,technical_support,
SIS-2026-0443,Braga Print House,printing,Duvida sobre perfil / roles_profiles,Duvida funcional: onde esta a opcao para roles_profiles? Nao parece erro tecnico. Impacto informado: impacto moderado. Nota do utilizador: p.f. confirmar.,user_permissions,roles_profiles,afeta uma equipa,client_misunderstanding / medium / training_consulting,client_misunderstanding,medium,support_level_1,
SIS-2026-0444,PlastiCentro,plastics,Alterar workflow/template de dashboards,"Pedido para ajustar permissoes, perfis ou parametros relacionados com relatorio. Impacto informado: duvida simples.",reporting,dashboards,quando possivel,configuration_request / low / technical_support,configuration_request,low,training_consulting,
SIS-2026-0445,GrafiNorte SA,printing,Exception quando usamos work_orders,"Bom dia, no cliente GrafiNorte SA aparece erro 500 quando tentamos usar ordem de fabrico. O work_orders fica bloqueado e nao grava os dados.",production,work_orders,duvida simples,software_bug / low / support_level_1,software_bug,low,technical_support,
SIS-2026-0446,EuroPackaging PT,packaging,Erro no relatorio: kpi_analysis nao grava,"Bom dia, no cliente EuroPackaging PT aparece erro 500 quando tentamos usar export Excel. O kpi_analysis fica bloqueado e nao grava os dados. Impacto informado: cannot invoice.",reporting,kpi_analysis,sem faturar,software_bug / critical / development,software_bug,critical,development,
SIS-2026-0447,AlfaForms,forms and labels,URGENTE - Pedido de parametrizacao para pipeline comercial,Can you change the workflow/template for commercial_pipeline? The current settings do not match the client's process. Impacto informado: urgente. Nota do utilizador: p.f. confirmar.,CRM,commercial_pipeline,precisamos ainda hoje,configuration_request / high / training_consulting,configuration_request,high,training_consulting,Miguel Santos
SIS-2026-0448,AlfaForms,forms and labels,Nova opcao para notifications,"Seria possivel adicionar uma regra extra no notifications? Hoje fazem isto fora do sistema. Se possivel, encaminhar para Joao Pereira, que ja conhece este cliente. Impacto informado: impacto moderado.",general,notifications,acontece algumas vezes,feature_request / medium / development,feature_request,medium,development,Joao Pereira
SIS-2026-0449,PrintWorks Porto,printing,Need help understanding shop floor,O utilizador pergunta como fazer esta operacao no custos. Parece que nao encontra o menu correto para work_orders. Impacto informado: precisamos esta semana. Nota do utilizador: o utilizador diz que ontem funcionava.,production,work_orders,precisamos esta semana,client_misunderstanding / medium / support_level_1,client_misunderstanding,medium,support_level_1,
SIS-2026-0450,LusoPack Embalagens,packaging,Dados inconsistentes em relatorio,"A listagem mostra records em falta e totais diferentes entre ecra e relatorio. Mixed note: please check today if possible, the client is confused and tired.",reporting,excel_export,urgente,data_issue / medium / account_management,data_issue,high,account_management,
SIS-2026-0451,PrintWorks Porto,printing,Falha de rede ao abrir performance,O sistema esta muito lento e da timeout ao abrir performance. Varios utilizadores reportam falha de rede/VPN. Impacto informado: urgente. Nota do utilizador: isto acontece no ambiente real.,general,performance,fecho do mes,infrastructure_problem / high / infrastructure,infrastructure_problem,high,infrastructure,
SIS-2026-0452,Cartonagem Douro,packaging,Saldo/valores nao batem em movimentos,Os dados no inventario nao batem certo. Ha registos duplicados e valores estranhos depois de uma importacao CSV. Impacto informado: quando possivel. Nota do utilizador: maybe it is just a setting.,stock,stock_movements,pode esperar,data_issue / low / account_management,data_issue,low,technical_support,
SIS-2026-0453,TextilMinho,textile,Melhoria desejada em contactos,"Feature request para avaliar em roadmap; o processo atual funciona mas tem muito trabalho manual. Impacto informado: melhoria para analisar. Nota do utilizador: temos prints mas ainda nao anexei. Mixed note: please check today if possible, the client is confused and tired.",CRM,opportunities,sem urgencia,feature_request / critical / training_consulting,feature_request,low,account_management,
SIS-2026-0454,Braga Print House,printing,Importacao criou registos errados no customer_cards,A listagem mostra records em falta e totais diferentes entre ecra e relatorio. Impacto informado: fecho do mes.,CRM,customer_cards,fecho do mes,data_issue / high / support_level_1,data_issue,high,technical_support,Rui Costa
SIS-2026-0455,LusoPack Embalagens,packaging,Dados inconsistentes em dashboard,"Os dados no relatorio nao batem certo. Ha registos duplicados e valores estranhos depois de uma importacao CSV. Se possivel, encaminhar para Marta Silva, que ja conhece este cliente. Impacto informado: impacto moderado. Nota do utilizador: isto acontece no ambiente real. Mixed note: please check today if possible, the client is confused and tired.",reporting,dashboards,precisamos esta semana,software_bug / low / infrastructure,data_issue,medium,account_management,Marta Silva
SIS-2026-0456,EuroPackaging PT,packaging,Timeout/lentidao no acesso a producao,"O sistema esta muito lento e da timeout ao abrir shop floor. Varios utilizadores reportam falha de rede/VPN. Impacto informado: afeta varios utilizadores. Nota do utilizador: nao sei se e bug ou configuracao. Mixed note: please check today if possible, the client is confused and tired.",production,scheduling,precisamos ainda hoje,infrastructure_problem / high / technical_support,infrastructure_problem,high,technical_support,
SIS-2026-0457,Cartonagem Douro,packaging,Sessao de esclarecimento sobre shop floor,A equipa esta a usar mal o processo. Sugerimos uma sessao curta de training para evitar tickets repetidos. Impacto informado: quando possivel. Nota do utilizador: o utilizador diz que ontem funcionava.,production,shop_floor,quando possivel,training_needed / low / training_consulting,training_needed,low,training_consulting,Ana Martins
SIS-2026-0458,AlfaForms,forms and labels,URGENTE - Need help understanding serie de faturacao,"Duvida funcional: onde esta a opcao para e_invoice? Nao parece erro tecnico. Se possivel, encaminhar para Joao Pereira, que ja conhece este cliente. Impacto informado: fecho do mes. Nota do utilizador: o utilizador diz que ontem funcionava.",invoicing,e_invoice,afeta varios utilizadores,training_needed / low / technical_support,client_misunderstanding,high,support_level_1,Joao Pereira
SIS-2026-0459,Cartonagem Douro,packaging,Pedido de parametrizacao para webservice,"Can you change the workflow/template for webservices? The current settings do not match the client's process. Impacto informado: acontece algumas vezes. Nota do utilizador: isto acontece no ambiente real. Mixed note: please check today if possible, the client is confused and tired.",integrations,webservices,acontece algumas vezes,feature_request / high / development,configuration_request,medium,technical_support,
SIS-2026-0460,EtiquetaFina,labels,Falha de rede ao abrir relatorio,"O sistema esta muito lento e da timeout ao abrir export Excel. Varios utilizadores reportam falha de rede/VPN. Se possivel, encaminhar para Marta Silva, que ja conhece este cliente. Nota do utilizador: isto acontece no ambiente real.",reporting,kpi_analysis,precisamos ainda hoje,infrastructure_problem / high / technical_support,infrastructure_problem,high,infrastructure,Marta Silva
SIS-2026-0461,AlfaForms,forms and labels,Importacao criou registos errados no journal_entries,"Depois do upload, o journal_entries ficou com saldos incorretos. O cliente diz que o Excel original esta correto. Impacto informado: afeta uma equipa. Nota do utilizador: nao sei se e bug ou configuracao. Mixed note: please check today if possible, the client is confused and tired.",accounting,journal_entries,impacto moderado,feature_request / high / infrastructure,data_issue,medium,development,
SIS-2026-0462,Braga Print House,printing,API bloqueia ao validar external_accounting,"Bom dia, no cliente Braga Print House aparece erro 500 quando tentamos usar API. O external_accounting fica bloqueado e nao grava os dados. Nota do utilizador: sorry pelo detalhe incompleto.",integrations,external_accounting,afeta varios utilizadores,feature_request / medium / technical_support,software_bug,high,development,
SIS-2026-0463,FlexoPrime,printing,Formacao para equipa em relatorio,A equipa esta a usar mal o processo. Sugerimos uma sessao curta de training para evitar tickets repetidos. Impacto informado: afeta uma equipa.,reporting,dashboards,afeta uma equipa,client_misunderstanding / critical / infrastructure,training_needed,medium,support_level_1,
SIS-2026-0464,MetalLabel,industrial manufacturing,Sessao de esclarecimento sobre lancamentos,"Entraram novos utilizadores e precisam de formacao sobre reconciliacao bancaria. Querem exemplos praticos para saft_export. Impacto informado: impacto moderado. Nota do utilizador: sorry pelo detalhe incompleto. Mixed note: please check today if possible, the client is confused and tired.",accounting,saft_export,impacto moderado,training_needed / medium / training_consulting,training_needed,medium,training_consulting,
SIS-2026-0465,EtiquetaFina,labels,Novos utilizadores precisam treino de work_orders,Entraram novos utilizadores e precisam de formacao sobre planeamento. Querem exemplos praticos para work_orders. Nota do utilizador: isto acontece no ambiente real.,production,work_orders,melhoria para analisar,feature_request / medium / technical_support,training_needed,low,training_consulting,Joao Pereira
SIS-2026-0466,PlastiCentro,plastics,ordem de fabrico bloqueia ao validar cost_calculation,"Bom dia, no cliente PlastiCentro aparece erro 500 quando tentamos usar custos. O cost_calculation fica bloqueado e nao grava os dados. Se possivel, encaminhar para Marta Silva, que ja conhece este cliente. Impacto informado: todos os utilizadores bloqueados. Nota do utilizador: o utilizador diz que ontem funcionava. Mixed note: please check today if possible, the client is confused and tired.",production,cost_calculation,ASAP,software_bug / critical / development,software_bug,critical,development,Marta Silva
SIS-2026-0467,PlastiCentro,plastics,URGENTE - Alterar workflow/template de invoice_emission,"Precisamos configurar regras novas no invoice, especialmente no invoice_emission. E uma parametrizacao pedida pela direcao. Se possivel, encaminhar para Rui Costa, que ja conhece este cliente. Impacto informado: fecho do mes. Nota do utilizador: o utilizador diz que ontem funcionava.",invoicing,invoice_emission,precisamos ainda hoje,configuration_request / high / technical_support,configuration_request,high,technical_support,Rui Costa
SIS-2026-0468,EtiquetaFina,labels,Configurar invoice_emission em factura,"Precisamos configurar regras novas no IVA, especialmente no invoice_emission. E uma parametrizacao pedida pela direcao. Impacto informado: afeta uma equipa. Nota do utilizador: temos prints mas ainda nao anexei.",invoicing,invoice_emission,precisamos esta semana,configuration_request / medium / development,configuration_request,medium,development,Ana Martins
SIS-2026-0469,AlfaForms,forms and labels,Permissoes e settings para perfil,Can you change the workflow/template for access_rights? The current settings do not match the client's process. Impacto informado: acontece algumas vezes. Nota do utilizador: p.f. confirmar.,user_permissions,access_rights,afeta uma equipa,feature_request / high / training_consulting,configuration_request,medium,technical_support,Ana Martins
SIS-2026-0470,AlfaForms,forms and labels,Duvida sobre login / login,"Duvida funcional: onde esta a opcao para login? Nao parece erro tecnico. Se possivel, encaminhar para Joao Pereira, que ja conhece este cliente. Mixed note: please check today if possible, the client is confused and tired.",general,login,impacto moderado,data_issue / high / training_consulting,client_misunderstanding,medium,technical_support,Joao Pereira
SIS-2026-0471,FlexoPrime,printing,Utilizador nao encontra opcao em complaints,"We need help understanding the flow. The client thinks something is missing, but it may be normal behavior in pipeline comercial. Mixed note: please check today if possible, the client is confused and tired.",CRM,complaints,impacto moderado,client_misunderstanding / medium / training_consulting,client_misunderstanding,medium,training_consulting,
SIS-2026-0472,EuroPackaging PT,packaging,Nova opcao para customer_cards,"Seria possivel adicionar uma regra extra no customer_cards? Hoje fazem isto fora do sistema. Se possivel, encaminhar para Marta Silva, que ja conhece este cliente. Nota do utilizador: isto acontece no ambiente real. Mixed note: please check today if possible, the client is confused and tired.",CRM,customer_cards,pode esperar,feature_request / low / support_level_1,feature_request,low,support_level_1,Marta Silva
SIS-2026-0473,PrintWorks Porto,printing,Bug after update in integracao,"After the last update, webservice started throwing an exception in webservices. Users repeat the same steps and it crashes. Impacto informado: precisamos ainda hoje. Nota do utilizador: p.f. confirmar.",integrations,webservices,cliente a espera,software_bug / high / support_level_1,software_bug,high,support_level_1,
SIS-2026-0474,GrafiNorte SA,printing,Bug after update in inventario,"After the last update, inventario started throwing an exception in inventory_counts. Users repeat the same steps and it crashes. Se possivel, encaminhar para Joao Pereira, que ja conhece este cliente. Impacto informado: cliente a espera. Nota do utilizador: sorry pelo detalhe incompleto.",stock,inventory_counts,fecho do mes,software_bug / high / development,software_bug,high,development,Joao Pereira
SIS-2026-0475,AlfaForms,forms and labels,Pedido de parametrizacao para inventario,"Can you change the workflow/template for inventory_counts? The current settings do not match the client's process. Se possivel, encaminhar para Helena Rocha, que ja conhece este cliente. Impacto informado: fecho do mes. Nota do utilizador: p.f. confirmar.",stock,inventory_counts,afeta varios utilizadores,configuration_request / high / development,configuration_request,high,development,Helena Rocha
SIS-2026-0476,MetalLabel,industrial manufacturing,URGENTE - Ambiente Sistrade instavel,O sistema esta muito lento e da timeout ao abrir integracao. Varios utilizadores reportam falha de rede/VPN. Nota do utilizador: ja reiniciamos e ficou igual.,integrations,edi,fecho do mes,infrastructure_problem / high / development,infrastructure_problem,high,infrastructure,
SIS-2026-0477,TextilMinho,textile,Duplicados depois de upload para bank_reconciliation,"Depois do upload, o bank_reconciliation ficou com saldos incorretos. O cliente diz que o Excel original esta correto.",accounting,bank_reconciliation,sem urgencia,data_issue / low / support_level_1,data_issue,low,support_level_1,
SIS-2026-0478,MetalLabel,industrial manufacturing,Como fazer no ecra de menu?,Duvida funcional: onde esta a opcao para login? Nao parece erro tecnico. Nota do utilizador: temos prints mas ainda nao anexei.,general,login,impacto moderado,software_bug / low / technical_support,client_misunderstanding,medium,support_level_1,
SIS-2026-0479,GrafiNorte SA,printing,Need help understanding performance,Duvida funcional: onde esta a opcao para login? Nao parece erro tecnico. Impacto informado: acontece algumas vezes.,general,login,precisamos esta semana,client_misunderstanding / medium / support_level_1,client_misunderstanding,medium,support_level_1,
SIS-2026-0480,EtiquetaFina,labels,Formacao para equipa em inventario,Precisamos de workshop para explicar o fluxo correto e boas praticas. Impacto informado: melhoria para analisar. Nota do utilizador: isto acontece no ambiente real.,stock,warehouse_transfer,duvida simples,training_needed / high / training_consulting,training_needed,low,training_consulting,
SIS-2026-0481,EuroPackaging PT,packaging,Alterar workflow/template de work_orders,Can you change the workflow/template for work_orders? The current settings do not match the client's process. Impacto informado: impacto moderado. Nota do utilizador: ja reiniciamos e ficou igual.,production,work_orders,impacto moderado,client_misunderstanding / critical / account_management,configuration_request,medium,technical_support,
SIS-2026-0482,TextilMinho,textile,Erro no lancamentos: bank_reconciliation nao grava,Estamos a receber stacktrace no bank_reconciliation. Parece bug porque o mesmo processo funcionava ontem. Impacto informado: afeta varios utilizadores.,accounting,bank_reconciliation,fecho do mes,software_bug / high / infrastructure,software_bug,high,technical_support,Miguel Santos
SIS-2026-0483,Braga Print House,printing,Duplicados depois de upload para kpi_analysis,Os dados no KPI nao batem certo. Ha registos duplicados e valores estranhos depois de uma importacao CSV. Impacto informado: quando possivel.,reporting,kpi_analysis,sem urgencia,data_issue / low / account_management,data_issue,low,technical_support,Ana Martins
SIS-2026-0484,GrafiNorte SA,printing,URGENTE - Exception quando usamos external_accounting,"Bom dia, no cliente GrafiNorte SA aparece erro 500 quando tentamos usar ecommerce. O external_accounting fica bloqueado e nao grava os dados. Impacto informado: critico. Nota do utilizador: sorry pelo detalhe incompleto.",integrations,external_accounting,cannot invoice,software_bug / critical / account_management,software_bug,critical,development,
SIS-2026-0485,GrafiNorte SA,printing,Erro no IVA: journal_entries nao grava,"Bom dia, no cliente GrafiNorte SA aparece erro 500 quando tentamos usar reconciliacao bancaria. O journal_entries fica bloqueado e nao grava os dados. Nota do utilizador: ja reiniciamos e ficou igual.",accounting,journal_entries,impacto moderado,software_bug / medium / technical_support,software_bug,medium,technical_support,
SIS-2026-0486,AlfaForms,forms and labels,Erro no fatura: credit_notes nao grava,"Bom dia, no cliente AlfaForms aparece erro 500 quando tentamos usar fatura. O credit_notes fica bloqueado e nao grava os dados. Se possivel, encaminhar para Helena Rocha, que ja conhece este cliente.",invoicing,credit_notes,fecho do mes,client_misunderstanding / low / account_management,software_bug,high,technical_support,Helena Rocha
SIS-2026-0487,Braga Print House,printing,Configurar webservices em webservice,"Can you change the workflow/template for webservices? The current settings do not match the client's process. Impacto informado: precisamos esta semana. Mixed note: please check today if possible, the client is confused and tired.",integrations,webservices,impacto moderado,configuration_request / medium / technical_support,configuration_request,medium,technical_support,
SIS-2026-0488,AlfaForms,forms and labels,Formacao para equipa em reconciliacao bancaria,Precisamos de workshop para explicar o fluxo correto e boas praticas. Impacto informado: pode esperar. Nota do utilizador: o utilizador diz que ontem funcionava.,accounting,journal_entries,sem urgencia,training_needed / low / training_consulting,training_needed,low,training_consulting,
SIS-2026-0489,EtiquetaFina,labels,Need help understanding CRM,Duvida funcional: onde esta a opcao para opportunities? Nao parece erro tecnico. Impacto informado: melhoria para analisar.,CRM,opportunities,melhoria para analisar,client_misunderstanding / low / account_management,client_misunderstanding,low,support_level_1,
SIS-2026-0490,LusoPack Embalagens,packaging,Duvida sobre serie de faturacao / credit_notes,O utilizador pergunta como fazer esta operacao no fatura. Parece que nao encontra o menu correto para credit_notes. Impacto informado: cliente a espera. Nota do utilizador: nao sei se e bug ou configuracao.,invoicing,credit_notes,cliente a espera,client_misunderstanding / high / support_level_1,client_misunderstanding,high,support_level_1,
SIS-2026-0491,LusoPack Embalagens,packaging,Feature request: export Excel,Seria possivel adicionar uma regra extra no kpi_analysis? Hoje fazem isto fora do sistema. Impacto informado: melhoria para analisar.,reporting,kpi_analysis,quando possivel,feature_request / low / account_management,feature_request,low,account_management,Helena Rocha
SIS-2026-0492,TextilMinho,textile,contactos bloqueia ao validar commercial_pipeline,Estamos a receber stacktrace no commercial_pipeline. Parece bug porque o mesmo processo funcionava ontem. Nota do utilizador: isto acontece no ambiente real.,CRM,commercial_pipeline,precisamos ainda hoje,feature_request / medium / support_level_1,software_bug,high,development,
SIS-2026-0493,PlastiCentro,plastics,Duplicados depois de upload para journal_entries,"Depois do upload, o journal_entries ficou com saldos incorretos. O cliente diz que o Excel original esta correto. Impacto informado: quando possivel. Nota do utilizador: sorry pelo detalhe incompleto. Mixed note: please check today if possible, the client is confused and tired.",accounting,journal_entries,melhoria para analisar,data_issue / low / support_level_1,data_issue,low,support_level_1,
SIS-2026-0494,AlfaForms,forms and labels,Exception quando usamos bank_reconciliation,"Estamos a receber stacktrace no bank_reconciliation. Parece bug porque o mesmo processo funcionava ontem. Se possivel, encaminhar para Ana Martins, que ja conhece este cliente. Impacto informado: deadline hoje.",accounting,bank_reconciliation,cannot invoice,training_needed / medium / account_management,software_bug,critical,technical_support,Ana Martins
SIS-2026-0495,TextilMinho,textile,Duvida sobre reconciliacao bancaria / saft_export,Duvida funcional: onde esta a opcao para saft_export? Nao parece erro tecnico. Impacto informado: precisamos esta semana.,accounting,saft_export,precisamos esta semana,client_misunderstanding / medium / training_consulting,client_misunderstanding,medium,training_consulting,
SIS-2026-0496,PrintWorks Porto,printing,URGENTE - Duplicados depois de upload para barcode_labels,"Depois do upload, o barcode_labels ficou com saldos incorretos. O cliente diz que o Excel original esta correto. Impacto informado: afeta varios utilizadores.",stock,barcode_labels,afeta varios utilizadores,data_issue / low / support_level_1,data_issue,high,support_level_1,
SIS-2026-0497,EuroPackaging PT,packaging,Duvida sobre ordem de fabrico / shop_floor,"Duvida funcional: onde esta a opcao para shop_floor? Nao parece erro tecnico. Se possivel, encaminhar para Helena Rocha, que ja conhece este cliente. Impacto informado: acontece algumas vezes. Nota do utilizador: ja reiniciamos e ficou igual.",production,shop_floor,afeta uma equipa,data_issue / low / infrastructure,client_misunderstanding,medium,support_level_1,Helena Rocha
SIS-2026-0498,EtiquetaFina,labels,Need help understanding login,"We need help understanding the flow. The client thinks something is missing, but it may be normal behavior in notificacoes. Se possivel, encaminhar para Marta Silva, que ja conhece este cliente. Impacto informado: quando possivel.",general,performance,melhoria para analisar,client_misunderstanding / low / support_level_1,client_misunderstanding,low,support_level_1,Marta Silva
SIS-2026-0499,GrafiNorte SA,printing,shop floor bloqueia ao validar shop_floor,"Estamos a receber stacktrace no shop_floor. Parece bug porque o mesmo processo funcionava ontem. Impacto informado: deadline hoje. Mixed note: please check today if possible, the client is confused and tired.",production,shop_floor,deadline hoje,software_bug / critical / technical_support,software_bug,critical,technical_support,Joao Pereira
SIS-2026-0500,MetalLabel,industrial manufacturing,Permissoes e settings para custos,"Pedido para ajustar permissoes, perfis ou parametros relacionados com shop floor. Impacto informado: precisamos esta semana. Nota do utilizador: sorry pelo detalhe incompleto. Mixed note: please check today if possible, the client is confused and tired.",production,cost_calculation,impacto moderado,data_issue / low / training_consulting,configuration_request,medium,technical_support,
SIS-2026-0501,MetalLabel,industrial manufacturing,Importacao criou registos errados no credit_notes,"A listagem mostra records em falta e totais diferentes entre ecra e relatorio. Mixed note: please check today if possible, the client is confused and tired.",invoicing,credit_notes,impacto moderado,feature_request / critical / development,data_issue,medium,technical_support,Marta Silva
SIS-2026-0502,AlfaForms,forms and labels,Need help understanding menu,"We need help understanding the flow. The client thinks something is missing, but it may be normal behavior in login. Impacto informado: quando possivel. Nota do utilizador: o utilizador diz que ontem funcionava.",general,performance,quando possivel,configuration_request / medium / development,client_misunderstanding,low,technical_support,
SIS-2026-0503,PlastiCentro,plastics,URGENTE - Erro no KPI: kpi_analysis nao grava,Estamos a receber stacktrace no kpi_analysis. Parece bug porque o mesmo processo funcionava ontem. Impacto informado: critico.,reporting,kpi_analysis,sem faturar,software_bug / critical / development,software_bug,critical,development,
SIS-2026-0504,Braga Print House,printing,URGENTE - Timeout/lentidao no acesso a ambiente,"Desde esta manha ha problema de certificado, backup ou network e o ambiente fica inacessivel. Impacto informado: critico. Nota do utilizador: isto acontece no ambiente real.",general,performance,deadline hoje,infrastructure_problem / critical / infrastructure,infrastructure_problem,critical,infrastructure,
SIS-2026-0505,MetalLabel,industrial manufacturing,shop floor bloqueia ao validar shop_floor,"Bom dia, no cliente MetalLabel aparece erro 500 quando tentamos usar planeamento. O shop_floor fica bloqueado e nao grava os dados. Impacto informado: precisamos esta semana.",production,shop_floor,impacto moderado,training_needed / critical / infrastructure,software_bug,medium,development,
SIS-2026-0506,EtiquetaFina,labels,Erro no shop floor: work_orders nao grava,"Bom dia, no cliente EtiquetaFina aparece erro 500 quando tentamos usar shop floor. O work_orders fica bloqueado e nao grava os dados. Impacto informado: cliente a espera. Nota do utilizador: o utilizador diz que ontem funcionava. Mixed note: please check today if possible, the client is confused and tired.",production,work_orders,fecho do mes,software_bug / high / account_management,software_bug,high,development,
SIS-2026-0507,AlfaForms,forms and labels,Bug after update in movimentos,"After the last update, inventario started throwing an exception in inventory_counts. Users repeat the same steps and it crashes. Nota do utilizador: o utilizador diz que ontem funcionava. Mixed note: please check today if possible, the client is confused and tired.",stock,inventory_counts,afeta varios utilizadores,software_bug / high / development,software_bug,high,development,
SIS-2026-0508,MetalLabel,industrial manufacturing,Melhoria desejada em webservice,"O cliente gostava de uma nova opcao em integracao. Nao e erro, e melhoria para reduzir passos manuais. Impacto informado: afeta uma equipa. Mixed note: please check today if possible, the client is confused and tired.",integrations,edi,afeta uma equipa,feature_request / medium / technical_support,feature_request,medium,account_management,Rui Costa
SIS-2026-0509,TextilMinho,textile,VPN/server problem affects notifications,O sistema esta muito lento e da timeout ao abrir login. Varios utilizadores reportam falha de rede/VPN. Impacto informado: precisamos ainda hoje. Nota do utilizador: sorry pelo detalhe incompleto.,general,notifications,fecho do mes,software_bug / medium / development,infrastructure_problem,high,infrastructure,
SIS-2026-0510,FlexoPrime,printing,Utilizador nao encontra opcao em opportunities,O utilizador pergunta como fazer esta operacao no pipeline comercial. Parece que nao encontra o menu correto para opportunities. Impacto informado: impacto moderado.,CRM,opportunities,impacto moderado,training_needed / high / development,client_misunderstanding,medium,training_consulting,
SIS-2026-0511,TextilMinho,textile,Exception quando usamos customer_cards,Estamos a receber stacktrace no customer_cards. Parece bug porque o mesmo processo funcionava ontem. Impacto informado: fecho do mes.,CRM,customer_cards,afeta varios utilizadores,software_bug / high / development,software_bug,high,development,
SIS-2026-0512,FlexoPrime,printing,Configurar kpi_analysis em KPI,"Precisamos configurar regras novas no KPI, especialmente no kpi_analysis. E uma parametrizacao pedida pela direcao. Impacto informado: impacto moderado. Nota do utilizador: maybe it is just a setting. Mixed note: please check today if possible, the client is confused and tired.",reporting,kpi_analysis,acontece algumas vezes,configuration_request / medium / support_level_1,configuration_request,medium,support_level_1,
SIS-2026-0513,PlastiCentro,plastics,Duvida sobre inventario / inventory_counts,"Duvida funcional: onde esta a opcao para inventory_counts? Nao parece erro tecnico. Se possivel, encaminhar para Miguel Santos, que ja conhece este cliente. Impacto informado: cliente a espera. Nota do utilizador: isto acontece no ambiente real.",stock,inventory_counts,fecho do mes,client_misunderstanding / high / support_level_1,client_misunderstanding,high,support_level_1,Miguel Santos
SIS-2026-0514,GrafiNorte SA,printing,Need help understanding fatura,"We need help understanding the flow. The client thinks something is missing, but it may be normal behavior in fatura. Impacto informado: cliente a espera.",invoicing,tax_validation,precisamos ainda hoje,client_misunderstanding / high / support_level_1,client_misunderstanding,high,support_level_1,
SIS-2026-0515,MetalLabel,industrial manufacturing,Duvida sobre CRM / complaints,Duvida funcional: onde esta a opcao para complaints? Nao parece erro tecnico. Impacto informado: acontece algumas vezes. Nota do utilizador: o utilizador diz que ontem funcionava.,CRM,complaints,impacto moderado,data_issue / high / account_management,client_misunderstanding,medium,support_level_1,
SIS-2026-0516,EtiquetaFina,labels,Alterar workflow/template de password_policy,"Precisamos configurar regras novas no password, especialmente no password_policy. E uma parametrizacao pedida pela direcao.",user_permissions,password_policy,precisamos esta semana,feature_request / low / training_consulting,configuration_request,medium,technical_support,
SIS-2026-0517,FlexoPrime,printing,Como fazer no ecra de fatura?,"O utilizador pergunta como fazer esta operacao no factura. Parece que nao encontra o menu correto para e_invoice. Se possivel, encaminhar para Miguel Santos, que ja conhece este cliente. Impacto informado: impacto moderado. Nota do utilizador: sorry pelo detalhe incompleto.",invoicing,e_invoice,afeta uma equipa,client_misunderstanding / medium / support_level_1,client_misunderstanding,medium,support_level_1,Miguel Santos
SIS-2026-0518,Braga Print House,printing,Utilizador nao encontra opcao em e_invoice,"We need help understanding the flow. The client thinks something is missing, but it may be normal behavior in factura. Nota do utilizador: ja reiniciamos e ficou igual.",invoicing,e_invoice,impacto moderado,client_misunderstanding / medium / support_level_1,client_misunderstanding,medium,support_level_1,
SIS-2026-0519,GrafiNorte SA,printing,Novos utilizadores precisam treino de password_policy,"A equipa esta a usar mal o processo. Sugerimos uma sessao curta de training para evitar tickets repetidos. Se possivel, encaminhar para Miguel Santos, que ja conhece este cliente. Impacto informado: afeta uma equipa. Nota do utilizador: nao sei se e bug ou configuracao. Mixed note: please check today if possible, the client is confused and tired.",user_permissions,password_policy,afeta uma equipa,data_issue / high / support_level_1,training_needed,medium,training_consulting,Miguel Santos
SIS-2026-0520,Cartonagem Douro,packaging,Utilizador nao encontra opcao em approvals,"Duvida funcional: onde esta a opcao para approvals? Nao parece erro tecnico. Impacto informado: acontece algumas vezes. Nota do utilizador: isto acontece no ambiente real. Mixed note: please check today if possible, the client is confused and tired.",user_permissions,approvals,acontece algumas vezes,client_misunderstanding / medium / support_level_1,client_misunderstanding,medium,support_level_1,
SIS-2026-0521,TextilMinho,textile,Nova opcao para kpi_analysis,Seria possivel adicionar uma regra extra no kpi_analysis? Hoje fazem isto fora do sistema. Impacto informado: sem urgencia.,reporting,kpi_analysis,sem urgencia,feature_request / low / account_management,feature_request,low,account_management,
SIS-2026-0522,PlastiCentro,plastics,Need help understanding notificacoes,"O utilizador pergunta como fazer esta operacao no notificacoes. Parece que nao encontra o menu correto para notifications. Impacto informado: pode esperar. Nota do utilizador: sorry pelo detalhe incompleto. Mixed note: please check today if possible, the client is confused and tired.",general,notifications,duvida simples,client_misunderstanding / critical / training_consulting,client_misunderstanding,low,training_consulting,
SIS-2026-0523,AlfaForms,forms and labels,URGENTE - Importacao criou registos errados no shop_floor,"A listagem mostra records em falta e totais diferentes entre ecra e relatorio. Se possivel, encaminhar para Miguel Santos, que ja conhece este cliente. Impacto informado: cliente a espera.",production,shop_floor,precisamos ainda hoje,software_bug / low / account_management,data_issue,high,support_level_1,Miguel Santos
SIS-2026-0524,PlastiCentro,plastics,Alterar workflow/template de invoice_emission,"Precisamos configurar regras novas no IVA, especialmente no invoice_emission. E uma parametrizacao pedida pela direcao.",invoicing,invoice_emission,precisamos esta semana,infrastructure_problem / high / training_consulting,configuration_request,medium,technical_support,
SIS-2026-0525,PrintWorks Porto,printing,Bug after update in export Excel,"After the last update, analise started throwing an exception in excel_export. Users repeat the same steps and it crashes. Impacto informado: acontece algumas vezes. Mixed note: please check today if possible, the client is confused and tired.",reporting,excel_export,precisamos esta semana,software_bug / high / technical_support,software_bug,medium,technical_support,
SIS-2026-0526,FlexoPrime,printing,Duvida sobre role / approvals,Duvida funcional: onde esta a opcao para approvals? Nao parece erro tecnico.,user_permissions,approvals,impacto moderado,client_misunderstanding / medium / support_level_1,client_misunderstanding,medium,support_level_1,Marta Silva
SIS-2026-0527,Braga Print House,printing,Timeout/lentidao no acesso a perfil,"Server seems unstable. Login works sometimes, then roles_profiles stops responding. Se possivel, encaminhar para Miguel Santos, que ja conhece este cliente. Impacto informado: afeta uma equipa. Nota do utilizador: nao sei se e bug ou configuracao.",user_permissions,roles_profiles,acontece algumas vezes,client_misunderstanding / critical / account_management,infrastructure_problem,medium,infrastructure,Miguel Santos
SIS-2026-0528,Cartonagem Douro,packaging,Duplicados depois de upload para opportunities,"A listagem mostra records em falta e totais diferentes entre ecra e relatorio. Impacto informado: producao parada. Nota do utilizador: sorry pelo detalhe incompleto. Mixed note: please check today if possible, the client is confused and tired.",CRM,opportunities,todos os utilizadores bloqueados,data_issue / critical / development,data_issue,critical,development,
SIS-2026-0529,LusoPack Embalagens,packaging,Permissoes e settings para ecommerce,"Precisamos configurar regras novas no API, especialmente no api. E uma parametrizacao pedida pela direcao. Impacto informado: afeta uma equipa. Nota do utilizador: o utilizador diz que ontem funcionava.",integrations,api,afeta uma equipa,client_misunderstanding / low / technical_support,configuration_request,medium,training_consulting,
SIS-2026-0530,EtiquetaFina,labels,URGENTE - Ambiente Sistrade instavel,O sistema esta muito lento e da timeout ao abrir invoice. Varios utilizadores reportam falha de rede/VPN. Impacto informado: sem faturar. Nota do utilizador: temos prints mas ainda nao anexei.,invoicing,e_invoice,todos os utilizadores bloqueados,infrastructure_problem / critical / infrastructure,infrastructure_problem,critical,infrastructure,
SIS-2026-0531,Cartonagem Douro,packaging,Duvida sobre contactos / customer_cards,Duvida funcional: onde esta a opcao para customer_cards? Nao parece erro tecnico. Impacto informado: impacto moderado.,CRM,customer_cards,impacto moderado,client_misunderstanding / medium / support_level_1,client_misunderstanding,medium,support_level_1,
SIS-2026-0532,FlexoPrime,printing,Como fazer no ecra de contabilidade?,"Duvida funcional: onde esta a opcao para bank_reconciliation? Nao parece erro tecnico. Se possivel, encaminhar para Marta Silva, que ja conhece este cliente. Impacto informado: quando possivel.",accounting,bank_reconciliation,sem urgencia,client_misunderstanding / low / development,client_misunderstanding,low,training_consulting,Marta Silva
SIS-2026-0533,TextilMinho,textile,Exception quando usamos barcode_labels,Estamos a receber stacktrace no barcode_labels. Parece bug porque o mesmo processo funcionava ontem. Impacto informado: afeta varios utilizadores. Nota do utilizador: ja reiniciamos e ficou igual.,stock,barcode_labels,fecho do mes,data_issue / critical / infrastructure,software_bug,high,technical_support,
SIS-2026-0534,MetalLabel,industrial manufacturing,Permissoes e settings para password,"Can you change the workflow/template for access_rights? The current settings do not match the client's process. Mixed note: please check today if possible, the client is confused and tired.",user_permissions,access_rights,fecho do mes,client_misunderstanding / low / infrastructure,configuration_request,high,support_level_1,Rui Costa
SIS-2026-0535,GrafiNorte SA,printing,Utilizador nao encontra opcao em shop_floor,O utilizador pergunta como fazer esta operacao no shop floor. Parece que nao encontra o menu correto para shop_floor. Nota do utilizador: p.f. confirmar.,production,shop_floor,acontece algumas vezes,client_misunderstanding / medium / support_level_1,client_misunderstanding,medium,support_level_1,
SIS-2026-0536,Braga Print House,printing,Bug after update in serie de faturacao,"After the last update, fatura started throwing an exception in invoice_emission. Users repeat the same steps and it crashes. Impacto informado: afeta varios utilizadores.",invoicing,invoice_emission,afeta varios utilizadores,feature_request / medium / account_management,software_bug,high,technical_support,Rui Costa
SIS-2026-0537,EtiquetaFina,labels,Dados inconsistentes em ecommerce,"A listagem mostra records em falta e totais diferentes entre ecra e relatorio. Impacto informado: impacto moderado. Nota do utilizador: o utilizador diz que ontem funcionava. Mixed note: please check today if possible, the client is confused and tired.",integrations,api,precisamos esta semana,data_issue / medium / training_consulting,data_issue,medium,development,
SIS-2026-0538,FlexoPrime,printing,URGENTE - Pedido de parametrizacao para factura,"Precisamos configurar regras novas no IVA, especialmente no credit_notes. E uma parametrizacao pedida pela direcao. Impacto informado: urgente.",invoicing,credit_notes,afeta varios utilizadores,configuration_request / high / training_consulting,configuration_request,high,training_consulting,
SIS-2026-0539,EuroPackaging PT,packaging,Exception quando usamos stock_movements,Estamos a receber stacktrace no stock_movements. Parece bug porque o mesmo processo funcionava ontem. Impacto informado: afeta uma equipa. Nota do utilizador: ja reiniciamos e ficou igual.,stock,stock_movements,afeta uma equipa,software_bug / medium / development,software_bug,medium,development,
SIS-2026-0540,GrafiNorte SA,printing,Seria possivel adicionar regra em credit_notes?,"Seria possivel adicionar uma regra extra no credit_notes? Hoje fazem isto fora do sistema. Se possivel, encaminhar para Miguel Santos, que ja conhece este cliente. Nota do utilizador: ja reiniciamos e ficou igual. Mixed note: please check today if possible, the client is confused and tired.",invoicing,credit_notes,precisamos esta semana,feature_request / medium / account_management,feature_request,medium,account_management,Miguel Santos
SIS-2026-0541,Cartonagem Douro,packaging,Saldo/valores nao batem em shop floor,"A listagem mostra records em falta e totais diferentes entre ecra e relatorio. Impacto informado: urgente. Mixed note: please check today if possible, the client is confused and tired.",production,work_orders,afeta varios utilizadores,data_issue / high / development,data_issue,high,technical_support,
SIS-2026-0542,Braga Print House,printing,URGENTE - Configurar password_policy em role,"Pedido para ajustar permissoes, perfis ou parametros relacionados com acessos.",user_permissions,password_policy,precisamos ainda hoje,configuration_request / critical / technical_support,configuration_request,high,technical_support,
SIS-2026-0543,Braga Print House,printing,Formacao para equipa em serie de faturacao,A equipa esta a usar mal o processo. Sugerimos uma sessao curta de training para evitar tickets repetidos. Impacto informado: pode esperar. Nota do utilizador: temos prints mas ainda nao anexei.,invoicing,invoice_emission,sem urgencia,software_bug / high / account_management,training_needed,low,training_consulting,
SIS-2026-0544,AlfaForms,forms and labels,Alterar workflow/template de custom_reports,"Precisamos configurar regras novas no relatorio, especialmente no custom_reports. E uma parametrizacao pedida pela direcao.",reporting,custom_reports,acontece algumas vezes,configuration_request / medium / training_consulting,configuration_request,medium,training_consulting,
SIS-2026-0545,Braga Print House,printing,Exception quando usamos shop_floor,"After the last update, shop floor started throwing an exception in shop_floor. Users repeat the same steps and it crashes. Nota do utilizador: maybe it is just a setting.",production,shop_floor,afeta varios utilizadores,software_bug / high / development,software_bug,high,development,
SIS-2026-0546,GrafiNorte SA,printing,Sessao de esclarecimento sobre planeamento,A equipa esta a usar mal o processo. Sugerimos uma sessao curta de training para evitar tickets repetidos. Impacto informado: acontece algumas vezes. Nota do utilizador: isto acontece no ambiente real.,production,scheduling,afeta uma equipa,training_needed / medium / training_consulting,training_needed,medium,training_consulting,
SIS-2026-0547,Braga Print House,printing,Como fazer no ecra de oportunidade?,"We need help understanding the flow. The client thinks something is missing, but it may be normal behavior in oportunidade. Impacto informado: afeta uma equipa.",CRM,customer_cards,acontece algumas vezes,client_misunderstanding / medium / training_consulting,client_misunderstanding,medium,support_level_1,
SIS-2026-0548,LusoPack Embalagens,packaging,Need help understanding IVA,"We need help understanding the flow. The client thinks something is missing, but it may be normal behavior in factura. Impacto informado: melhoria para analisar. Mixed note: please check today if possible, the client is confused and tired.",invoicing,e_invoice,duvida simples,training_needed / high / technical_support,client_misunderstanding,low,support_level_1,
SIS-2026-0549,PlastiCentro,plastics,Pedido de parametrizacao para password,"Precisamos configurar regras novas no perfil, especialmente no roles_profiles. E uma parametrizacao pedida pela direcao. Impacto informado: afeta uma equipa. Nota do utilizador: maybe it is just a setting.",user_permissions,roles_profiles,afeta uma equipa,configuration_request / critical / development,configuration_request,medium,training_consulting,
SIS-2026-0550,Cartonagem Douro,packaging,Falha de rede ao abrir dashboard,"Server seems unstable. Login works sometimes, then custom_reports stops responding. Impacto informado: cannot invoice. Nota do utilizador: p.f. confirmar.",reporting,custom_reports,sem faturar,infrastructure_problem / critical / infrastructure,infrastructure_problem,critical,infrastructure,
SIS-2026-0551,AlfaForms,forms and labels,Need help understanding menu,Duvida funcional: onde esta a opcao para performance? Nao parece erro tecnico. Impacto informado: afeta uma equipa.,general,performance,acontece algumas vezes,software_bug / high / infrastructure,client_misunderstanding,medium,support_level_1,
SIS-2026-0552,GrafiNorte SA,printing,Training request for inventory_counts,"Entraram novos utilizadores e precisam de formacao sobre movimentos. Querem exemplos praticos para inventory_counts. Se possivel, encaminhar para Rui Costa, que ja conhece este cliente.",stock,inventory_counts,sem urgencia,feature_request / medium / infrastructure,training_needed,low,support_level_1,Rui Costa
SIS-2026-0553,Braga Print House,printing,URGENTE - Ambiente Sistrade instavel,"Desde esta manha ha problema de certificado, backup ou network e o ambiente fica inacessivel. Se possivel, encaminhar para Miguel Santos, que ja conhece este cliente. Impacto informado: fecho do mes. Nota do utilizador: ja reiniciamos e ficou igual. Mixed note: please check today if possible, the client is confused and tired.",production,scheduling,afeta varios utilizadores,infrastructure_problem / high / development,infrastructure_problem,high,infrastructure,Miguel Santos
SIS-2026-0554,Braga Print House,printing,Novos utilizadores precisam treino de scheduling,"A equipa esta a usar mal o processo. Sugerimos uma sessao curta de training para evitar tickets repetidos. Impacto informado: precisamos esta semana. Nota do utilizador: maybe it is just a setting. Mixed note: please check today if possible, the client is confused and tired.",production,scheduling,precisamos esta semana,training_needed / medium / training_consulting,training_needed,medium,training_consulting,
SIS-2026-0555,Cartonagem Douro,packaging,Sessao de esclarecimento sobre analise,A equipa esta a usar mal o processo. Sugerimos uma sessao curta de training para evitar tickets repetidos. Impacto informado: duvida simples.,reporting,kpi_analysis,pode esperar,training_needed / low / support_level_1,training_needed,low,support_level_1,
SIS-2026-0556,Braga Print House,printing,Exception quando usamos scheduling,Estamos a receber stacktrace no scheduling. Parece bug porque o mesmo processo funcionava ontem. Impacto informado: precisamos ainda hoje.,production,scheduling,cliente a espera,software_bug / critical / development,software_bug,high,development,
SIS-2026-0557,AlfaForms,forms and labels,Nova opcao para api,"O cliente gostava de uma nova opcao em EDI. Nao e erro, e melhoria para reduzir passos manuais. Impacto informado: cliente a espera.",integrations,api,cliente a espera,feature_request / high / account_management,feature_request,high,account_management,
SIS-2026-0558,AlfaForms,forms and labels,Erro no oportunidade: complaints nao grava,Estamos a receber stacktrace no complaints. Parece bug porque o mesmo processo funcionava ontem. Impacto informado: afeta uma equipa. Nota do utilizador: isto acontece no ambiente real.,CRM,complaints,impacto moderado,software_bug / medium / account_management,software_bug,medium,development,
SIS-2026-0559,PrintWorks Porto,printing,Permissoes e settings para custos,Can you change the workflow/template for cost_calculation? The current settings do not match the client's process. Impacto informado: afeta varios utilizadores. Nota do utilizador: temos prints mas ainda nao anexei.,production,cost_calculation,cliente a espera,configuration_request / high / technical_support,configuration_request,high,technical_support,
SIS-2026-0560,TextilMinho,textile,Permissoes e settings para IVA,"Precisamos configurar regras novas no serie de faturacao, especialmente no e_invoice. E uma parametrizacao pedida pela direcao. Mixed note: please check today if possible, the client is confused and tired.",invoicing,e_invoice,precisamos esta semana,data_issue / critical / account_management,configuration_request,medium,technical_support,
SIS-2026-0561,MetalLabel,industrial manufacturing,Bug after update in custos,"Bom dia, no cliente MetalLabel aparece erro 500 quando tentamos usar ordem de fabrico. O shop_floor fica bloqueado e nao grava os dados.",production,shop_floor,fecho do mes,software_bug / high / account_management,software_bug,high,development,
SIS-2026-0562,FlexoPrime,printing,Saldo/valores nao batem em shop floor,"Depois do upload, o shop_floor ficou com saldos incorretos. O cliente diz que o Excel original esta correto. Impacto informado: impacto moderado. Mixed note: please check today if possible, the client is confused and tired.",production,shop_floor,precisamos esta semana,software_bug / high / infrastructure,data_issue,medium,technical_support,
SIS-2026-0563,FlexoPrime,printing,Training request for notifications,Entraram novos utilizadores e precisam de formacao sobre performance. Querem exemplos praticos para notifications. Impacto informado: duvida simples. Nota do utilizador: sorry pelo detalhe incompleto.,general,notifications,sem urgencia,training_needed / low / infrastructure,training_needed,low,training_consulting,
SIS-2026-0564,Braga Print House,printing,URGENTE - Duplicados depois de upload para api,"A listagem mostra records em falta e totais diferentes entre ecra e relatorio. Impacto informado: fecho do mes. Mixed note: please check today if possible, the client is confused and tired.",integrations,api,fecho do mes,data_issue / high / technical_support,data_issue,high,technical_support,
SIS-2026-0565,AlfaForms,forms and labels,Sessao de esclarecimento sobre factura,"Precisamos de workshop para explicar o fluxo correto e boas praticas. Se possivel, encaminhar para Ana Martins, que ja conhece este cliente. Nota do utilizador: temos prints mas ainda nao anexei.",invoicing,tax_validation,impacto moderado,configuration_request / high / infrastructure,training_needed,medium,training_consulting,Ana Martins
SIS-2026-0566,Braga Print House,printing,Duvida sobre factura / e_invoice,"We need help understanding the flow. The client thinks something is missing, but it may be normal behavior in serie de faturacao. Nota do utilizador: maybe it is just a setting.",invoicing,e_invoice,sem urgencia,client_misunderstanding / low / support_level_1,client_misunderstanding,low,support_level_1,Helena Rocha
SIS-2026-0567,AlfaForms,forms and labels,Melhoria desejada em IVA,Feature request para avaliar em roadmap; o processo atual funciona mas tem muito trabalho manual. Impacto informado: afeta uma equipa.,accounting,bank_reconciliation,afeta uma equipa,software_bug / critical / infrastructure,feature_request,medium,account_management,Ana Martins
SIS-2026-0568,EuroPackaging PT,packaging,Falha de rede ao abrir movimentos,"O sistema esta muito lento e da timeout ao abrir barcode. Varios utilizadores reportam falha de rede/VPN. Impacto informado: critico. Nota do utilizador: temos prints mas ainda nao anexei. Mixed note: please check today if possible, the client is confused and tired.",stock,warehouse_transfer,ASAP,infrastructure_problem / critical / technical_support,infrastructure_problem,critical,infrastructure,
SIS-2026-0569,Cartonagem Douro,packaging,Novos utilizadores precisam treino de opportunities,Entraram novos utilizadores e precisam de formacao sobre contactos. Querem exemplos praticos para opportunities. Impacto informado: precisamos esta semana.,CRM,opportunities,acontece algumas vezes,infrastructure_problem / high / support_level_1,training_needed,medium,training_consulting,
SIS-2026-0570,EtiquetaFina,labels,Duvida sobre invoice / e_invoice,"We need help understanding the flow. The client thinks something is missing, but it may be normal behavior in factura. Impacto informado: melhoria para analisar.",invoicing,e_invoice,quando possivel,client_misunderstanding / low / training_consulting,client_misunderstanding,low,technical_support,
SIS-2026-0571,AlfaForms,forms and labels,Bug after update in ordem de fabrico,"Estamos a receber stacktrace no work_orders. Parece bug porque o mesmo processo funcionava ontem. Nota do utilizador: isto acontece no ambiente real. Mixed note: please check today if possible, the client is confused and tired.",production,work_orders,afeta uma equipa,software_bug / medium / development,software_bug,medium,development,
SIS-2026-0572,PlastiCentro,plastics,Alterar workflow/template de inventory_counts,"Pedido para ajustar permissoes, perfis ou parametros relacionados com inventario. Impacto informado: sem urgencia. Mixed note: please check today if possible, the client is confused and tired.",stock,inventory_counts,sem urgencia,configuration_request / low / support_level_1,configuration_request,low,support_level_1,
SIS-2026-0573,TextilMinho,textile,Nova opcao para shop_floor,"O cliente gostava de uma nova opcao em ordem de fabrico. Nao e erro, e melhoria para reduzir passos manuais. Impacto informado: melhoria para analisar. Nota do utilizador: nao sei se e bug ou configuracao.",production,shop_floor,quando possivel,feature_request / low / support_level_1,feature_request,low,support_level_1,
SIS-2026-0574,TextilMinho,textile,Configurar access_rights em perfil,"Can you change the workflow/template for access_rights? The current settings do not match the client's process. Impacto informado: afeta varios utilizadores. Nota do utilizador: isto acontece no ambiente real. Mixed note: please check today if possible, the client is confused and tired.",user_permissions,access_rights,urgente,configuration_request / high / support_level_1,configuration_request,high,support_level_1,
SIS-2026-0575,TextilMinho,textile,URGENTE - Erro no armazem: stock_movements nao grava,"After the last update, stock started throwing an exception in stock_movements. Users repeat the same steps and it crashes. Nota do utilizador: ja reiniciamos e ficou igual. Mixed note: please check today if possible, the client is confused and tired.",stock,stock_movements,cannot invoice,software_bug / critical / technical_support,software_bug,critical,technical_support,Ana Martins
SIS-2026-0576,AlfaForms,forms and labels,Permissoes e settings para oportunidade,"Precisamos configurar regras novas no pipeline comercial, especialmente no opportunities. E uma parametrizacao pedida pela direcao. Impacto informado: acontece algumas vezes. Mixed note: please check today if possible, the client is confused and tired.",CRM,opportunities,afeta uma equipa,configuration_request / medium / training_consulting,configuration_request,medium,training_consulting,
SIS-2026-0577,EuroPackaging PT,packaging,Utilizador nao encontra opcao em warehouse_transfer,"We need help understanding the flow. The client thinks something is missing, but it may be normal behavior in armazem. Impacto informado: duvida simples. Mixed note: please check today if possible, the client is confused and tired.",stock,warehouse_transfer,melhoria para analisar,training_needed / critical / technical_support,client_misunderstanding,low,support_level_1,Miguel Santos
SIS-2026-0578,AlfaForms,forms and labels,Exception quando usamos vat_report,Estamos a receber stacktrace no vat_report. Parece bug porque o mesmo processo funcionava ontem. Impacto informado: acontece algumas vezes. Nota do utilizador: ja reiniciamos e ficou igual.,accounting,vat_report,precisamos esta semana,software_bug / medium / development,software_bug,medium,development,
SIS-2026-0579,MetalLabel,industrial manufacturing,Feature request: shop floor,"Feature request para avaliar em roadmap; o processo atual funciona mas tem muito trabalho manual. Impacto informado: precisamos esta semana. Nota do utilizador: maybe it is just a setting. Mixed note: please check today if possible, the client is confused and tired.",production,shop_floor,afeta uma equipa,software_bug / high / training_consulting,feature_request,medium,account_management,
SIS-2026-0580,TextilMinho,textile,Como fazer no ecra de contactos?,Duvida funcional: onde esta a opcao para customer_cards? Nao parece erro tecnico. Impacto informado: urgente. Nota do utilizador: sorry pelo detalhe incompleto.,CRM,customer_cards,precisamos ainda hoje,client_misunderstanding / critical / technical_support,client_misunderstanding,high,technical_support,
SIS-2026-0581,TextilMinho,textile,Como fazer no ecra de factura?,O utilizador pergunta como fazer esta operacao no IVA. Parece que nao encontra o menu correto para tax_validation. Impacto informado: pode esperar.,invoicing,tax_validation,pode esperar,client_misunderstanding / low / support_level_1,client_misunderstanding,low,support_level_1,
SIS-2026-0582,LusoPack Embalagens,packaging,VPN/server problem affects edi,"O sistema esta muito lento e da timeout ao abrir ecommerce. Varios utilizadores reportam falha de rede/VPN. Impacto informado: critico. Nota do utilizador: o utilizador diz que ontem funcionava. Mixed note: please check today if possible, the client is confused and tired.",integrations,edi,todos os utilizadores bloqueados,client_misunderstanding / medium / technical_support,infrastructure_problem,critical,infrastructure,Helena Rocha
SIS-2026-0583,TextilMinho,textile,URGENTE - Bug after update in analise,"Bom dia, no cliente TextilMinho aparece erro 500 quando tentamos usar dashboard. O dashboards fica bloqueado e nao grava os dados. Impacto informado: fecho do mes. Nota do utilizador: isto acontece no ambiente real.",reporting,dashboards,urgente,infrastructure_problem / medium / development,software_bug,high,technical_support,
SIS-2026-0584,Braga Print House,printing,Exception quando usamos external_accounting,"After the last update, webservice started throwing an exception in external_accounting. Users repeat the same steps and it crashes. Impacto informado: afeta uma equipa.",integrations,external_accounting,precisamos esta semana,data_issue / low / account_management,software_bug,medium,technical_support,
SIS-2026-0585,PlastiCentro,plastics,Ambiente Sistrade instavel,"Desde esta manha ha problema de certificado, backup ou network e o ambiente fica inacessivel. Nota do utilizador: maybe it is just a setting. Mixed note: please check today if possible, the client is confused and tired.",general,performance,deadline hoje,client_misunderstanding / high / training_consulting,infrastructure_problem,critical,development,Ana Martins
SIS-2026-0586,PlastiCentro,plastics,Duvida sobre contabilidade / saft_export,O utilizador pergunta como fazer esta operacao no IVA. Parece que nao encontra o menu correto para saft_export. Nota do utilizador: o utilizador diz que ontem funcionava.,accounting,saft_export,impacto moderado,infrastructure_problem / critical / infrastructure,client_misunderstanding,medium,training_consulting,
SIS-2026-0587,EuroPackaging PT,packaging,Novos utilizadores precisam treino de journal_entries,A equipa esta a usar mal o processo. Sugerimos uma sessao curta de training para evitar tickets repetidos.,accounting,journal_entries,afeta varios utilizadores,configuration_request / medium / infrastructure,training_needed,high,support_level_1,
SIS-2026-0588,FlexoPrime,printing,Utilizador nao encontra opcao em shop_floor,"We need help understanding the flow. The client thinks something is missing, but it may be normal behavior in planeamento. Nota do utilizador: p.f. confirmar.",production,shop_floor,acontece algumas vezes,configuration_request / high / support_level_1,client_misunderstanding,medium,technical_support,
SIS-2026-0589,Braga Print House,printing,Utilizador nao encontra opcao em warehouse_transfer,O utilizador pergunta como fazer esta operacao no armazem. Parece que nao encontra o menu correto para warehouse_transfer. Impacto informado: acontece algumas vezes. Nota do utilizador: isto acontece no ambiente real.,stock,warehouse_transfer,precisamos esta semana,infrastructure_problem / high / account_management,client_misunderstanding,medium,support_level_1,
SIS-2026-0590,EuroPackaging PT,packaging,Saldo/valores nao batem em armazem,Os dados no barcode nao batem certo. Ha registos duplicados e valores estranhos depois de uma importacao CSV.,stock,inventory_counts,fecho do mes,infrastructure_problem / critical / support_level_1,data_issue,high,account_management,
SIS-2026-0591,PrintWorks Porto,printing,URGENTE - VPN/server problem affects notifications,"Server seems unstable. Login works sometimes, then notifications stops responding. Se possivel, encaminhar para Miguel Santos, que ja conhece este cliente. Impacto informado: sem faturar.",general,notifications,sem faturar,infrastructure_problem / critical / infrastructure,infrastructure_problem,critical,infrastructure,Miguel Santos
SIS-2026-0592,PlastiCentro,plastics,Permissoes e settings para cliente,Can you change the workflow/template for commercial_pipeline? The current settings do not match the client's process. Impacto informado: precisamos esta semana. Nota do utilizador: sorry pelo detalhe incompleto.,CRM,commercial_pipeline,precisamos esta semana,configuration_request / medium / support_level_1,configuration_request,medium,support_level_1,
SIS-2026-0593,MetalLabel,industrial manufacturing,Formacao para equipa em cliente,Precisamos de workshop para explicar o fluxo correto e boas praticas. Impacto informado: cliente a espera.,CRM,customer_cards,precisamos ainda hoje,training_needed / high / support_level_1,training_needed,high,support_level_1,
SIS-2026-0594,GrafiNorte SA,printing,Alterar workflow/template de credit_notes,"Pedido para ajustar permissoes, perfis ou parametros relacionados com serie de faturacao. Impacto informado: quando possivel.",invoicing,credit_notes,pode esperar,configuration_request / critical / development,configuration_request,low,development,
SIS-2026-0595,PrintWorks Porto,printing,URGENTE - Alterar workflow/template de edi,"Pedido para ajustar permissoes, perfis ou parametros relacionados com ecommerce. Impacto informado: ASAP.",integrations,edi,todos os utilizadores bloqueados,configuration_request / critical / technical_support,configuration_request,critical,technical_support,Miguel Santos
SIS-2026-0596,Braga Print House,printing,Formacao para equipa em menu,"Entraram novos utilizadores e precisam de formacao sobre performance. Querem exemplos praticos para login. Se possivel, encaminhar para Helena Rocha, que ja conhece este cliente. Impacto informado: sem urgencia.",general,login,quando possivel,data_issue / critical / development,training_needed,low,training_consulting,Helena Rocha
SIS-2026-0597,TextilMinho,textile,Duvida sobre notificacoes / performance,"Duvida funcional: onde esta a opcao para performance? Nao parece erro tecnico. Se possivel, encaminhar para Joao Pereira, que ja conhece este cliente. Nota do utilizador: o utilizador diz que ontem funcionava.",general,performance,acontece algumas vezes,software_bug / low / technical_support,client_misunderstanding,medium,support_level_1,Joao Pereira
SIS-2026-0598,Cartonagem Douro,packaging,URGENTE - Exception quando usamos work_orders,Estamos a receber stacktrace no work_orders. Parece bug porque o mesmo processo funcionava ontem. Nota do utilizador: o utilizador diz que ontem funcionava.,production,work_orders,sem faturar,feature_request / low / training_consulting,software_bug,critical,development,
SIS-2026-0599,FlexoPrime,printing,Nova opcao para journal_entries,"Feature request para avaliar em roadmap; o processo atual funciona mas tem muito trabalho manual. Se possivel, encaminhar para Miguel Santos, que ja conhece este cliente. Impacto informado: impacto moderado. Nota do utilizador: sorry pelo detalhe incompleto.",accounting,journal_entries,acontece algumas vezes,feature_request / medium / account_management,feature_request,medium,account_management,Miguel Santos
SIS-2026-0600,EtiquetaFina,labels,Seria possivel adicionar regra em inventory_counts?,Seria possivel adicionar uma regra extra no inventory_counts? Hoje fazem isto fora do sistema.,stock,inventory_counts,melhoria para analisar,software_bug / critical / support_level_1,feature_request,low,account_management,
SIS-2026-0601,FlexoPrime,printing,URGENTE - Permissoes e settings para shop floor,"Precisamos configurar regras novas no planeamento, especialmente no cost_calculation. E uma parametrizacao pedida pela direcao. Se possivel, encaminhar para Rui Costa, que ja conhece este cliente. Impacto informado: urgente. Nota do utilizador: ja reiniciamos e ficou igual.",production,cost_calculation,cliente a espera,configuration_request / high / training_consulting,configuration_request,high,training_consulting,Rui Costa
SIS-2026-0602,AlfaForms,forms and labels,Dados inconsistentes em inventario,"Depois do upload, o inventory_counts ficou com saldos incorretos. O cliente diz que o Excel original esta correto. Impacto informado: afeta uma equipa. Nota do utilizador: nao sei se e bug ou configuracao.",stock,inventory_counts,acontece algumas vezes,feature_request / high / account_management,data_issue,medium,technical_support,
SIS-2026-0603,EtiquetaFina,labels,Need help understanding dashboard,O utilizador pergunta como fazer esta operacao no dashboard. Parece que nao encontra o menu correto para custom_reports. Nota do utilizador: nao sei se e bug ou configuracao.,reporting,custom_reports,sem urgencia,software_bug / medium / infrastructure,client_misunderstanding,low,technical_support,
SIS-2026-0604,EtiquetaFina,labels,Ambiente Sistrade instavel,"Desde esta manha ha problema de certificado, backup ou network e o ambiente fica inacessivel. Impacto informado: precisamos esta semana.",integrations,external_accounting,precisamos esta semana,client_misunderstanding / high / development,infrastructure_problem,medium,infrastructure,
SIS-2026-0605,LusoPack Embalagens,packaging,Need help understanding dashboard,O utilizador pergunta como fazer esta operacao no relatorio. Parece que nao encontra o menu correto para kpi_analysis. Nota do utilizador: isto acontece no ambiente real.,reporting,kpi_analysis,sem urgencia,training_needed / high / account_management,client_misunderstanding,low,support_level_1,
SIS-2026-0606,LusoPack Embalagens,packaging,Como fazer no ecra de ordem de fabrico?,"We need help understanding the flow. The client thinks something is missing, but it may be normal behavior in custos. Impacto informado: afeta uma equipa. Nota do utilizador: ja reiniciamos e ficou igual.",production,cost_calculation,impacto moderado,client_misunderstanding / medium / training_consulting,client_misunderstanding,medium,training_consulting,
SIS-2026-0607,GrafiNorte SA,printing,Utilizador nao encontra opcao em stock_movements,"We need help understanding the flow. The client thinks something is missing, but it may be normal behavior in stock. Nota do utilizador: p.f. confirmar. Mixed note: please check today if possible, the client is confused and tired.",stock,stock_movements,acontece algumas vezes,client_misunderstanding / high / support_level_1,client_misunderstanding,medium,support_level_1,
SIS-2026-0608,Cartonagem Douro,packaging,URGENTE - Exception quando usamos work_orders,Estamos a receber stacktrace no work_orders. Parece bug porque o mesmo processo funcionava ontem. Impacto informado: precisamos ainda hoje. Nota do utilizador: temos prints mas ainda nao anexei.,production,work_orders,afeta varios utilizadores,software_bug / high / account_management,software_bug,high,development,
SIS-2026-0609,LusoPack Embalagens,packaging,Dados inconsistentes em barcode,A listagem mostra records em falta e totais diferentes entre ecra e relatorio. Impacto informado: afeta uma equipa. Nota do utilizador: maybe it is just a setting.,stock,barcode_labels,afeta uma equipa,data_issue / medium / training_consulting,data_issue,medium,technical_support,
SIS-2026-0610,EuroPackaging PT,packaging,Duplicados depois de upload para saft_export,A listagem mostra records em falta e totais diferentes entre ecra e relatorio. Nota do utilizador: ja reiniciamos e ficou igual.,accounting,saft_export,precisamos esta semana,training_needed / high / technical_support,data_issue,medium,development,
SIS-2026-0611,EuroPackaging PT,packaging,Exception quando usamos warehouse_transfer,"After the last update, barcode started throwing an exception in warehouse_transfer. Users repeat the same steps and it crashes. Impacto informado: melhoria para analisar. Nota do utilizador: ja reiniciamos e ficou igual.",stock,warehouse_transfer,melhoria para analisar,software_bug / low / development,software_bug,low,development,
SIS-2026-0612,PlastiCentro,plastics,Training request for complaints,Precisamos de workshop para explicar o fluxo correto e boas praticas. Impacto informado: impacto moderado. Nota do utilizador: o utilizador diz que ontem funcionava.,CRM,complaints,precisamos esta semana,infrastructure_problem / high / support_level_1,training_needed,medium,training_consulting,
SIS-2026-0613,Braga Print House,printing,VPN/server problem affects kpi_analysis,"Server seems unstable. Login works sometimes, then kpi_analysis stops responding. Se possivel, encaminhar para Helena Rocha, que ja conhece este cliente. Impacto informado: acontece algumas vezes.",reporting,kpi_analysis,acontece algumas vezes,infrastructure_problem / medium / infrastructure,infrastructure_problem,medium,infrastructure,Helena Rocha
SIS-2026-0614,LusoPack Embalagens,packaging,Alterar workflow/template de api,"Precisamos configurar regras novas no webservice, especialmente no api. E uma parametrizacao pedida pela direcao. Se possivel, encaminhar para Ana Martins, que ja conhece este cliente. Impacto informado: cliente a espera.",integrations,api,fecho do mes,training_needed / medium / infrastructure,configuration_request,high,support_level_1,Ana Martins
SIS-2026-0615,AlfaForms,forms and labels,Bug after update in reconciliacao bancaria,"Bom dia, no cliente AlfaForms aparece erro 500 quando tentamos usar contabilidade. O vat_report fica bloqueado e nao grava os dados. Nota do utilizador: ja reiniciamos e ficou igual.",accounting,vat_report,impacto moderado,software_bug / medium / support_level_1,software_bug,medium,development,
SIS-2026-0616,GrafiNorte SA,printing,Feature request: cliente,"O cliente gostava de uma nova opcao em CRM. Nao e erro, e melhoria para reduzir passos manuais. Impacto informado: duvida simples. Nota do utilizador: o utilizador diz que ontem funcionava.",CRM,commercial_pipeline,pode esperar,feature_request / low / account_management,feature_request,low,account_management,
SIS-2026-0617,LusoPack Embalagens,packaging,Duplicados depois de upload para webservices,Os dados no EDI nao batem certo. Ha registos duplicados e valores estranhos depois de uma importacao CSV. Impacto informado: precisamos esta semana.,integrations,webservices,impacto moderado,data_issue / medium / support_level_1,data_issue,medium,support_level_1,
SIS-2026-0618,GrafiNorte SA,printing,Saldo/valores nao batem em relatorio,"A listagem mostra records em falta e totais diferentes entre ecra e relatorio. Se possivel, encaminhar para Miguel Santos, que ja conhece este cliente. Impacto informado: afeta uma equipa. Nota do utilizador: p.f. confirmar. Mixed note: please check today if possible, the client is confused and tired.",reporting,excel_export,impacto moderado,data_issue / medium / technical_support,data_issue,medium,technical_support,Miguel Santos
SIS-2026-0619,PlastiCentro,plastics,Utilizador nao encontra opcao em complaints,"We need help understanding the flow. The client thinks something is missing, but it may be normal behavior in cliente. Impacto informado: acontece algumas vezes.",CRM,complaints,precisamos esta semana,client_misunderstanding / medium / training_consulting,client_misunderstanding,medium,training_consulting,
SIS-2026-0620,LusoPack Embalagens,packaging,Pedido de parametrizacao para password,"Pedido para ajustar permissoes, perfis ou parametros relacionados com permissoes. Mixed note: please check today if possible, the client is confused and tired.",user_permissions,access_rights,cliente a espera,configuration_request / high / technical_support,configuration_request,high,technical_support,Ana Martins
SIS-2026-0621,TextilMinho,textile,Timeout/lentidao no acesso a perfil,"Desde esta manha ha problema de certificado, backup ou network e o ambiente fica inacessivel. Se possivel, encaminhar para Miguel Santos, que ja conhece este cliente. Impacto informado: producao parada. Nota do utilizador: maybe it is just a setting.",user_permissions,roles_profiles,producao parada,infrastructure_problem / critical / infrastructure,infrastructure_problem,critical,infrastructure,Miguel Santos
SIS-2026-0622,AlfaForms,forms and labels,Nova opcao para tax_validation,"O cliente gostava de uma nova opcao em IVA. Nao e erro, e melhoria para reduzir passos manuais. Nota do utilizador: o utilizador diz que ontem funcionava.",invoicing,tax_validation,sem urgencia,feature_request / medium / development,feature_request,low,development,
SIS-2026-0623,AlfaForms,forms and labels,Exception quando usamos custom_reports,"Estamos a receber stacktrace no custom_reports. Parece bug porque o mesmo processo funcionava ontem. Se possivel, encaminhar para Rui Costa, que ja conhece este cliente.",reporting,custom_reports,precisamos esta semana,software_bug / medium / training_consulting,software_bug,medium,development,Rui Costa
SIS-2026-0624,Braga Print House,printing,Sessao de esclarecimento sobre inventario,Precisamos de workshop para explicar o fluxo correto e boas praticas. Nota do utilizador: temos prints mas ainda nao anexei.,stock,stock_movements,sem urgencia,training_needed / low / training_consulting,training_needed,low,training_consulting,
SIS-2026-0625,Braga Print House,printing,Utilizador nao encontra opcao em vat_report,"We need help understanding the flow. The client thinks something is missing, but it may be normal behavior in lancamentos. Impacto informado: melhoria para analisar.",accounting,vat_report,melhoria para analisar,configuration_request / high / training_consulting,client_misunderstanding,low,support_level_1,
SIS-2026-0626,EtiquetaFina,labels,Utilizador nao encontra opcao em notifications,"We need help understanding the flow. The client thinks something is missing, but it may be normal behavior in notificacoes. Se possivel, encaminhar para Rui Costa, que ja conhece este cliente. Impacto informado: quando possivel.",general,notifications,melhoria para analisar,client_misunderstanding / low / technical_support,client_misunderstanding,low,technical_support,Rui Costa
SIS-2026-0627,Cartonagem Douro,packaging,Permissoes e settings para inventario,"Precisamos configurar regras novas no movimentos, especialmente no warehouse_transfer. E uma parametrizacao pedida pela direcao. Impacto informado: precisamos esta semana. Nota do utilizador: p.f. confirmar. Mixed note: please check today if possible, the client is confused and tired.",stock,warehouse_transfer,afeta uma equipa,configuration_request / medium / training_consulting,configuration_request,medium,training_consulting,
SIS-2026-0628,MetalLabel,industrial manufacturing,Utilizador nao encontra opcao em credit_notes,"O utilizador pergunta como fazer esta operacao no IVA. Parece que nao encontra o menu correto para credit_notes. Se possivel, encaminhar para Miguel Santos, que ja conhece este cliente. Impacto informado: impacto moderado. Nota do utilizador: o utilizador diz que ontem funcionava.",invoicing,credit_notes,precisamos esta semana,client_misunderstanding / medium / support_level_1,client_misunderstanding,medium,support_level_1,Miguel Santos
SIS-2026-0629,Cartonagem Douro,packaging,VPN/server problem affects barcode_labels,"Server seems unstable. Login works sometimes, then barcode_labels stops responding. Impacto informado: cliente a espera.",stock,barcode_labels,cliente a espera,data_issue / low / account_management,infrastructure_problem,high,infrastructure,
SIS-2026-0630,EtiquetaFina,labels,Alterar workflow/template de complaints,"Precisamos configurar regras novas no CRM, especialmente no complaints. E uma parametrizacao pedida pela direcao. Impacto informado: melhoria para analisar. Nota do utilizador: sorry pelo detalhe incompleto.",CRM,complaints,duvida simples,configuration_request / low / infrastructure,configuration_request,low,technical_support,
SIS-2026-0631,AlfaForms,forms and labels,Pedido de parametrizacao para fatura,"Can you change the workflow/template for tax_validation? The current settings do not match the client's process. Impacto informado: fecho do mes. Mixed note: please check today if possible, the client is confused and tired.",invoicing,tax_validation,fecho do mes,configuration_request / critical / support_level_1,configuration_request,high,training_consulting,
SIS-2026-0632,PrintWorks Porto,printing,Training request for performance,A equipa esta a usar mal o processo. Sugerimos uma sessao curta de training para evitar tickets repetidos. Impacto informado: afeta uma equipa.,general,performance,acontece algumas vezes,training_needed / high / support_level_1,training_needed,medium,account_management,
SIS-2026-0633,GrafiNorte SA,printing,URGENTE - Pedido de parametrizacao para serie de faturacao,"Pedido para ajustar permissoes, perfis ou parametros relacionados com fatura. Nota do utilizador: isto acontece no ambiente real.",invoicing,e_invoice,fecho do mes,feature_request / low / support_level_1,configuration_request,high,technical_support,
SIS-2026-0634,Cartonagem Douro,packaging,Permissoes e settings para stock,"Pedido para ajustar permissoes, perfis ou parametros relacionados com barcode. Se possivel, encaminhar para Rui Costa, que ja conhece este cliente.",stock,warehouse_transfer,duvida simples,configuration_request / high / technical_support,configuration_request,low,technical_support,Rui Costa
SIS-2026-0635,EtiquetaFina,labels,Como fazer no ecra de menu?,"We need help understanding the flow. The client thinks something is missing, but it may be normal behavior in menu. Impacto informado: quando possivel.",general,login,sem urgencia,client_misunderstanding / critical / training_consulting,client_misunderstanding,low,training_consulting,
SIS-2026-0636,EtiquetaFina,labels,Dados inconsistentes em invoice,"Depois do upload, o invoice_emission ficou com saldos incorretos. O cliente diz que o Excel original esta correto. Impacto informado: precisamos esta semana. Nota do utilizador: p.f. confirmar.",invoicing,invoice_emission,afeta uma equipa,configuration_request / high / account_management,data_issue,medium,technical_support,
SIS-2026-0637,FlexoPrime,printing,URGENTE - Timeout/lentidao no acesso a role,"O sistema esta muito lento e da timeout ao abrir password. Varios utilizadores reportam falha de rede/VPN. Impacto informado: afeta varios utilizadores. Nota do utilizador: sorry pelo detalhe incompleto. Mixed note: please check today if possible, the client is confused and tired.",user_permissions,approvals,fecho do mes,client_misunderstanding / low / account_management,infrastructure_problem,high,infrastructure,
SIS-2026-0638,EuroPackaging PT,packaging,Dados inconsistentes em IVA,Os dados no reconciliacao bancaria nao batem certo. Ha registos duplicados e valores estranhos depois de uma importacao CSV. Impacto informado: afeta uma equipa.,accounting,bank_reconciliation,acontece algumas vezes,data_issue / medium / technical_support,data_issue,medium,technical_support,Marta Silva
SIS-2026-0639,EtiquetaFina,labels,Erro no stock: barcode_labels nao grava,"After the last update, inventario started throwing an exception in barcode_labels. Users repeat the same steps and it crashes. Se possivel, encaminhar para Ana Martins, que ja conhece este cliente. Impacto informado: producao parada. Nota do utilizador: temos prints mas ainda nao anexei. Mixed note: please check today if possible, the client is confused and tired.",stock,barcode_labels,producao parada,software_bug / critical / development,software_bug,critical,development,Ana Martins
SIS-2026-0640,GrafiNorte SA,printing,Ambiente Sistrade instavel,"Server seems unstable. Login works sometimes, then performance stops responding. Impacto informado: producao parada. Nota do utilizador: nao sei se e bug ou configuracao.",general,performance,cannot invoice,infrastructure_problem / critical / infrastructure,infrastructure_problem,critical,infrastructure,
SIS-2026-0641,EtiquetaFina,labels,Duvida sobre login / performance,"We need help understanding the flow. The client thinks something is missing, but it may be normal behavior in performance. Se possivel, encaminhar para Miguel Santos, que ja conhece este cliente. Impacto informado: melhoria para analisar.",general,performance,melhoria para analisar,data_issue / critical / infrastructure,client_misunderstanding,low,support_level_1,Miguel Santos
SIS-2026-0642,GrafiNorte SA,printing,Need help understanding analise,Duvida funcional: onde esta a opcao para custom_reports? Nao parece erro tecnico. Nota do utilizador: sorry pelo detalhe incompleto.,reporting,custom_reports,sem urgencia,client_misunderstanding / low / support_level_1,client_misunderstanding,low,support_level_1,
SIS-2026-0643,Cartonagem Douro,packaging,Bug after update in lancamentos,"After the last update, reconciliacao bancaria started throwing an exception in bank_reconciliation. Users repeat the same steps and it crashes. Impacto informado: ASAP.",accounting,bank_reconciliation,cannot invoice,software_bug / critical / development,software_bug,critical,development,
SIS-2026-0644,PrintWorks Porto,printing,URGENTE - Erro no ordem de fabrico: scheduling nao grava,Estamos a receber stacktrace no scheduling. Parece bug porque o mesmo processo funcionava ontem. Impacto informado: precisamos ainda hoje.,production,scheduling,precisamos ainda hoje,software_bug / high / development,software_bug,high,development,
SIS-2026-0645,MetalLabel,industrial manufacturing,Ambiente Sistrade instavel,"Desde esta manha ha problema de certificado, backup ou network e o ambiente fica inacessivel. Impacto informado: todos os utilizadores bloqueados. Nota do utilizador: sorry pelo detalhe incompleto.",integrations,external_accounting,critico,training_needed / medium / account_management,infrastructure_problem,critical,development,Ana Martins
SIS-2026-0646,TextilMinho,textile,Dados inconsistentes em producao,A listagem mostra records em falta e totais diferentes entre ecra e relatorio. Nota do utilizador: o utilizador diz que ontem funcionava.,production,work_orders,acontece algumas vezes,infrastructure_problem / critical / support_level_1,data_issue,medium,development,
SIS-2026-0647,LusoPack Embalagens,packaging,planeamento bloqueia ao validar scheduling,"After the last update, planeamento started throwing an exception in scheduling. Users repeat the same steps and it crashes. Se possivel, encaminhar para Rui Costa, que ja conhece este cliente. Impacto informado: afeta uma equipa. Nota do utilizador: temos prints mas ainda nao anexei.",production,scheduling,afeta uma equipa,software_bug / high / technical_support,software_bug,medium,technical_support,Rui Costa
SIS-2026-0648,PlastiCentro,plastics,Feature request: oportunidade,"O cliente gostava de uma nova opcao em oportunidade. Nao e erro, e melhoria para reduzir passos manuais. Mixed note: please check today if possible, the client is confused and tired.",CRM,complaints,sem urgencia,feature_request / low / technical_support,feature_request,low,development,
SIS-2026-0649,AlfaForms,forms and labels,Sessao de esclarecimento sobre acessos,"Precisamos de workshop para explicar o fluxo correto e boas praticas. Impacto informado: melhoria para analisar. Nota do utilizador: sorry pelo detalhe incompleto. Mixed note: please check today if possible, the client is confused and tired.",user_permissions,password_policy,sem urgencia,software_bug / critical / technical_support,training_needed,low,training_consulting,
SIS-2026-0650,MetalLabel,industrial manufacturing,Importacao criou registos errados no journal_entries,"Depois do upload, o journal_entries ficou com saldos incorretos. O cliente diz que o Excel original esta correto. Impacto informado: precisamos esta semana. Nota do utilizador: isto acontece no ambiente real.",accounting,journal_entries,impacto moderado,data_issue / critical / technical_support,data_issue,medium,technical_support,
SIS-2026-0651,Cartonagem Douro,packaging,Novos utilizadores precisam treino de saft_export,Entraram novos utilizadores e precisam de formacao sobre lancamentos. Querem exemplos praticos para saft_export. Impacto informado: sem urgencia.,accounting,saft_export,pode esperar,training_needed / low / training_consulting,training_needed,low,training_consulting,
SIS-2026-0652,PrintWorks Porto,printing,URGENTE - Dados inconsistentes em barcode,"Depois do upload, o barcode_labels ficou com saldos incorretos. O cliente diz que o Excel original esta correto. Se possivel, encaminhar para Rui Costa, que ja conhece este cliente. Impacto informado: fecho do mes. Mixed note: please check today if possible, the client is confused and tired.",stock,barcode_labels,precisamos ainda hoje,data_issue / high / development,data_issue,high,technical_support,Rui Costa
SIS-2026-0653,EuroPackaging PT,packaging,Configurar barcode_labels em movimentos,"Can you change the workflow/template for barcode_labels? The current settings do not match the client's process. Se possivel, encaminhar para Rui Costa, que ja conhece este cliente. Impacto informado: acontece algumas vezes. Nota do utilizador: p.f. confirmar. Mixed note: please check today if possible, the client is confused and tired.",stock,barcode_labels,afeta uma equipa,software_bug / low / infrastructure,configuration_request,medium,technical_support,Rui Costa
SIS-2026-0654,PrintWorks Porto,printing,Como fazer no ecra de fatura?,Duvida funcional: onde esta a opcao para credit_notes? Nao parece erro tecnico. Impacto informado: afeta uma equipa. Nota do utilizador: p.f. confirmar.,invoicing,credit_notes,acontece algumas vezes,client_misunderstanding / medium / support_level_1,client_misunderstanding,medium,support_level_1,
SIS-2026-0655,EtiquetaFina,labels,URGENTE - Duplicados depois de upload para saft_export,Os dados no reconciliacao bancaria nao batem certo. Ha registos duplicados e valores estranhos depois de uma importacao CSV. Impacto informado: afeta varios utilizadores.,accounting,saft_export,afeta varios utilizadores,data_issue / high / technical_support,data_issue,high,technical_support,
SIS-2026-0656,TextilMinho,textile,URGENTE - Erro no lancamentos: saft_export nao grava,"Estamos a receber stacktrace no saft_export. Parece bug porque o mesmo processo funcionava ontem. Se possivel, encaminhar para Helena Rocha, que ja conhece este cliente. Nota do utilizador: o utilizador diz que ontem funcionava.",accounting,saft_export,fecho do mes,software_bug / high / technical_support,software_bug,high,technical_support,Helena Rocha
SIS-2026-0657,FlexoPrime,printing,Training request for bank_reconciliation,A equipa esta a usar mal o processo. Sugerimos uma sessao curta de training para evitar tickets repetidos. Impacto informado: acontece algumas vezes. Nota do utilizador: ja reiniciamos e ficou igual.,accounting,bank_reconciliation,impacto moderado,training_needed / medium / training_consulting,training_needed,medium,training_consulting,
SIS-2026-0658,Cartonagem Douro,packaging,Utilizador nao encontra opcao em e_invoice,"We need help understanding the flow. The client thinks something is missing, but it may be normal behavior in factura. Impacto informado: precisamos esta semana. Nota do utilizador: maybe it is just a setting.",invoicing,e_invoice,acontece algumas vezes,configuration_request / critical / infrastructure,client_misunderstanding,medium,support_level_1,
SIS-2026-0659,TextilMinho,textile,Novos utilizadores precisam treino de opportunities,Precisamos de workshop para explicar o fluxo correto e boas praticas. Impacto informado: precisamos esta semana. Nota do utilizador: p.f. confirmar.,CRM,opportunities,precisamos esta semana,data_issue / low / account_management,training_needed,medium,training_consulting,Miguel Santos
SIS-2026-0660,FlexoPrime,printing,Feature request: ecommerce,"O cliente gostava de uma nova opcao em ecommerce. Nao e erro, e melhoria para reduzir passos manuais. Impacto informado: pode esperar.",integrations,external_accounting,melhoria para analisar,feature_request / low / infrastructure,feature_request,low,account_management,
SIS-2026-0661,GrafiNorte SA,printing,URGENTE - fatura bloqueia ao validar e_invoice,"Bom dia, no cliente GrafiNorte SA aparece erro 500 quando tentamos usar fatura. O e_invoice fica bloqueado e nao grava os dados. Impacto informado: todos os utilizadores bloqueados. Mixed note: please check today if possible, the client is confused and tired.",invoicing,e_invoice,cannot invoice,software_bug / critical / support_level_1,software_bug,critical,support_level_1,
SIS-2026-0662,FlexoPrime,printing,Como fazer no ecra de factura?,"O utilizador pergunta como fazer esta operacao no fatura. Parece que nao encontra o menu correto para tax_validation. Mixed note: please check today if possible, the client is confused and tired.",invoicing,tax_validation,precisamos esta semana,client_misunderstanding / critical / support_level_1,client_misunderstanding,medium,support_level_1,
SIS-2026-0663,PlastiCentro,plastics,Importacao criou registos errados no external_accounting,Os dados no webservice nao batem certo. Ha registos duplicados e valores estranhos depois de uma importacao CSV. Impacto informado: afeta uma equipa.,integrations,external_accounting,acontece algumas vezes,data_issue / medium / technical_support,data_issue,medium,technical_support,Rui Costa
SIS-2026-0664,AlfaForms,forms and labels,URGENTE - Alterar workflow/template de tax_validation,Can you change the workflow/template for tax_validation? The current settings do not match the client's process. Impacto informado: afeta varios utilizadores. Nota do utilizador: isto acontece no ambiente real.,invoicing,tax_validation,urgente,configuration_request / low / technical_support,configuration_request,high,technical_support,
SIS-2026-0665,EtiquetaFina,labels,Saldo/valores nao batem em dashboard,"Os dados no dashboard nao batem certo. Ha registos duplicados e valores estranhos depois de uma importacao CSV. Impacto informado: impacto moderado. Mixed note: please check today if possible, the client is confused and tired.",reporting,kpi_analysis,precisamos esta semana,software_bug / high / account_management,data_issue,medium,technical_support,Rui Costa
SIS-2026-0666,EtiquetaFina,labels,Pedido de parametrizacao para EDI,"Precisamos configurar regras novas no EDI, especialmente no external_accounting. E uma parametrizacao pedida pela direcao. Impacto informado: pode esperar. Mixed note: please check today if possible, the client is confused and tired.",integrations,external_accounting,melhoria para analisar,software_bug / critical / support_level_1,configuration_request,low,technical_support,Marta Silva
SIS-2026-0667,TextilMinho,textile,Duvida sobre ambiente / notifications,Duvida funcional: onde esta a opcao para notifications? Nao parece erro tecnico.,general,notifications,acontece algumas vezes,client_misunderstanding / medium / support_level_1,client_misunderstanding,medium,support_level_1,Marta Silva
SIS-2026-0668,LusoPack Embalagens,packaging,Falha de rede ao abrir login,"O sistema esta muito lento e da timeout ao abrir notificacoes. Varios utilizadores reportam falha de rede/VPN. Se possivel, encaminhar para Joao Pereira, que ja conhece este cliente. Impacto informado: todos os utilizadores bloqueados.",general,notifications,critico,infrastructure_problem / critical / infrastructure,infrastructure_problem,critical,infrastructure,Joao Pereira
SIS-2026-0669,TextilMinho,textile,Alterar workflow/template de commercial_pipeline,"Precisamos configurar regras novas no pipeline comercial, especialmente no commercial_pipeline. E uma parametrizacao pedida pela direcao. Impacto informado: precisamos esta semana.",CRM,commercial_pipeline,acontece algumas vezes,configuration_request / high / technical_support,configuration_request,medium,technical_support,
SIS-2026-0670,MetalLabel,industrial manufacturing,planeamento bloqueia ao validar cost_calculation,Estamos a receber stacktrace no cost_calculation. Parece bug porque o mesmo processo funcionava ontem. Nota do utilizador: temos prints mas ainda nao anexei.,production,cost_calculation,precisamos ainda hoje,software_bug / high / support_level_1,software_bug,high,development,
SIS-2026-0671,GrafiNorte SA,printing,Need help understanding factura,Duvida funcional: onde esta a opcao para credit_notes? Nao parece erro tecnico. Impacto informado: melhoria para analisar. Nota do utilizador: p.f. confirmar.,invoicing,credit_notes,sem urgencia,data_issue / high / training_consulting,client_misunderstanding,low,support_level_1,Joao Pereira
SIS-2026-0672,TextilMinho,textile,URGENTE - Ambiente Sistrade instavel,O sistema esta muito lento e da timeout ao abrir integracao. Varios utilizadores reportam falha de rede/VPN. Impacto informado: ASAP. Nota do utilizador: maybe it is just a setting.,integrations,external_accounting,producao parada,infrastructure_problem / critical / infrastructure,infrastructure_problem,critical,infrastructure,
SIS-2026-0673,GrafiNorte SA,printing,Alterar workflow/template de tax_validation,"Pedido para ajustar permissoes, perfis ou parametros relacionados com fatura. Impacto informado: afeta uma equipa. Nota do utilizador: sorry pelo detalhe incompleto.",invoicing,tax_validation,acontece algumas vezes,training_needed / high / account_management,configuration_request,medium,training_consulting,
SIS-2026-0674,MetalLabel,industrial manufacturing,Training request for commercial_pipeline,"Entraram novos utilizadores e precisam de formacao sobre cliente. Querem exemplos praticos para commercial_pipeline. Se possivel, encaminhar para Helena Rocha, que ja conhece este cliente. Nota do utilizador: temos prints mas ainda nao anexei.",CRM,commercial_pipeline,afeta uma equipa,training_needed / low / development,training_needed,medium,training_consulting,Helena Rocha
SIS-2026-0675,PlastiCentro,plastics,Erro no SAF-T: saft_export nao grava,"After the last update, SAF-T started throwing an exception in saft_export. Users repeat the same steps and it crashes. Impacto informado: deadline hoje. Mixed note: please check today if possible, the client is confused and tired.",accounting,saft_export,cannot invoice,configuration_request / high / training_consulting,software_bug,critical,technical_support,
SIS-2026-0676,FlexoPrime,printing,Como fazer no ecra de KPI?,O utilizador pergunta como fazer esta operacao no analise. Parece que nao encontra o menu correto para excel_export. Nota do utilizador: sorry pelo detalhe incompleto.,reporting,excel_export,precisamos esta semana,data_issue / high / account_management,client_misunderstanding,medium,technical_support,
SIS-2026-0677,EtiquetaFina,labels,VPN/server problem affects notifications,"Server seems unstable. Login works sometimes, then notifications stops responding. Impacto informado: precisamos ainda hoje. Nota do utilizador: isto acontece no ambiente real.",general,notifications,cliente a espera,infrastructure_problem / high / training_consulting,infrastructure_problem,high,technical_support,
SIS-2026-0678,TextilMinho,textile,Saldo/valores nao batem em shop floor,"Depois do upload, o work_orders ficou com saldos incorretos. O cliente diz que o Excel original esta correto. Nota do utilizador: sorry pelo detalhe incompleto.",production,work_orders,afeta uma equipa,data_issue / medium / support_level_1,data_issue,medium,support_level_1,
SIS-2026-0679,AlfaForms,forms and labels,Duvida sobre stock / warehouse_transfer,Duvida funcional: onde esta a opcao para warehouse_transfer? Nao parece erro tecnico. Impacto informado: sem urgencia.,stock,warehouse_transfer,sem urgencia,feature_request / medium / development,client_misunderstanding,low,support_level_1,
SIS-2026-0680,Braga Print House,printing,URGENTE - Erro no producao: shop_floor nao grava,"Bom dia, no cliente Braga Print House aparece erro 500 quando tentamos usar shop floor. O shop_floor fica bloqueado e nao grava os dados. Nota do utilizador: o utilizador diz que ontem funcionava. Mixed note: please check today if possible, the client is confused and tired.",production,shop_floor,precisamos ainda hoje,software_bug / high / technical_support,software_bug,high,technical_support,
SIS-2026-0681,AlfaForms,forms and labels,Ambiente Sistrade instavel,"Desde esta manha ha problema de certificado, backup ou network e o ambiente fica inacessivel. Nota do utilizador: ja reiniciamos e ficou igual.",production,cost_calculation,afeta uma equipa,infrastructure_problem / medium / infrastructure,infrastructure_problem,medium,infrastructure,
SIS-2026-0682,PrintWorks Porto,printing,Need help understanding cliente,"Duvida funcional: onde esta a opcao para complaints? Nao parece erro tecnico. Impacto informado: acontece algumas vezes. Nota do utilizador: temos prints mas ainda nao anexei. Mixed note: please check today if possible, the client is confused and tired.",CRM,complaints,precisamos esta semana,client_misunderstanding / medium / account_management,client_misunderstanding,medium,support_level_1,
SIS-2026-0683,Cartonagem Douro,packaging,Exception quando usamos notifications,"Estamos a receber stacktrace no notifications. Parece bug porque o mesmo processo funcionava ontem. Impacto informado: afeta uma equipa. Nota do utilizador: temos prints mas ainda nao anexei. Mixed note: please check today if possible, the client is confused and tired.",general,notifications,acontece algumas vezes,software_bug / low / development,software_bug,medium,development,
SIS-2026-0684,EuroPackaging PT,packaging,VPN/server problem affects cost_calculation,"Desde esta manha ha problema de certificado, backup ou network e o ambiente fica inacessivel. Nota do utilizador: isto acontece no ambiente real.",production,cost_calculation,precisamos esta semana,infrastructure_problem / high / infrastructure,infrastructure_problem,medium,infrastructure,
SIS-2026-0685,FlexoPrime,printing,Erro no export Excel: custom_reports nao grava,"After the last update, KPI started throwing an exception in custom_reports. Users repeat the same steps and it crashes. Impacto informado: fecho do mes. Nota do utilizador: isto acontece no ambiente real.",reporting,custom_reports,cliente a espera,software_bug / high / development,software_bug,high,development,
SIS-2026-0686,AlfaForms,forms and labels,Duplicados depois de upload para shop_floor,A listagem mostra records em falta e totais diferentes entre ecra e relatorio. Nota do utilizador: temos prints mas ainda nao anexei.,production,shop_floor,precisamos ainda hoje,data_issue / high / support_level_1,data_issue,high,support_level_1,
SIS-2026-0687,AlfaForms,forms and labels,URGENTE - Bug after update in analise,"Bom dia, no cliente AlfaForms aparece erro 500 quando tentamos usar KPI. O kpi_analysis fica bloqueado e nao grava os dados. Impacto informado: todos os utilizadores bloqueados. Nota do utilizador: nao sei se e bug ou configuracao.",reporting,kpi_analysis,cannot invoice,software_bug / critical / technical_support,software_bug,critical,technical_support,
SIS-2026-0688,FlexoPrime,printing,Timeout/lentidao no acesso a performance,"Server seems unstable. Login works sometimes, then login stops responding. Nota do utilizador: nao sei se e bug ou configuracao.",general,login,precisamos ainda hoje,infrastructure_problem / high / technical_support,infrastructure_problem,high,development,
SIS-2026-0689,EuroPackaging PT,packaging,Need help understanding dashboard,Duvida funcional: onde esta a opcao para custom_reports? Nao parece erro tecnico. Impacto informado: afeta uma equipa. Nota do utilizador: p.f. confirmar.,reporting,custom_reports,precisamos esta semana,client_misunderstanding / medium / training_consulting,client_misunderstanding,medium,support_level_1,
SIS-2026-0690,MetalLabel,industrial manufacturing,Erro no factura: e_invoice nao grava,"After the last update, fatura started throwing an exception in e_invoice. Users repeat the same steps and it crashes. Nota do utilizador: o utilizador diz que ontem funcionava.",invoicing,e_invoice,urgente,software_bug / high / development,software_bug,high,development,
SIS-2026-0691,LusoPack Embalagens,packaging,Alterar workflow/template de approvals,"Precisamos configurar regras novas no password, especialmente no approvals. E uma parametrizacao pedida pela direcao. Impacto informado: urgente. Nota do utilizador: o utilizador diz que ontem funcionava.",user_permissions,approvals,afeta varios utilizadores,configuration_request / high / technical_support,configuration_request,high,technical_support,
SIS-2026-0692,MetalLabel,industrial manufacturing,URGENTE - Importacao criou registos errados no stock_movements,A listagem mostra records em falta e totais diferentes entre ecra e relatorio. Impacto informado: precisamos ainda hoje.,stock,stock_movements,afeta varios utilizadores,data_issue / high / technical_support,data_issue,high,technical_support,
SIS-2026-0693,AlfaForms,forms and labels,Duplicados depois de upload para inventory_counts,Os dados no stock nao batem certo. Ha registos duplicados e valores estranhos depois de uma importacao CSV. Impacto informado: duvida simples. Nota do utilizador: ja reiniciamos e ficou igual.,stock,inventory_counts,duvida simples,infrastructure_problem / medium / training_consulting,data_issue,low,technical_support,
SIS-2026-0694,EtiquetaFina,labels,Formacao para equipa em fatura,"Precisamos de workshop para explicar o fluxo correto e boas praticas. Se possivel, encaminhar para Rui Costa, que ja conhece este cliente. Impacto informado: precisamos esta semana. Nota do utilizador: p.f. confirmar.",invoicing,invoice_emission,precisamos esta semana,training_needed / medium / account_management,training_needed,medium,training_consulting,Rui Costa
SIS-2026-0695,Cartonagem Douro,packaging,Configurar external_accounting em ecommerce,Can you change the workflow/template for external_accounting? The current settings do not match the client's process. Impacto informado: sem urgencia. Nota do utilizador: o utilizador diz que ontem funcionava.,integrations,external_accounting,quando possivel,configuration_request / low / support_level_1,configuration_request,low,development,Ana Martins
SIS-2026-0696,AlfaForms,forms and labels,URGENTE - Ambiente Sistrade instavel,"Server seems unstable. Login works sometimes, then dashboards stops responding. Nota do utilizador: nao sei se e bug ou configuracao.",reporting,dashboards,critico,infrastructure_problem / high / support_level_1,infrastructure_problem,critical,infrastructure,
SIS-2026-0697,MetalLabel,industrial manufacturing,URGENTE - Bug after update in analise,"Estamos a receber stacktrace no dashboards. Parece bug porque o mesmo processo funcionava ontem. Impacto informado: cliente a espera. Mixed note: please check today if possible, the client is confused and tired.",reporting,dashboards,precisamos ainda hoje,feature_request / critical / technical_support,software_bug,high,development,Joao Pereira
SIS-2026-0698,PlastiCentro,plastics,URGENTE - Ambiente Sistrade instavel,"Desde esta manha ha problema de certificado, backup ou network e o ambiente fica inacessivel. Se possivel, encaminhar para Miguel Santos, que ja conhece este cliente. Impacto informado: precisamos ainda hoje. Mixed note: please check today if possible, the client is confused and tired.",reporting,custom_reports,afeta varios utilizadores,infrastructure_problem / high / infrastructure,infrastructure_problem,high,infrastructure,Miguel Santos
SIS-2026-0699,AlfaForms,forms and labels,Nova opcao para opportunities,"Feature request para avaliar em roadmap; o processo atual funciona mas tem muito trabalho manual. Se possivel, encaminhar para Miguel Santos, que ja conhece este cliente. Impacto informado: acontece algumas vezes. Nota do utilizador: sorry pelo detalhe incompleto.",CRM,opportunities,afeta uma equipa,feature_request / medium / support_level_1,feature_request,medium,development,Miguel Santos
SIS-2026-0700,PrintWorks Porto,printing,Sessao de esclarecimento sobre KPI,A equipa esta a usar mal o processo. Sugerimos uma sessao curta de training para evitar tickets repetidos. Nota do utilizador: temos prints mas ainda nao anexei.,reporting,dashboards,sem urgencia,training_needed / low / training_consulting,training_needed,low,training_consulting,Miguel Santos
SIS-2026-0701,PlastiCentro,plastics,Need help understanding CRM,"We need help understanding the flow. The client thinks something is missing, but it may be normal behavior in pipeline comercial. Impacto informado: duvida simples. Nota do utilizador: sorry pelo detalhe incompleto.",CRM,complaints,sem urgencia,client_misunderstanding / low / support_level_1,client_misunderstanding,low,support_level_1,
SIS-2026-0702,PrintWorks Porto,printing,Sessao de esclarecimento sobre performance,A equipa esta a usar mal o processo. Sugerimos uma sessao curta de training para evitar tickets repetidos. Impacto informado: melhoria para analisar. Nota do utilizador: sorry pelo detalhe incompleto.,general,performance,melhoria para analisar,training_needed / low / training_consulting,training_needed,low,training_consulting,Marta Silva
SIS-2026-0703,FlexoPrime,printing,Seria possivel adicionar regra em excel_export?,"O cliente gostava de uma nova opcao em relatorio. Nao e erro, e melhoria para reduzir passos manuais. Nota do utilizador: o utilizador diz que ontem funcionava. Mixed note: please check today if possible, the client is confused and tired.",reporting,excel_export,pode esperar,training_needed / critical / account_management,feature_request,low,development,
SIS-2026-0704,Braga Print House,printing,movimentos bloqueia ao validar inventory_counts,"Bom dia, no cliente Braga Print House aparece erro 500 quando tentamos usar stock. O inventory_counts fica bloqueado e nao grava os dados. Impacto informado: impacto moderado. Nota do utilizador: sorry pelo detalhe incompleto.",stock,inventory_counts,impacto moderado,software_bug / medium / development,software_bug,medium,development,
SIS-2026-0705,EtiquetaFina,labels,Saldo/valores nao batem em relatorio,A listagem mostra records em falta e totais diferentes entre ecra e relatorio. Impacto informado: impacto moderado. Nota do utilizador: sorry pelo detalhe incompleto.,reporting,excel_export,precisamos esta semana,data_issue / medium / account_management,data_issue,medium,technical_support,
SIS-2026-0706,Braga Print House,printing,Como fazer no ecra de perfil?,"O utilizador pergunta como fazer esta operacao no perfil. Parece que nao encontra o menu correto para access_rights. Se possivel, encaminhar para Miguel Santos, que ja conhece este cliente. Impacto informado: acontece algumas vezes. Nota do utilizador: isto acontece no ambiente real. Mixed note: please check today if possible, the client is confused and tired.",user_permissions,access_rights,impacto moderado,client_misunderstanding / medium / support_level_1,client_misunderstanding,medium,support_level_1,Miguel Santos
SIS-2026-0707,FlexoPrime,printing,Erro no ordem de fabrico: scheduling nao grava,Estamos a receber stacktrace no scheduling. Parece bug porque o mesmo processo funcionava ontem.,production,scheduling,precisamos ainda hoje,software_bug / high / development,software_bug,high,development,
SIS-2026-0708,PlastiCentro,plastics,URGENTE - VPN/server problem affects notifications,"Desde esta manha ha problema de certificado, backup ou network e o ambiente fica inacessivel. Impacto informado: todos os utilizadores bloqueados. Nota do utilizador: nao sei se e bug ou configuracao. Mixed note: please check today if possible, the client is confused and tired.",general,notifications,cannot invoice,feature_request / low / technical_support,infrastructure_problem,critical,infrastructure,
SIS-2026-0709,LusoPack Embalagens,packaging,Utilizador nao encontra opcao em performance,O utilizador pergunta como fazer esta operacao no performance. Parece que nao encontra o menu correto para performance. Impacto informado: quando possivel. Nota do utilizador: o utilizador diz que ontem funcionava.,general,performance,quando possivel,client_misunderstanding / low / support_level_1,client_misunderstanding,low,support_level_1,
SIS-2026-0710,PlastiCentro,plastics,ecommerce bloqueia ao validar edi,"After the last update, integracao started throwing an exception in edi. Users repeat the same steps and it crashes. Se possivel, encaminhar para Joao Pereira, que ja conhece este cliente. Impacto informado: acontece algumas vezes.",integrations,edi,precisamos esta semana,software_bug / medium / development,software_bug,medium,development,Joao Pereira
SIS-2026-0711,PrintWorks Porto,printing,Novos utilizadores precisam treino de performance,Precisamos de workshop para explicar o fluxo correto e boas praticas. Impacto informado: quando possivel.,general,performance,pode esperar,client_misunderstanding / medium / technical_support,training_needed,low,training_consulting,
SIS-2026-0712,Cartonagem Douro,packaging,Utilizador nao encontra opcao em login,O utilizador pergunta como fazer esta operacao no notificacoes. Parece que nao encontra o menu correto para login. Impacto informado: pode esperar. Nota do utilizador: p.f. confirmar.,general,login,sem urgencia,client_misunderstanding / low / support_level_1,client_misunderstanding,low,support_level_1,
SIS-2026-0713,MetalLabel,industrial manufacturing,factura bloqueia ao validar credit_notes,"Bom dia, no cliente MetalLabel aparece erro 500 quando tentamos usar invoice. O credit_notes fica bloqueado e nao grava os dados.",invoicing,credit_notes,impacto moderado,client_misunderstanding / high / development,software_bug,medium,technical_support,Marta Silva
SIS-2026-0714,PrintWorks Porto,printing,Dados inconsistentes em inventario,"Depois do upload, o warehouse_transfer ficou com saldos incorretos. O cliente diz que o Excel original esta correto. Impacto informado: urgente.",stock,warehouse_transfer,precisamos ainda hoje,data_issue / high / support_level_1,data_issue,high,support_level_1,
SIS-2026-0715,PrintWorks Porto,printing,Bug after update in SAF-T,"After the last update, reconciliacao bancaria started throwing an exception in vat_report. Users repeat the same steps and it crashes. Se possivel, encaminhar para Helena Rocha, que ja conhece este cliente. Impacto informado: precisamos ainda hoje. Nota do utilizador: nao sei se e bug ou configuracao. Mixed note: please check today if possible, the client is confused and tired.",accounting,vat_report,urgente,software_bug / high / infrastructure,software_bug,high,development,Helena Rocha
SIS-2026-0716,MetalLabel,industrial manufacturing,Como fazer no ecra de relatorio?,"Duvida funcional: onde esta a opcao para dashboards? Nao parece erro tecnico. Se possivel, encaminhar para Rui Costa, que ja conhece este cliente. Impacto informado: quando possivel.",reporting,dashboards,pode esperar,infrastructure_problem / high / technical_support,client_misunderstanding,low,support_level_1,Rui Costa
SIS-2026-0717,PrintWorks Porto,printing,URGENTE - Bug after update in custos,"Bom dia, no cliente PrintWorks Porto aparece erro 500 quando tentamos usar producao. O cost_calculation fica bloqueado e nao grava os dados. Nota do utilizador: nao sei se e bug ou configuracao.",production,cost_calculation,urgente,infrastructure_problem / critical / support_level_1,software_bug,high,development,
SIS-2026-0718,MetalLabel,industrial manufacturing,Melhoria desejada em movimentos,"O cliente gostava de uma nova opcao em barcode. Nao e erro, e melhoria para reduzir passos manuais. Impacto informado: duvida simples. Nota do utilizador: sorry pelo detalhe incompleto.",stock,stock_movements,quando possivel,training_needed / medium / infrastructure,feature_request,low,support_level_1,Miguel Santos
SIS-2026-0719,MetalLabel,industrial manufacturing,URGENTE - Ambiente Sistrade instavel,"Desde esta manha ha problema de certificado, backup ou network e o ambiente fica inacessivel. Impacto informado: afeta varios utilizadores. Nota do utilizador: temos prints mas ainda nao anexei.",user_permissions,access_rights,urgente,software_bug / low / training_consulting,infrastructure_problem,high,infrastructure,
SIS-2026-0720,Braga Print House,printing,Utilizador nao encontra opcao em warehouse_transfer,"Duvida funcional: onde esta a opcao para warehouse_transfer? Nao parece erro tecnico. Se possivel, encaminhar para Ana Martins, que ja conhece este cliente. Nota do utilizador: temos prints mas ainda nao anexei.",stock,warehouse_transfer,melhoria para analisar,feature_request / medium / infrastructure,client_misunderstanding,low,technical_support,Ana Martins
SIS-2026-0721,PrintWorks Porto,printing,Configurar excel_export em KPI,"Precisamos configurar regras novas no KPI, especialmente no excel_export. E uma parametrizacao pedida pela direcao. Impacto informado: afeta uma equipa. Nota do utilizador: temos prints mas ainda nao anexei.",reporting,excel_export,afeta uma equipa,client_misunderstanding / critical / infrastructure,configuration_request,medium,development,
SIS-2026-0722,Braga Print House,printing,Erro no integracao: edi nao grava,Estamos a receber stacktrace no edi. Parece bug porque o mesmo processo funcionava ontem. Impacto informado: sem faturar.,integrations,edi,critico,software_bug / critical / development,software_bug,critical,development,
SIS-2026-0723,AlfaForms,forms and labels,URGENTE - Exception quando usamos inventory_counts,"Estamos a receber stacktrace no inventory_counts. Parece bug porque o mesmo processo funcionava ontem. Impacto informado: deadline hoje. Nota do utilizador: maybe it is just a setting. Mixed note: please check today if possible, the client is confused and tired.",stock,inventory_counts,ASAP,configuration_request / low / technical_support,software_bug,critical,support_level_1,
SIS-2026-0724,PrintWorks Porto,printing,Alterar workflow/template de work_orders,"Precisamos configurar regras novas no custos, especialmente no work_orders. E uma parametrizacao pedida pela direcao.",production,work_orders,impacto moderado,configuration_request / medium / technical_support,configuration_request,medium,technical_support,
SIS-2026-0725,AlfaForms,forms and labels,URGENTE - Bug after update in SAF-T,"Estamos a receber stacktrace no journal_entries. Parece bug porque o mesmo processo funcionava ontem. Se possivel, encaminhar para Helena Rocha, que ja conhece este cliente. Nota do utilizador: nao sei se e bug ou configuracao.",accounting,journal_entries,cannot invoice,software_bug / critical / development,software_bug,critical,development,Helena Rocha
SIS-2026-0726,LusoPack Embalagens,packaging,Exception quando usamos shop_floor,"After the last update, producao started throwing an exception in shop_floor. Users repeat the same steps and it crashes. Se possivel, encaminhar para Ana Martins, que ja conhece este cliente. Nota do utilizador: nao sei se e bug ou configuracao.",production,shop_floor,fecho do mes,infrastructure_problem / critical / technical_support,software_bug,high,development,Ana Martins
SIS-2026-0727,EtiquetaFina,labels,Timeout/lentidao no acesso a IVA,"Desde esta manha ha problema de certificado, backup ou network e o ambiente fica inacessivel. Impacto informado: ASAP. Nota do utilizador: p.f. confirmar.",invoicing,tax_validation,ASAP,infrastructure_problem / critical / technical_support,infrastructure_problem,critical,infrastructure,
SIS-2026-0728,AlfaForms,forms and labels,Como fazer no ecra de performance?,"We need help understanding the flow. The client thinks something is missing, but it may be normal behavior in ambiente. Impacto informado: acontece algumas vezes. Nota do utilizador: temos prints mas ainda nao anexei.",general,performance,impacto moderado,client_misunderstanding / medium / support_level_1,client_misunderstanding,medium,support_level_1,Miguel Santos
SIS-2026-0729,Braga Print House,printing,URGENTE - Erro no planeamento: cost_calculation nao grava,"Bom dia, no cliente Braga Print House aparece erro 500 quando tentamos usar shop floor. O cost_calculation fica bloqueado e nao grava os dados. Impacto informado: critico. Nota do utilizador: o utilizador diz que ontem funcionava.",production,cost_calculation,sem faturar,software_bug / critical / technical_support,software_bug,critical,technical_support,
SIS-2026-0730,TextilMinho,textile,Nova opcao para invoice_emission,Feature request para avaliar em roadmap; o processo atual funciona mas tem muito trabalho manual. Impacto informado: impacto moderado. Nota do utilizador: maybe it is just a setting.,invoicing,invoice_emission,impacto moderado,feature_request / medium / account_management,feature_request,medium,account_management,
SIS-2026-0731,AlfaForms,forms and labels,Nova opcao para complaints,Seria possivel adicionar uma regra extra no complaints? Hoje fazem isto fora do sistema. Impacto informado: pode esperar. Nota do utilizador: o utilizador diz que ontem funcionava.,CRM,complaints,pode esperar,feature_request / low / development,feature_request,low,development,
SIS-2026-0732,EtiquetaFina,labels,Exception quando usamos tax_validation,"Estamos a receber stacktrace no tax_validation. Parece bug porque o mesmo processo funcionava ontem. Se possivel, encaminhar para Joao Pereira, que ja conhece este cliente. Impacto informado: ASAP. Nota do utilizador: nao sei se e bug ou configuracao.",invoicing,tax_validation,deadline hoje,client_misunderstanding / high / development,software_bug,critical,technical_support,Joao Pereira
SIS-2026-0733,Cartonagem Douro,packaging,Melhoria desejada em armazem,"Seria possivel adicionar uma regra extra no warehouse_transfer? Hoje fazem isto fora do sistema. Nota do utilizador: isto acontece no ambiente real. Mixed note: please check today if possible, the client is confused and tired.",stock,warehouse_transfer,pode esperar,training_needed / high / technical_support,feature_request,low,development,
SIS-2026-0734,MetalLabel,industrial manufacturing,Training request for opportunities,Precisamos de workshop para explicar o fluxo correto e boas praticas. Impacto informado: quando possivel. Nota do utilizador: nao sei se e bug ou configuracao.,CRM,opportunities,melhoria para analisar,client_misunderstanding / medium / account_management,training_needed,low,training_consulting,
SIS-2026-0735,TextilMinho,textile,Melhoria desejada em relatorio,"O cliente gostava de uma nova opcao em dashboard. Nao e erro, e melhoria para reduzir passos manuais. Se possivel, encaminhar para Marta Silva, que ja conhece este cliente. Nota do utilizador: sorry pelo detalhe incompleto.",reporting,custom_reports,precisamos esta semana,software_bug / low / support_level_1,feature_request,medium,account_management,Marta Silva
SIS-2026-0736,GrafiNorte SA,printing,Configurar access_rights em password,"Pedido para ajustar permissoes, perfis ou parametros relacionados com acessos. Se possivel, encaminhar para Ana Martins, que ja conhece este cliente. Nota do utilizador: temos prints mas ainda nao anexei.",user_permissions,access_rights,afeta varios utilizadores,feature_request / critical / development,configuration_request,high,technical_support,Ana Martins
SIS-2026-0737,FlexoPrime,printing,URGENTE - Saldo/valores nao batem em export Excel,"A listagem mostra records em falta e totais diferentes entre ecra e relatorio. Se possivel, encaminhar para Rui Costa, que ja conhece este cliente.",reporting,dashboards,afeta varios utilizadores,data_issue / medium / technical_support,data_issue,high,technical_support,Rui Costa
SIS-2026-0738,AlfaForms,forms and labels,Formacao para equipa em KPI,"Entraram novos utilizadores e precisam de formacao sobre export Excel. Querem exemplos praticos para kpi_analysis. Impacto informado: precisamos esta semana. Nota do utilizador: o utilizador diz que ontem funcionava. Mixed note: please check today if possible, the client is confused and tired.",reporting,kpi_analysis,afeta uma equipa,training_needed / medium / account_management,training_needed,medium,account_management,
SIS-2026-0739,LusoPack Embalagens,packaging,Melhoria desejada em ordem de fabrico,"O cliente gostava de uma nova opcao em producao. Nao e erro, e melhoria para reduzir passos manuais. Impacto informado: pode esperar. Nota do utilizador: p.f. confirmar.",production,cost_calculation,quando possivel,infrastructure_problem / high / technical_support,feature_request,low,account_management,
SIS-2026-0740,EuroPackaging PT,packaging,Melhoria desejada em cliente,"O cliente gostava de uma nova opcao em contactos. Nao e erro, e melhoria para reduzir passos manuais. Impacto informado: pode esperar. Nota do utilizador: isto acontece no ambiente real.",CRM,opportunities,duvida simples,software_bug / high / development,feature_request,low,account_management,
SIS-2026-0741,TextilMinho,textile,Bug after update in custos,Estamos a receber stacktrace no work_orders. Parece bug porque o mesmo processo funcionava ontem. Impacto informado: urgente. Nota do utilizador: p.f. confirmar.,production,work_orders,afeta varios utilizadores,software_bug / high / development,software_bug,high,development,
SIS-2026-0742,Braga Print House,printing,Como fazer no ecra de role?,O utilizador pergunta como fazer esta operacao no role. Parece que nao encontra o menu correto para password_policy. Nota do utilizador: sorry pelo detalhe incompleto.,user_permissions,password_policy,pode esperar,client_misunderstanding / low / development,client_misunderstanding,low,support_level_1,
SIS-2026-0743,Braga Print House,printing,Permissoes e settings para API,"Precisamos configurar regras novas no API, especialmente no external_accounting. E uma parametrizacao pedida pela direcao. Nota do utilizador: ja reiniciamos e ficou igual.",integrations,external_accounting,afeta varios utilizadores,software_bug / critical / support_level_1,configuration_request,high,training_consulting,
SIS-2026-0744,PlastiCentro,plastics,Ambiente Sistrade instavel,"Server seems unstable. Login works sometimes, then navigation stops responding. Impacto informado: urgente.",general,navigation,fecho do mes,client_misunderstanding / low / account_management,infrastructure_problem,high,infrastructure,
SIS-2026-0745,EuroPackaging PT,packaging,Configurar work_orders em custos,"Can you change the workflow/template for work_orders? The current settings do not match the client's process. Mixed note: please check today if possible, the client is confused and tired.",production,work_orders,precisamos esta semana,training_needed / critical / account_management,configuration_request,medium,training_consulting,Rui Costa
SIS-2026-0746,Braga Print House,printing,Feature request: stock,"O cliente gostava de uma nova opcao em inventario. Nao e erro, e melhoria para reduzir passos manuais. Impacto informado: impacto moderado. Nota do utilizador: ja reiniciamos e ficou igual.",stock,barcode_labels,afeta uma equipa,feature_request / medium / account_management,feature_request,medium,account_management,
SIS-2026-0747,FlexoPrime,printing,Duvida sobre IVA / tax_validation,"We need help understanding the flow. The client thinks something is missing, but it may be normal behavior in serie de faturacao. Impacto informado: melhoria para analisar.",invoicing,tax_validation,sem urgencia,client_misunderstanding / low / support_level_1,client_misunderstanding,low,support_level_1,
SIS-2026-0748,EuroPackaging PT,packaging,Falha de rede ao abrir login,"Desde esta manha ha problema de certificado, backup ou network e o ambiente fica inacessivel. Impacto informado: fecho do mes. Nota do utilizador: nao sei se e bug ou configuracao.",general,notifications,precisamos ainda hoje,infrastructure_problem / high / infrastructure,infrastructure_problem,high,infrastructure,
SIS-2026-0749,FlexoPrime,printing,Saldo/valores nao batem em KPI,"A listagem mostra records em falta e totais diferentes entre ecra e relatorio. Impacto informado: duvida simples. Nota do utilizador: p.f. confirmar. Mixed note: please check today if possible, the client is confused and tired.",reporting,dashboards,quando possivel,data_issue / low / technical_support,data_issue,low,technical_support,
SIS-2026-0750,FlexoPrime,printing,URGENTE - Dados inconsistentes em dashboard,A listagem mostra records em falta e totais diferentes entre ecra e relatorio. Impacto informado: fecho do mes. Nota do utilizador: o utilizador diz que ontem funcionava.,reporting,custom_reports,cliente a espera,data_issue / high / development,data_issue,high,development,
SIS-2026-0751,AlfaForms,forms and labels,URGENTE - Ambiente Sistrade instavel,"Server seems unstable. Login works sometimes, then edi stops responding. Se possivel, encaminhar para Miguel Santos, que ja conhece este cliente. Nota do utilizador: maybe it is just a setting.",integrations,edi,sem faturar,infrastructure_problem / critical / infrastructure,infrastructure_problem,critical,infrastructure,Miguel Santos
SIS-2026-0752,EtiquetaFina,labels,Dados inconsistentes em custos,"Os dados no producao nao batem certo. Ha registos duplicados e valores estranhos depois de uma importacao CSV. Se possivel, encaminhar para Helena Rocha, que ja conhece este cliente. Impacto informado: afeta varios utilizadores.",production,shop_floor,urgente,data_issue / high / infrastructure,data_issue,high,technical_support,Helena Rocha
SIS-2026-0753,EtiquetaFina,labels,Como fazer no ecra de invoice?,"O utilizador pergunta como fazer esta operacao no serie de faturacao. Parece que nao encontra o menu correto para credit_notes. Impacto informado: melhoria para analisar. Nota do utilizador: o utilizador diz que ontem funcionava. Mixed note: please check today if possible, the client is confused and tired.",invoicing,credit_notes,quando possivel,client_misunderstanding / critical / training_consulting,client_misunderstanding,low,training_consulting,Miguel Santos
SIS-2026-0754,PrintWorks Porto,printing,Training request for work_orders,"A equipa esta a usar mal o processo. Sugerimos uma sessao curta de training para evitar tickets repetidos. Impacto informado: sem urgencia. Nota do utilizador: p.f. confirmar. Mixed note: please check today if possible, the client is confused and tired.",production,work_orders,pode esperar,training_needed / low / training_consulting,training_needed,low,training_consulting,
SIS-2026-0755,PlastiCentro,plastics,Permissoes e settings para pipeline comercial,Can you change the workflow/template for complaints? The current settings do not match the client's process. Nota do utilizador: temos prints mas ainda nao anexei.,CRM,complaints,precisamos esta semana,configuration_request / medium / support_level_1,configuration_request,medium,support_level_1,
SIS-2026-0756,Cartonagem Douro,packaging,Como fazer no ecra de KPI?,O utilizador pergunta como fazer esta operacao no KPI. Parece que nao encontra o menu correto para kpi_analysis. Nota do utilizador: o utilizador diz que ontem funcionava.,reporting,kpi_analysis,precisamos ainda hoje,client_misunderstanding / high / training_consulting,client_misunderstanding,high,training_consulting,
SIS-2026-0757,EtiquetaFina,labels,relatorio bloqueia ao validar excel_export,"After the last update, relatorio started throwing an exception in excel_export. Users repeat the same steps and it crashes. Se possivel, encaminhar para Joao Pereira, que ja conhece este cliente. Impacto informado: cliente a espera. Nota do utilizador: nao sei se e bug ou configuracao.",reporting,excel_export,cliente a espera,software_bug / medium / development,software_bug,high,development,Joao Pereira
SIS-2026-0758,Braga Print House,printing,Need help understanding armazem,"Duvida funcional: onde esta a opcao para stock_movements? Nao parece erro tecnico. Impacto informado: melhoria para analisar. Mixed note: please check today if possible, the client is confused and tired.",stock,stock_movements,melhoria para analisar,feature_request / critical / development,client_misunderstanding,low,support_level_1,
SIS-2026-0759,MetalLabel,industrial manufacturing,Nova opcao para custom_reports,"Feature request para avaliar em roadmap; o processo atual funciona mas tem muito trabalho manual. Impacto informado: acontece algumas vezes. Mixed note: please check today if possible, the client is confused and tired.",reporting,custom_reports,afeta uma equipa,feature_request / medium / infrastructure,feature_request,medium,account_management,
SIS-2026-0760,Braga Print House,printing,VPN/server problem affects external_accounting,"Desde esta manha ha problema de certificado, backup ou network e o ambiente fica inacessivel. Impacto informado: precisamos ainda hoje.",integrations,external_accounting,fecho do mes,infrastructure_problem / high / infrastructure,infrastructure_problem,high,infrastructure,
SIS-2026-0761,AlfaForms,forms and labels,Duvida sobre dashboard / kpi_analysis,Duvida funcional: onde esta a opcao para kpi_analysis? Nao parece erro tecnico. Impacto informado: melhoria para analisar.,reporting,kpi_analysis,duvida simples,client_misunderstanding / low / support_level_1,client_misunderstanding,low,support_level_1,
SIS-2026-0762,PrintWorks Porto,printing,Bug after update in movimentos,"Bom dia, no cliente PrintWorks Porto aparece erro 500 quando tentamos usar stock. O inventory_counts fica bloqueado e nao grava os dados. Impacto informado: fecho do mes.",stock,inventory_counts,cliente a espera,software_bug / high / development,software_bug,high,development,
SIS-2026-0763,EuroPackaging PT,packaging,Bug after update in armazem,Estamos a receber stacktrace no barcode_labels. Parece bug porque o mesmo processo funcionava ontem. Impacto informado: fecho do mes. Nota do utilizador: sorry pelo detalhe incompleto.,stock,barcode_labels,precisamos ainda hoje,software_bug / high / training_consulting,software_bug,high,development,Helena Rocha
SIS-2026-0764,AlfaForms,forms and labels,URGENTE - Timeout/lentidao no acesso a performance,"O sistema esta muito lento e da timeout ao abrir performance. Varios utilizadores reportam falha de rede/VPN. Se possivel, encaminhar para Marta Silva, que ja conhece este cliente. Impacto informado: precisamos ainda hoje. Nota do utilizador: ja reiniciamos e ficou igual. Mixed note: please check today if possible, the client is confused and tired.",general,performance,precisamos ainda hoje,infrastructure_problem / high / technical_support,infrastructure_problem,high,technical_support,Marta Silva
SIS-2026-0765,Cartonagem Douro,packaging,Pedido de parametrizacao para ordem de fabrico,"Can you change the workflow/template for work_orders? The current settings do not match the client's process. Se possivel, encaminhar para Helena Rocha, que ja conhece este cliente.",production,work_orders,acontece algumas vezes,configuration_request / medium / training_consulting,configuration_request,medium,training_consulting,Helena Rocha
SIS-2026-0766,AlfaForms,forms and labels,Alterar workflow/template de external_accounting,"Precisamos configurar regras novas no EDI, especialmente no external_accounting. E uma parametrizacao pedida pela direcao.",integrations,external_accounting,acontece algumas vezes,software_bug / low / support_level_1,configuration_request,medium,training_consulting,
SIS-2026-0767,TextilMinho,textile,Melhoria desejada em stock,Feature request para avaliar em roadmap; o processo atual funciona mas tem muito trabalho manual.,stock,barcode_labels,pode esperar,feature_request / low / account_management,feature_request,low,account_management,
SIS-2026-0768,GrafiNorte SA,printing,VPN/server problem affects api,O sistema esta muito lento e da timeout ao abrir integracao. Varios utilizadores reportam falha de rede/VPN. Impacto informado: producao parada.,integrations,api,ASAP,infrastructure_problem / critical / training_consulting,infrastructure_problem,critical,infrastructure,
SIS-2026-0769,LusoPack Embalagens,packaging,Novos utilizadores precisam treino de login,Precisamos de workshop para explicar o fluxo correto e boas praticas. Impacto informado: afeta uma equipa.,general,login,impacto moderado,data_issue / low / technical_support,training_needed,medium,training_consulting,Rui Costa
SIS-2026-0770,MetalLabel,industrial manufacturing,URGENTE - Erro no shop floor: scheduling nao grava,"Bom dia, no cliente MetalLabel aparece erro 500 quando tentamos usar shop floor. O scheduling fica bloqueado e nao grava os dados. Se possivel, encaminhar para Joao Pereira, que ja conhece este cliente.",production,scheduling,afeta varios utilizadores,software_bug / critical / development,software_bug,high,development,Joao Pereira
SIS-2026-0771,AlfaForms,forms and labels,Duvida sobre performance / navigation,O utilizador pergunta como fazer esta operacao no login. Parece que nao encontra o menu correto para navigation. Impacto informado: quando possivel.,general,navigation,duvida simples,client_misunderstanding / medium / support_level_1,client_misunderstanding,low,support_level_1,Marta Silva
SIS-2026-0772,TextilMinho,textile,Pedido de parametrizacao para fatura,"Precisamos configurar regras novas no fatura, especialmente no e_invoice. E uma parametrizacao pedida pela direcao. Se possivel, encaminhar para Ana Martins, que ja conhece este cliente. Impacto informado: acontece algumas vezes. Nota do utilizador: ja reiniciamos e ficou igual. Mixed note: please check today if possible, the client is confused and tired.",invoicing,e_invoice,precisamos esta semana,configuration_request / medium / account_management,configuration_request,medium,technical_support,Ana Martins
SIS-2026-0773,GrafiNorte SA,printing,Alterar workflow/template de api,Can you change the workflow/template for api? The current settings do not match the client's process. Impacto informado: afeta uma equipa.,integrations,api,acontece algumas vezes,feature_request / low / development,configuration_request,medium,support_level_1,
SIS-2026-0774,PlastiCentro,plastics,URGENTE - serie de faturacao bloqueia ao validar invoice_emission,"After the last update, invoice started throwing an exception in invoice_emission. Users repeat the same steps and it crashes. Impacto informado: precisamos ainda hoje.",invoicing,invoice_emission,precisamos ainda hoje,software_bug / high / technical_support,software_bug,high,technical_support,
SIS-2026-0775,PrintWorks Porto,printing,Duvida sobre CRM / customer_cards,O utilizador pergunta como fazer esta operacao no CRM. Parece que nao encontra o menu correto para customer_cards. Impacto informado: pode esperar.,CRM,customer_cards,sem urgencia,client_misunderstanding / low / training_consulting,client_misunderstanding,low,training_consulting,
SIS-2026-0776,MetalLabel,industrial manufacturing,Duvida sobre lancamentos / saft_export,"Duvida funcional: onde esta a opcao para saft_export? Nao parece erro tecnico. Se possivel, encaminhar para Ana Martins, que ja conhece este cliente. Impacto informado: pode esperar. Nota do utilizador: nao sei se e bug ou configuracao. Mixed note: please check today if possible, the client is confused and tired.",accounting,saft_export,duvida simples,client_misunderstanding / medium / support_level_1,client_misunderstanding,low,support_level_1,Ana Martins
SIS-2026-0777,FlexoPrime,printing,URGENTE - Permissoes e settings para acessos,"Pedido para ajustar permissoes, perfis ou parametros relacionados com role. Impacto informado: sem faturar. Nota do utilizador: o utilizador diz que ontem funcionava.",user_permissions,roles_profiles,critico,configuration_request / critical / support_level_1,configuration_request,critical,support_level_1,
SIS-2026-0778,MetalLabel,industrial manufacturing,Permissoes e settings para ecommerce,Can you change the workflow/template for webservices? The current settings do not match the client's process. Impacto informado: impacto moderado. Nota do utilizador: temos prints mas ainda nao anexei.,integrations,webservices,acontece algumas vezes,configuration_request / high / technical_support,configuration_request,medium,technical_support,Joao Pereira
SIS-2026-0779,FlexoPrime,printing,Erro no fatura: e_invoice nao grava,"Estamos a receber stacktrace no e_invoice. Parece bug porque o mesmo processo funcionava ontem. Impacto informado: afeta varios utilizadores. Mixed note: please check today if possible, the client is confused and tired.",invoicing,e_invoice,precisamos ainda hoje,data_issue / critical / technical_support,software_bug,high,development,
SIS-2026-0780,EuroPackaging PT,packaging,URGENTE - Bug after update in webservice,Estamos a receber stacktrace no webservices. Parece bug porque o mesmo processo funcionava ontem. Impacto informado: precisamos ainda hoje.,integrations,webservices,urgente,training_needed / critical / account_management,software_bug,high,development,
SIS-2026-0781,PlastiCentro,plastics,Duplicados depois de upload para stock_movements,"Depois do upload, o stock_movements ficou com saldos incorretos. O cliente diz que o Excel original esta correto. Impacto informado: cliente a espera. Nota do utilizador: sorry pelo detalhe incompleto.",stock,stock_movements,fecho do mes,data_issue / high / support_level_1,data_issue,high,support_level_1,
SIS-2026-0782,AlfaForms,forms and labels,Utilizador nao encontra opcao em e_invoice,O utilizador pergunta como fazer esta operacao no factura. Parece que nao encontra o menu correto para e_invoice. Impacto informado: impacto moderado. Nota do utilizador: p.f. confirmar.,invoicing,e_invoice,afeta uma equipa,configuration_request / low / support_level_1,client_misunderstanding,medium,training_consulting,
SIS-2026-0783,MetalLabel,industrial manufacturing,Saldo/valores nao batem em dashboard,"Os dados no analise nao batem certo. Ha registos duplicados e valores estranhos depois de uma importacao CSV. Impacto informado: impacto moderado. Nota do utilizador: p.f. confirmar. Mixed note: please check today if possible, the client is confused and tired.",reporting,excel_export,afeta uma equipa,infrastructure_problem / critical / training_consulting,data_issue,medium,account_management,
SIS-2026-0784,FlexoPrime,printing,Permissoes e settings para relatorio,"Pedido para ajustar permissoes, perfis ou parametros relacionados com KPI. Nota do utilizador: sorry pelo detalhe incompleto.",reporting,dashboards,sem faturar,configuration_request / critical / support_level_1,configuration_request,critical,development,Joao Pereira
SIS-2026-0785,TextilMinho,textile,URGENTE - Erro no movimentos: stock_movements nao grava,"Bom dia, no cliente TextilMinho aparece erro 500 quando tentamos usar barcode. O stock_movements fica bloqueado e nao grava os dados. Impacto informado: urgente. Nota do utilizador: o utilizador diz que ontem funcionava.",stock,stock_movements,afeta varios utilizadores,software_bug / high / training_consulting,software_bug,high,technical_support,
SIS-2026-0786,PrintWorks Porto,printing,Configurar cost_calculation em shop floor,"Pedido para ajustar permissoes, perfis ou parametros relacionados com custos. Impacto informado: precisamos esta semana. Mixed note: please check today if possible, the client is confused and tired.",production,cost_calculation,afeta uma equipa,configuration_request / critical / training_consulting,configuration_request,medium,development,
SIS-2026-0787,MetalLabel,industrial manufacturing,URGENTE - Saldo/valores nao batem em barcode,Os dados no barcode nao batem certo. Ha registos duplicados e valores estranhos depois de uma importacao CSV. Impacto informado: precisamos ainda hoje. Nota do utilizador: maybe it is just a setting.,stock,barcode_labels,fecho do mes,data_issue / high / support_level_1,data_issue,high,support_level_1,
SIS-2026-0788,FlexoPrime,printing,URGENTE - Duvida sobre armazem / barcode_labels,O utilizador pergunta como fazer esta operacao no armazem. Parece que nao encontra o menu correto para barcode_labels. Impacto informado: precisamos ainda hoje. Nota do utilizador: isto acontece no ambiente real.,stock,barcode_labels,fecho do mes,client_misunderstanding / high / support_level_1,client_misunderstanding,high,support_level_1,
SIS-2026-0789,EtiquetaFina,labels,Duvida sobre movimentos / inventory_counts,"We need help understanding the flow. The client thinks something is missing, but it may be normal behavior in barcode. Se possivel, encaminhar para Rui Costa, que ja conhece este cliente.",stock,inventory_counts,acontece algumas vezes,client_misunderstanding / medium / support_level_1,client_misunderstanding,medium,support_level_1,Rui Costa
SIS-2026-0790,Braga Print House,printing,Bug after update in ordem de fabrico,"Bom dia, no cliente Braga Print House aparece erro 500 quando tentamos usar planeamento. O scheduling fica bloqueado e nao grava os dados. Se possivel, encaminhar para Miguel Santos, que ja conhece este cliente. Impacto informado: sem urgencia. Nota do utilizador: sorry pelo detalhe incompleto. Mixed note: please check today if possible, the client is confused and tired.",production,scheduling,pode esperar,software_bug / low / development,software_bug,low,development,Miguel Santos
SIS-2026-0791,FlexoPrime,printing,URGENTE - Alterar workflow/template de invoice_emission,"Pedido para ajustar permissoes, perfis ou parametros relacionados com fatura. Impacto informado: afeta varios utilizadores. Nota do utilizador: isto acontece no ambiente real.",invoicing,invoice_emission,afeta varios utilizadores,configuration_request / high / technical_support,configuration_request,high,technical_support,
SIS-2026-0792,LusoPack Embalagens,packaging,Erro no webservice: external_accounting nao grava,"After the last update, API started throwing an exception in external_accounting. Users repeat the same steps and it crashes. Nota do utilizador: maybe it is just a setting.",integrations,external_accounting,sem faturar,software_bug / critical / technical_support,software_bug,critical,technical_support,
SIS-2026-0793,EuroPackaging PT,packaging,Exception quando usamos shop_floor,Estamos a receber stacktrace no shop_floor. Parece bug porque o mesmo processo funcionava ontem. Nota do utilizador: sorry pelo detalhe incompleto.,production,shop_floor,fecho do mes,software_bug / high / technical_support,software_bug,high,technical_support,
SIS-2026-0794,Cartonagem Douro,packaging,Duvida sobre permissoes / roles_profiles,O utilizador pergunta como fazer esta operacao no password. Parece que nao encontra o menu correto para roles_profiles.,user_permissions,roles_profiles,sem urgencia,client_misunderstanding / low / support_level_1,client_misunderstanding,low,support_level_1,
SIS-2026-0795,GrafiNorte SA,printing,Exception quando usamos credit_notes,"Estamos a receber stacktrace no credit_notes. Parece bug porque o mesmo processo funcionava ontem. Se possivel, encaminhar para Helena Rocha, que ja conhece este cliente. Impacto informado: acontece algumas vezes. Nota do utilizador: maybe it is just a setting.",invoicing,credit_notes,impacto moderado,software_bug / low / technical_support,software_bug,medium,technical_support,Helena Rocha
SIS-2026-0796,AlfaForms,forms and labels,Duplicados depois de upload para excel_export,"Depois do upload, o excel_export ficou com saldos incorretos. O cliente diz que o Excel original esta correto. Se possivel, encaminhar para Ana Martins, que ja conhece este cliente. Impacto informado: precisamos ainda hoje.",reporting,excel_export,fecho do mes,data_issue / high / technical_support,data_issue,high,technical_support,Ana Martins
SIS-2026-0797,AlfaForms,forms and labels,Pedido de parametrizacao para invoice,"Precisamos configurar regras novas no factura, especialmente no credit_notes. E uma parametrizacao pedida pela direcao. Impacto informado: afeta uma equipa.",invoicing,credit_notes,precisamos esta semana,configuration_request / critical / support_level_1,configuration_request,medium,support_level_1,
SIS-2026-0798,Cartonagem Douro,packaging,Erro no armazem: barcode_labels nao grava,"Bom dia, no cliente Cartonagem Douro aparece erro 500 quando tentamos usar stock. O barcode_labels fica bloqueado e nao grava os dados. Impacto informado: impacto moderado. Nota do utilizador: p.f. confirmar. Mixed note: please check today if possible, the client is confused and tired.",stock,barcode_labels,precisamos esta semana,training_needed / high / training_consulting,software_bug,medium,development,
SIS-2026-0799,TextilMinho,textile,Alterar workflow/template de dashboards,"Precisamos configurar regras novas no analise, especialmente no dashboards. E uma parametrizacao pedida pela direcao. Nota do utilizador: nao sei se e bug ou configuracao.",reporting,dashboards,afeta uma equipa,configuration_request / medium / technical_support,configuration_request,medium,technical_support,Ana Martins
SIS-2026-0800,Cartonagem Douro,packaging,Seria possivel adicionar regra em dashboards?,"O cliente gostava de uma nova opcao em dashboard. Nao e erro, e melhoria para reduzir passos manuais. Impacto informado: melhoria para analisar. Nota do utilizador: temos prints mas ainda nao anexei. Mixed note: please check today if possible, the client is confused and tired.",reporting,dashboards,sem urgencia,feature_request / low / technical_support,feature_request,low,development,
SIS-2026-0801,Braga Print House,printing,Duvida sobre custos / cost_calculation,Duvida funcional: onde esta a opcao para cost_calculation? Nao parece erro tecnico. Impacto informado: pode esperar.,production,cost_calculation,melhoria para analisar,client_misunderstanding / low / account_management,client_misunderstanding,low,support_level_1,
SIS-2026-0802,FlexoPrime,printing,Utilizador nao encontra opcao em e_invoice,"We need help understanding the flow. The client thinks something is missing, but it may be normal behavior in invoice. Mixed note: please check today if possible, the client is confused and tired.",invoicing,e_invoice,melhoria para analisar,client_misunderstanding / low / training_consulting,client_misunderstanding,low,training_consulting,Miguel Santos
SIS-2026-0803,LusoPack Embalagens,packaging,Nova opcao para cost_calculation,"O cliente gostava de uma nova opcao em shop floor. Nao e erro, e melhoria para reduzir passos manuais. Impacto informado: acontece algumas vezes.",production,cost_calculation,impacto moderado,feature_request / medium / support_level_1,feature_request,medium,development,
SIS-2026-0804,PlastiCentro,plastics,Utilizador nao encontra opcao em login,Duvida funcional: onde esta a opcao para login? Nao parece erro tecnico.,general,login,afeta uma equipa,client_misunderstanding / medium / support_level_1,client_misunderstanding,medium,support_level_1,
SIS-2026-0805,Braga Print House,printing,Timeout/lentidao no acesso a API,"Desde esta manha ha problema de certificado, backup ou network e o ambiente fica inacessivel. Impacto informado: ASAP.",integrations,edi,todos os utilizadores bloqueados,infrastructure_problem / critical / development,infrastructure_problem,critical,infrastructure,
SIS-2026-0806,EtiquetaFina,labels,Duplicados depois de upload para bank_reconciliation,A listagem mostra records em falta e totais diferentes entre ecra e relatorio. Nota do utilizador: ja reiniciamos e ficou igual.,accounting,bank_reconciliation,precisamos esta semana,data_issue / medium / support_level_1,data_issue,medium,support_level_1,
SIS-2026-0807,MetalLabel,industrial manufacturing,Need help understanding analise,Duvida funcional: onde esta a opcao para dashboards? Nao parece erro tecnico. Impacto informado: pode esperar.,reporting,dashboards,duvida simples,infrastructure_problem / medium / infrastructure,client_misunderstanding,low,support_level_1,
SIS-2026-0808,EuroPackaging PT,packaging,Dados inconsistentes em stock,"Os dados no movimentos nao batem certo. Ha registos duplicados e valores estranhos depois de uma importacao CSV. Se possivel, encaminhar para Rui Costa, que ja conhece este cliente.",stock,stock_movements,acontece algumas vezes,data_issue / medium / development,data_issue,medium,support_level_1,Rui Costa
SIS-2026-0809,PrintWorks Porto,printing,Novos utilizadores precisam treino de login,"Entraram novos utilizadores e precisam de formacao sobre ambiente. Querem exemplos praticos para login. Se possivel, encaminhar para Joao Pereira, que ja conhece este cliente. Impacto informado: urgente. Nota do utilizador: sorry pelo detalhe incompleto. Mixed note: please check today if possible, the client is confused and tired.",general,login,precisamos ainda hoje,training_needed / high / support_level_1,training_needed,high,training_consulting,Joao Pereira
SIS-2026-0810,EuroPackaging PT,packaging,Need help understanding oportunidade,"We need help understanding the flow. The client thinks something is missing, but it may be normal behavior in CRM. Impacto informado: sem urgencia. Nota do utilizador: o utilizador diz que ontem funcionava. Mixed note: please check today if possible, the client is confused and tired.",CRM,customer_cards,pode esperar,client_misunderstanding / low / support_level_1,client_misunderstanding,low,support_level_1,
SIS-2026-0811,MetalLabel,industrial manufacturing,Need help understanding invoice,"We need help understanding the flow. The client thinks something is missing, but it may be normal behavior in IVA. Impacto informado: acontece algumas vezes.",invoicing,tax_validation,impacto moderado,software_bug / low / technical_support,client_misunderstanding,medium,support_level_1,
SIS-2026-0812,FlexoPrime,printing,URGENTE - Exception quando usamos kpi_analysis,Estamos a receber stacktrace no kpi_analysis. Parece bug porque o mesmo processo funcionava ontem. Impacto informado: cannot invoice. Nota do utilizador: nao sei se e bug ou configuracao.,reporting,kpi_analysis,todos os utilizadores bloqueados,software_bug / high / development,software_bug,critical,development,
SIS-2026-0813,EtiquetaFina,labels,Utilizador nao encontra opcao em customer_cards,"Duvida funcional: onde esta a opcao para customer_cards? Nao parece erro tecnico. Impacto informado: impacto moderado. Nota do utilizador: temos prints mas ainda nao anexei. Mixed note: please check today if possible, the client is confused and tired.",CRM,customer_cards,afeta uma equipa,configuration_request / high / training_consulting,client_misunderstanding,medium,support_level_1,
SIS-2026-0814,GrafiNorte SA,printing,Erro no movimentos: stock_movements nao grava,"After the last update, barcode started throwing an exception in stock_movements. Users repeat the same steps and it crashes. Impacto informado: impacto moderado.",stock,stock_movements,impacto moderado,software_bug / medium / development,software_bug,medium,development,
SIS-2026-0815,TextilMinho,textile,VPN/server problem affects notifications,O sistema esta muito lento e da timeout ao abrir performance. Varios utilizadores reportam falha de rede/VPN. Impacto informado: afeta uma equipa. Nota do utilizador: temos prints mas ainda nao anexei.,general,notifications,precisamos esta semana,configuration_request / low / support_level_1,infrastructure_problem,medium,technical_support,
SIS-2026-0816,Braga Print House,printing,Alterar workflow/template de inventory_counts,"Precisamos configurar regras novas no barcode, especialmente no inventory_counts. E uma parametrizacao pedida pela direcao. Se possivel, encaminhar para Miguel Santos, que ja conhece este cliente. Mixed note: please check today if possible, the client is confused and tired.",stock,inventory_counts,acontece algumas vezes,configuration_request / medium / technical_support,configuration_request,medium,technical_support,Miguel Santos
SIS-2026-0817,Cartonagem Douro,packaging,Erro no planeamento: scheduling nao grava,"Bom dia, no cliente Cartonagem Douro aparece erro 500 quando tentamos usar shop floor. O scheduling fica bloqueado e nao grava os dados. Impacto informado: precisamos esta semana. Nota do utilizador: temos prints mas ainda nao anexei.",production,scheduling,afeta uma equipa,software_bug / high / technical_support,software_bug,medium,technical_support,
SIS-2026-0818,PrintWorks Porto,printing,Formacao para equipa em login,Precisamos de workshop para explicar o fluxo correto e boas praticas. Nota do utilizador: sorry pelo detalhe incompleto.,general,notifications,pode esperar,training_needed / high / support_level_1,training_needed,low,support_level_1,
SIS-2026-0819,FlexoPrime,printing,Nova opcao para e_invoice,"O cliente gostava de uma nova opcao em factura. Nao e erro, e melhoria para reduzir passos manuais. Se possivel, encaminhar para Ana Martins, que ja conhece este cliente. Nota do utilizador: ja reiniciamos e ficou igual.",invoicing,e_invoice,impacto moderado,feature_request / medium / support_level_1,feature_request,medium,support_level_1,Ana Martins
SIS-2026-0820,GrafiNorte SA,printing,Bug after update in fatura,"After the last update, fatura started throwing an exception in e_invoice. Users repeat the same steps and it crashes. Se possivel, encaminhar para Helena Rocha, que ja conhece este cliente. Impacto informado: deadline hoje.",invoicing,e_invoice,cannot invoice,software_bug / critical / development,software_bug,critical,development,Helena Rocha
SIS-2026-0821,PlastiCentro,plastics,Exception quando usamos vat_report,"Estamos a receber stacktrace no vat_report. Parece bug porque o mesmo processo funcionava ontem. Impacto informado: afeta uma equipa. Mixed note: please check today if possible, the client is confused and tired.",accounting,vat_report,afeta uma equipa,software_bug / medium / development,software_bug,medium,development,
SIS-2026-0822,TextilMinho,textile,URGENTE - Configurar scheduling em planeamento,Can you change the workflow/template for scheduling? The current settings do not match the client's process. Impacto informado: precisamos ainda hoje. Nota do utilizador: p.f. confirmar.,production,scheduling,fecho do mes,configuration_request / high / technical_support,configuration_request,high,technical_support,
SIS-2026-0823,AlfaForms,forms and labels,Exception quando usamos scheduling,"After the last update, ordem de fabrico started throwing an exception in scheduling. Users repeat the same steps and it crashes. Impacto informado: fecho do mes. Mixed note: please check today if possible, the client is confused and tired.",production,scheduling,cliente a espera,configuration_request / medium / infrastructure,software_bug,high,development,
SIS-2026-0824,Braga Print House,printing,Pedido de parametrizacao para analise,Can you change the workflow/template for kpi_analysis? The current settings do not match the client's process. Nota do utilizador: p.f. confirmar.,reporting,kpi_analysis,precisamos esta semana,data_issue / high / technical_support,configuration_request,medium,training_consulting,
SIS-2026-0825,PrintWorks Porto,printing,relatorio bloqueia ao validar excel_export,Estamos a receber stacktrace no excel_export. Parece bug porque o mesmo processo funcionava ontem. Nota do utilizador: p.f. confirmar.,reporting,excel_export,cannot invoice,software_bug / medium / development,software_bug,critical,development,
SIS-2026-0826,EtiquetaFina,labels,URGENTE - Duplicados depois de upload para journal_entries,"Depois do upload, o journal_entries ficou com saldos incorretos. O cliente diz que o Excel original esta correto. Impacto informado: cliente a espera. Nota do utilizador: isto acontece no ambiente real.",accounting,journal_entries,urgente,data_issue / high / development,data_issue,high,development,Ana Martins
SIS-2026-0827,Braga Print House,printing,Dados inconsistentes em CRM,"A listagem mostra records em falta e totais diferentes entre ecra e relatorio. Impacto informado: afeta varios utilizadores. Mixed note: please check today if possible, the client is confused and tired.",CRM,complaints,cliente a espera,feature_request / low / support_level_1,data_issue,high,account_management,
SIS-2026-0828,EuroPackaging PT,packaging,URGENTE - Ambiente Sistrade instavel,O sistema esta muito lento e da timeout ao abrir invoice. Varios utilizadores reportam falha de rede/VPN.,invoicing,e_invoice,ASAP,infrastructure_problem / critical / infrastructure,infrastructure_problem,critical,infrastructure,
SIS-2026-0829,EuroPackaging PT,packaging,Dados inconsistentes em relatorio,"Depois do upload, o excel_export ficou com saldos incorretos. O cliente diz que o Excel original esta correto. Nota do utilizador: sorry pelo detalhe incompleto.",reporting,excel_export,urgente,data_issue / low / development,data_issue,high,account_management,
SIS-2026-0830,EuroPackaging PT,packaging,Ambiente Sistrade instavel,"Server seems unstable. Login works sometimes, then webservices stops responding. Nota do utilizador: isto acontece no ambiente real.",integrations,webservices,afeta uma equipa,infrastructure_problem / medium / development,infrastructure_problem,medium,infrastructure,
SIS-2026-0831,EuroPackaging PT,packaging,URGENTE - Erro no movimentos: stock_movements nao grava,"After the last update, barcode started throwing an exception in stock_movements. Users repeat the same steps and it crashes. Se possivel, encaminhar para Helena Rocha, que ja conhece este cliente. Impacto informado: afeta varios utilizadores. Nota do utilizador: ja reiniciamos e ficou igual.",stock,stock_movements,afeta varios utilizadores,software_bug / high / development,software_bug,high,development,Helena Rocha
SIS-2026-0832,Cartonagem Douro,packaging,Seria possivel adicionar regra em barcode_labels?,"O cliente gostava de uma nova opcao em barcode. Nao e erro, e melhoria para reduzir passos manuais. Impacto informado: melhoria para analisar. Nota do utilizador: maybe it is just a setting. Mixed note: please check today if possible, the client is confused and tired.",stock,barcode_labels,sem urgencia,feature_request / low / training_consulting,feature_request,low,development,
SIS-2026-0833,MetalLabel,industrial manufacturing,Como fazer no ecra de factura?,"We need help understanding the flow. The client thinks something is missing, but it may be normal behavior in factura. Impacto informado: quando possivel. Mixed note: please check today if possible, the client is confused and tired.",invoicing,credit_notes,sem urgencia,client_misunderstanding / low / support_level_1,client_misunderstanding,low,support_level_1,Helena Rocha
SIS-2026-0834,MetalLabel,industrial manufacturing,URGENTE - Importacao criou registos errados no journal_entries,"Depois do upload, o journal_entries ficou com saldos incorretos. O cliente diz que o Excel original esta correto. Impacto informado: urgente.",accounting,journal_entries,precisamos ainda hoje,data_issue / high / account_management,data_issue,high,account_management,
SIS-2026-0835,MetalLabel,industrial manufacturing,Nova opcao para bank_reconciliation,Seria possivel adicionar uma regra extra no bank_reconciliation? Hoje fazem isto fora do sistema. Impacto informado: acontece algumas vezes. Nota do utilizador: maybe it is just a setting.,accounting,bank_reconciliation,impacto moderado,feature_request / medium / support_level_1,feature_request,medium,support_level_1,
SIS-2026-0836,TextilMinho,textile,Novos utilizadores precisam treino de vat_report,Entraram novos utilizadores e precisam de formacao sobre contabilidade. Querem exemplos praticos para vat_report. Nota do utilizador: o utilizador diz que ontem funcionava.,accounting,vat_report,melhoria para analisar,training_needed / low / training_consulting,training_needed,low,training_consulting,Rui Costa
SIS-2026-0837,MetalLabel,industrial manufacturing,contabilidade bloqueia ao validar vat_report,"Bom dia, no cliente MetalLabel aparece erro 500 quando tentamos usar IVA. O vat_report fica bloqueado e nao grava os dados. Nota do utilizador: maybe it is just a setting. Mixed note: please check today if possible, the client is confused and tired.",accounting,vat_report,impacto moderado,software_bug / critical / technical_support,software_bug,medium,technical_support,
SIS-2026-0838,Braga Print House,printing,Timeout/lentidao no acesso a analise,"Desde esta manha ha problema de certificado, backup ou network e o ambiente fica inacessivel.",reporting,kpi_analysis,ASAP,infrastructure_problem / critical / infrastructure,infrastructure_problem,critical,infrastructure,
SIS-2026-0839,FlexoPrime,printing,Erro no CRM: commercial_pipeline nao grava,"Bom dia, no cliente FlexoPrime aparece erro 500 quando tentamos usar contactos. O commercial_pipeline fica bloqueado e nao grava os dados. Se possivel, encaminhar para Marta Silva, que ja conhece este cliente. Impacto informado: sem faturar. Nota do utilizador: ja reiniciamos e ficou igual.",CRM,commercial_pipeline,deadline hoje,software_bug / critical / technical_support,software_bug,critical,technical_support,Marta Silva
SIS-2026-0840,PrintWorks Porto,printing,URGENTE - Erro no contactos: customer_cards nao grava,Estamos a receber stacktrace no customer_cards. Parece bug porque o mesmo processo funcionava ontem. Impacto informado: precisamos ainda hoje. Nota do utilizador: sorry pelo detalhe incompleto.,CRM,customer_cards,cliente a espera,software_bug / high / technical_support,software_bug,high,development,
SIS-2026-0841,Braga Print House,printing,Duvida sobre dashboard / custom_reports,O utilizador pergunta como fazer esta operacao no dashboard. Parece que nao encontra o menu correto para custom_reports.,reporting,custom_reports,duvida simples,client_misunderstanding / low / support_level_1,client_misunderstanding,low,support_level_1,
SIS-2026-0842,EtiquetaFina,labels,Need help understanding performance,"Duvida funcional: onde esta a opcao para login? Nao parece erro tecnico. Impacto informado: melhoria para analisar. Nota do utilizador: o utilizador diz que ontem funcionava. Mixed note: please check today if possible, the client is confused and tired.",general,login,melhoria para analisar,client_misunderstanding / critical / account_management,client_misunderstanding,low,training_consulting,
SIS-2026-0843,AlfaForms,forms and labels,URGENTE - VPN/server problem affects roles_profiles,"Desde esta manha ha problema de certificado, backup ou network e o ambiente fica inacessivel. Se possivel, encaminhar para Joao Pereira, que ja conhece este cliente. Impacto informado: fecho do mes.",user_permissions,roles_profiles,precisamos ainda hoje,infrastructure_problem / high / technical_support,infrastructure_problem,high,infrastructure,Joao Pereira
SIS-2026-0844,Cartonagem Douro,packaging,Permissoes e settings para role,"Pedido para ajustar permissoes, perfis ou parametros relacionados com permissoes. Impacto informado: impacto moderado. Nota do utilizador: sorry pelo detalhe incompleto.",user_permissions,roles_profiles,impacto moderado,data_issue / high / support_level_1,configuration_request,medium,training_consulting,
SIS-2026-0845,EtiquetaFina,labels,Novos utilizadores precisam treino de work_orders,"Entraram novos utilizadores e precisam de formacao sobre custos. Querem exemplos praticos para work_orders. Impacto informado: melhoria para analisar. Mixed note: please check today if possible, the client is confused and tired.",production,work_orders,pode esperar,training_needed / low / training_consulting,training_needed,low,training_consulting,
SIS-2026-0846,EtiquetaFina,labels,Alterar workflow/template de dashboards,"Pedido para ajustar permissoes, perfis ou parametros relacionados com KPI. Impacto informado: acontece algumas vezes. Nota do utilizador: o utilizador diz que ontem funcionava.",reporting,dashboards,acontece algumas vezes,configuration_request / medium / technical_support,configuration_request,medium,technical_support,
SIS-2026-0847,TextilMinho,textile,URGENTE - Duplicados depois de upload para dashboards,Os dados no dashboard nao batem certo. Ha registos duplicados e valores estranhos depois de uma importacao CSV.,reporting,dashboards,fecho do mes,data_issue / high / account_management,data_issue,high,account_management,
SIS-2026-0848,FlexoPrime,printing,URGENTE - Timeout/lentidao no acesso a dashboard,"Server seems unstable. Login works sometimes, then excel_export stops responding. Impacto informado: precisamos ainda hoje.",reporting,excel_export,urgente,feature_request / medium / account_management,infrastructure_problem,high,infrastructure,
SIS-2026-0849,EuroPackaging PT,packaging,Training request for e_invoice,"A equipa esta a usar mal o processo. Sugerimos uma sessao curta de training para evitar tickets repetidos. Se possivel, encaminhar para Joao Pereira, que ja conhece este cliente. Impacto informado: impacto moderado.",invoicing,e_invoice,precisamos esta semana,data_issue / low / technical_support,training_needed,medium,account_management,Joao Pereira
SIS-2026-0850,AlfaForms,forms and labels,Duvida sobre movimentos / inventory_counts,Duvida funcional: onde esta a opcao para inventory_counts? Nao parece erro tecnico. Impacto informado: acontece algumas vezes.,stock,inventory_counts,precisamos esta semana,client_misunderstanding / medium / training_consulting,client_misunderstanding,medium,training_consulting,
SIS-2026-0851,TextilMinho,textile,URGENTE - CRM bloqueia ao validar customer_cards,"Estamos a receber stacktrace no customer_cards. Parece bug porque o mesmo processo funcionava ontem. Impacto informado: fecho do mes. Nota do utilizador: nao sei se e bug ou configuracao. Mixed note: please check today if possible, the client is confused and tired.",CRM,customer_cards,precisamos ainda hoje,training_needed / low / infrastructure,software_bug,high,support_level_1,Miguel Santos
SIS-2026-0852,PrintWorks Porto,printing,Erro no relatorio: kpi_analysis nao grava,"Bom dia, no cliente PrintWorks Porto aparece erro 500 quando tentamos usar analise. O kpi_analysis fica bloqueado e nao grava os dados. Impacto informado: fecho do mes.",reporting,kpi_analysis,urgente,infrastructure_problem / medium / infrastructure,software_bug,high,development,Miguel Santos
SIS-2026-0853,PrintWorks Porto,printing,Dados inconsistentes em producao,A listagem mostra records em falta e totais diferentes entre ecra e relatorio. Impacto informado: acontece algumas vezes.,production,scheduling,impacto moderado,data_issue / high / account_management,data_issue,medium,account_management,Miguel Santos
SIS-2026-0854,EtiquetaFina,labels,Configurar password_policy em acessos,Can you change the workflow/template for password_policy? The current settings do not match the client's process. Impacto informado: precisamos esta semana.,user_permissions,password_policy,afeta uma equipa,configuration_request / low / technical_support,configuration_request,medium,technical_support,Ana Martins
SIS-2026-0855,TextilMinho,textile,Seria possivel adicionar regra em opportunities?,Feature request para avaliar em roadmap; o processo atual funciona mas tem muito trabalho manual. Impacto informado: precisamos esta semana.,CRM,opportunities,acontece algumas vezes,feature_request / low / account_management,feature_request,medium,account_management,Miguel Santos
SIS-2026-0856,Braga Print House,printing,VPN/server problem affects notifications,O sistema esta muito lento e da timeout ao abrir performance. Varios utilizadores reportam falha de rede/VPN. Nota do utilizador: isto acontece no ambiente real.,general,notifications,cliente a espera,infrastructure_problem / high / infrastructure,infrastructure_problem,high,infrastructure,Rui Costa
SIS-2026-0857,MetalLabel,industrial manufacturing,URGENTE - contabilidade bloqueia ao validar saft_export,"Bom dia, no cliente MetalLabel aparece erro 500 quando tentamos usar lancamentos. O saft_export fica bloqueado e nao grava os dados. Impacto informado: cliente a espera. Nota do utilizador: isto acontece no ambiente real. Mixed note: please check today if possible, the client is confused and tired.",accounting,saft_export,cliente a espera,software_bug / low / training_consulting,software_bug,high,development,
SIS-2026-0858,LusoPack Embalagens,packaging,Permissoes e settings para ordem de fabrico,Can you change the workflow/template for scheduling? The current settings do not match the client's process. Impacto informado: afeta uma equipa. Nota do utilizador: nao sei se e bug ou configuracao.,production,scheduling,acontece algumas vezes,infrastructure_problem / low / account_management,configuration_request,medium,training_consulting,
SIS-2026-0859,PlastiCentro,plastics,IVA bloqueia ao validar credit_notes,"After the last update, serie de faturacao started throwing an exception in credit_notes. Users repeat the same steps and it crashes. Nota do utilizador: isto acontece no ambiente real. Mixed note: please check today if possible, the client is confused and tired.",invoicing,credit_notes,fecho do mes,configuration_request / critical / development,software_bug,high,technical_support,
SIS-2026-0860,MetalLabel,industrial manufacturing,Pedido de parametrizacao para EDI,Can you change the workflow/template for webservices? The current settings do not match the client's process. Impacto informado: impacto moderado.,integrations,webservices,acontece algumas vezes,configuration_request / high / technical_support,configuration_request,medium,technical_support,
SIS-2026-0861,EuroPackaging PT,packaging,Need help understanding role,"O utilizador pergunta como fazer esta operacao no acessos. Parece que nao encontra o menu correto para password_policy. Se possivel, encaminhar para Ana Martins, que ja conhece este cliente. Impacto informado: afeta uma equipa.",user_permissions,password_policy,precisamos esta semana,feature_request / critical / technical_support,client_misunderstanding,medium,support_level_1,Ana Martins
SIS-2026-0862,PlastiCentro,plastics,Need help understanding cliente,"We need help understanding the flow. The client thinks something is missing, but it may be normal behavior in CRM. Se possivel, encaminhar para Miguel Santos, que ja conhece este cliente. Impacto informado: precisamos esta semana. Nota do utilizador: temos prints mas ainda nao anexei.",CRM,customer_cards,impacto moderado,feature_request / critical / infrastructure,client_misunderstanding,medium,support_level_1,Miguel Santos
SIS-2026-0863,EuroPackaging PT,packaging,Novos utilizadores precisam treino de barcode_labels,"Precisamos de workshop para explicar o fluxo correto e boas praticas. Se possivel, encaminhar para Miguel Santos, que ja conhece este cliente. Nota do utilizador: ja reiniciamos e ficou igual.",stock,barcode_labels,melhoria para analisar,software_bug / medium / technical_support,training_needed,low,training_consulting,Miguel Santos
SIS-2026-0864,LusoPack Embalagens,packaging,Bug after update in analise,"Estamos a receber stacktrace no kpi_analysis. Parece bug porque o mesmo processo funcionava ontem. Se possivel, encaminhar para Ana Martins, que ja conhece este cliente. Impacto informado: impacto moderado. Nota do utilizador: ja reiniciamos e ficou igual.",reporting,kpi_analysis,acontece algumas vezes,software_bug / medium / training_consulting,software_bug,medium,technical_support,Ana Martins
SIS-2026-0865,EuroPackaging PT,packaging,Permissoes e settings para acessos,"Precisamos configurar regras novas no password, especialmente no access_rights. E uma parametrizacao pedida pela direcao.",user_permissions,access_rights,impacto moderado,feature_request / critical / development,configuration_request,medium,training_consulting,
SIS-2026-0866,EuroPackaging PT,packaging,Importacao criou registos errados no bank_reconciliation,Os dados no contabilidade nao batem certo. Ha registos duplicados e valores estranhos depois de uma importacao CSV. Impacto informado: acontece algumas vezes. Nota do utilizador: nao sei se e bug ou configuracao.,accounting,bank_reconciliation,precisamos esta semana,training_needed / high / development,data_issue,medium,account_management,
SIS-2026-0867,TextilMinho,textile,Permissoes e settings para barcode,Can you change the workflow/template for stock_movements? The current settings do not match the client's process. Impacto informado: duvida simples. Nota do utilizador: maybe it is just a setting.,stock,stock_movements,pode esperar,software_bug / high / development,configuration_request,low,technical_support,
SIS-2026-0868,Cartonagem Douro,packaging,Dados inconsistentes em armazem,"A listagem mostra records em falta e totais diferentes entre ecra e relatorio. Se possivel, encaminhar para Joao Pereira, que ja conhece este cliente. Impacto informado: melhoria para analisar. Nota do utilizador: temos prints mas ainda nao anexei. Mixed note: please check today if possible, the client is confused and tired.",stock,barcode_labels,melhoria para analisar,infrastructure_problem / critical / training_consulting,data_issue,low,technical_support,Joao Pereira
SIS-2026-0869,Cartonagem Douro,packaging,Exception quando usamos external_accounting,"Bom dia, no cliente Cartonagem Douro aparece erro 500 quando tentamos usar integracao. O external_accounting fica bloqueado e nao grava os dados. Impacto informado: cannot invoice.",integrations,external_accounting,sem faturar,software_bug / critical / development,software_bug,critical,development,Helena Rocha
SIS-2026-0870,Cartonagem Douro,packaging,Utilizador nao encontra opcao em password_policy,Duvida funcional: onde esta a opcao para password_policy? Nao parece erro tecnico. Impacto informado: afeta uma equipa. Nota do utilizador: temos prints mas ainda nao anexei.,user_permissions,password_policy,precisamos esta semana,client_misunderstanding / medium / support_level_1,client_misunderstanding,medium,support_level_1,
SIS-2026-0871,FlexoPrime,printing,Nova opcao para cost_calculation,Feature request para avaliar em roadmap; o processo atual funciona mas tem muito trabalho manual. Impacto informado: quando possivel. Nota do utilizador: nao sei se e bug ou configuracao.,production,cost_calculation,duvida simples,feature_request / low / account_management,feature_request,low,account_management,
SIS-2026-0872,GrafiNorte SA,printing,Dados inconsistentes em factura,Os dados no factura nao batem certo. Ha registos duplicados e valores estranhos depois de uma importacao CSV. Impacto informado: afeta uma equipa. Nota do utilizador: ja reiniciamos e ficou igual.,invoicing,e_invoice,impacto moderado,data_issue / medium / technical_support,data_issue,medium,technical_support,
SIS-2026-0873,EtiquetaFina,labels,Permissoes e settings para IVA,"Pedido para ajustar permissoes, perfis ou parametros relacionados com serie de faturacao. Se possivel, encaminhar para Marta Silva, que ja conhece este cliente. Impacto informado: urgente. Mixed note: please check today if possible, the client is confused and tired.",invoicing,tax_validation,fecho do mes,data_issue / low / development,configuration_request,high,technical_support,Marta Silva
SIS-2026-0874,AlfaForms,forms and labels,Ambiente Sistrade instavel,O sistema esta muito lento e da timeout ao abrir integracao. Varios utilizadores reportam falha de rede/VPN.,integrations,external_accounting,cannot invoice,infrastructure_problem / critical / infrastructure,infrastructure_problem,critical,infrastructure,
SIS-2026-0875,MetalLabel,industrial manufacturing,Utilizador nao encontra opcao em credit_notes,"O utilizador pergunta como fazer esta operacao no factura. Parece que nao encontra o menu correto para credit_notes. Mixed note: please check today if possible, the client is confused and tired.",invoicing,credit_notes,sem urgencia,client_misunderstanding / low / support_level_1,client_misunderstanding,low,support_level_1,
SIS-2026-0876,PrintWorks Porto,printing,Need help understanding IVA,Duvida funcional: onde esta a opcao para invoice_emission? Nao parece erro tecnico.,invoicing,invoice_emission,melhoria para analisar,configuration_request / critical / infrastructure,client_misunderstanding,low,support_level_1,
SIS-2026-0877,PrintWorks Porto,printing,URGENTE - export Excel bloqueia ao validar dashboards,"After the last update, relatorio started throwing an exception in dashboards. Users repeat the same steps and it crashes. Impacto informado: fecho do mes. Nota do utilizador: sorry pelo detalhe incompleto.",reporting,dashboards,urgente,client_misunderstanding / low / development,software_bug,high,support_level_1,
SIS-2026-0878,TextilMinho,textile,Como fazer no ecra de contactos?,"O utilizador pergunta como fazer esta operacao no CRM. Parece que nao encontra o menu correto para opportunities. Se possivel, encaminhar para Joao Pereira, que ja conhece este cliente. Impacto informado: quando possivel. Nota do utilizador: nao sei se e bug ou configuracao. Mixed note: please check today if possible, the client is confused and tired.",CRM,opportunities,pode esperar,client_misunderstanding / low / development,client_misunderstanding,low,support_level_1,Joao Pereira
SIS-2026-0879,PrintWorks Porto,printing,URGENTE - Permissoes e settings para role,"Can you change the workflow/template for roles_profiles? The current settings do not match the client's process. Impacto informado: precisamos ainda hoje. Mixed note: please check today if possible, the client is confused and tired.",user_permissions,roles_profiles,urgente,configuration_request / low / technical_support,configuration_request,high,technical_support,
SIS-2026-0880,GrafiNorte SA,printing,URGENTE - Timeout/lentidao no acesso a perfil,"Desde esta manha ha problema de certificado, backup ou network e o ambiente fica inacessivel. Mixed note: please check today if possible, the client is confused and tired.",user_permissions,approvals,deadline hoje,infrastructure_problem / critical / technical_support,infrastructure_problem,critical,infrastructure,Miguel Santos
SIS-2026-0881,Braga Print House,printing,Exception quando usamos e_invoice,"After the last update, fatura started throwing an exception in e_invoice. Users repeat the same steps and it crashes. Nota do utilizador: ja reiniciamos e ficou igual.",invoicing,e_invoice,precisamos esta semana,configuration_request / high / support_level_1,software_bug,medium,technical_support,
SIS-2026-0882,EuroPackaging PT,packaging,Como fazer no ecra de perfil?,Duvida funcional: onde esta a opcao para password_policy? Nao parece erro tecnico. Impacto informado: pode esperar. Nota do utilizador: nao sei se e bug ou configuracao.,user_permissions,password_policy,sem urgencia,infrastructure_problem / critical / development,client_misunderstanding,low,support_level_1,Helena Rocha
SIS-2026-0883,LusoPack Embalagens,packaging,Duplicados depois de upload para invoice_emission,"A listagem mostra records em falta e totais diferentes entre ecra e relatorio. Se possivel, encaminhar para Ana Martins, que ja conhece este cliente. Mixed note: please check today if possible, the client is confused and tired.",invoicing,invoice_emission,urgente,software_bug / medium / support_level_1,data_issue,high,technical_support,Ana Martins
SIS-2026-0884,AlfaForms,forms and labels,URGENTE - Saldo/valores nao batem em shop floor,Os dados no shop floor nao batem certo. Ha registos duplicados e valores estranhos depois de uma importacao CSV. Impacto informado: urgente. Nota do utilizador: ja reiniciamos e ficou igual.,production,scheduling,precisamos ainda hoje,data_issue / high / technical_support,data_issue,high,technical_support,
SIS-2026-0885,LusoPack Embalagens,packaging,Alterar workflow/template de approvals,"Pedido para ajustar permissoes, perfis ou parametros relacionados com role. Impacto informado: cliente a espera.",user_permissions,approvals,afeta varios utilizadores,configuration_request / high / technical_support,configuration_request,high,technical_support,
SIS-2026-0886,MetalLabel,industrial manufacturing,Ambiente Sistrade instavel,"Desde esta manha ha problema de certificado, backup ou network e o ambiente fica inacessivel. Impacto informado: urgente.",production,shop_floor,fecho do mes,infrastructure_problem / high / infrastructure,infrastructure_problem,high,infrastructure,
SIS-2026-0887,PlastiCentro,plastics,Sessao de esclarecimento sobre factura,Entraram novos utilizadores e precisam de formacao sobre serie de faturacao. Querem exemplos praticos para e_invoice. Impacto informado: acontece algumas vezes. Nota do utilizador: temos prints mas ainda nao anexei.,invoicing,e_invoice,acontece algumas vezes,training_needed / medium / support_level_1,training_needed,medium,support_level_1,
SIS-2026-0888,AlfaForms,forms and labels,URGENTE - Bug after update in IVA,"After the last update, invoice started throwing an exception in credit_notes. Users repeat the same steps and it crashes. Mixed note: please check today if possible, the client is confused and tired.",invoicing,credit_notes,fecho do mes,software_bug / high / development,software_bug,high,development,Miguel Santos
SIS-2026-0889,TextilMinho,textile,Saldo/valores nao batem em IVA,"Depois do upload, o credit_notes ficou com saldos incorretos. O cliente diz que o Excel original esta correto. Impacto informado: afeta uma equipa.",invoicing,credit_notes,acontece algumas vezes,data_issue / medium / development,data_issue,medium,development,
SIS-2026-0890,GrafiNorte SA,printing,URGENTE - Bug after update in EDI,"Bom dia, no cliente GrafiNorte SA aparece erro 500 quando tentamos usar API. O edi fica bloqueado e nao grava os dados. Impacto informado: cliente a espera. Nota do utilizador: p.f. confirmar.",integrations,edi,precisamos ainda hoje,software_bug / medium / technical_support,software_bug,high,technical_support,Helena Rocha
SIS-2026-0891,FlexoPrime,printing,Configurar commercial_pipeline em pipeline comercial,"Pedido para ajustar permissoes, perfis ou parametros relacionados com pipeline comercial. Impacto informado: precisamos esta semana. Nota do utilizador: temos prints mas ainda nao anexei.",CRM,commercial_pipeline,afeta uma equipa,feature_request / low / support_level_1,configuration_request,medium,development,
SIS-2026-0892,EtiquetaFina,labels,Seria possivel adicionar regra em saft_export?,Feature request para avaliar em roadmap; o processo atual funciona mas tem muito trabalho manual. Impacto informado: duvida simples.,accounting,saft_export,pode esperar,client_misunderstanding / high / technical_support,feature_request,low,account_management,
SIS-2026-0893,Braga Print House,printing,Alterar workflow/template de roles_profiles,Can you change the workflow/template for roles_profiles? The current settings do not match the client's process.,user_permissions,roles_profiles,acontece algumas vezes,software_bug / low / training_consulting,configuration_request,medium,technical_support,Marta Silva
SIS-2026-0894,EuroPackaging PT,packaging,URGENTE - Timeout/lentidao no acesso a API,"O sistema esta muito lento e da timeout ao abrir integracao. Varios utilizadores reportam falha de rede/VPN. Impacto informado: afeta varios utilizadores. Mixed note: please check today if possible, the client is confused and tired.",integrations,webservices,cliente a espera,infrastructure_problem / high / infrastructure,infrastructure_problem,high,infrastructure,Miguel Santos
SIS-2026-0895,EuroPackaging PT,packaging,Como fazer no ecra de armazem?,Duvida funcional: onde esta a opcao para warehouse_transfer? Nao parece erro tecnico.,stock,warehouse_transfer,precisamos esta semana,client_misunderstanding / medium / support_level_1,client_misunderstanding,medium,support_level_1,Joao Pereira
SIS-2026-0896,PlastiCentro,plastics,Bug after update in ordem de fabrico,"Bom dia, no cliente PlastiCentro aparece erro 500 quando tentamos usar custos. O cost_calculation fica bloqueado e nao grava os dados. Nota do utilizador: sorry pelo detalhe incompleto.",production,cost_calculation,acontece algumas vezes,software_bug / medium / development,software_bug,medium,development,
SIS-2026-0897,EtiquetaFina,labels,Melhoria desejada em contabilidade,Feature request para avaliar em roadmap; o processo atual funciona mas tem muito trabalho manual. Impacto informado: quando possivel. Nota do utilizador: p.f. confirmar.,accounting,saft_export,duvida simples,client_misunderstanding / medium / training_consulting,feature_request,low,account_management,
SIS-2026-0898,LusoPack Embalagens,packaging,Need help understanding permissoes,O utilizador pergunta como fazer esta operacao no role. Parece que nao encontra o menu correto para password_policy. Impacto informado: impacto moderado. Nota do utilizador: maybe it is just a setting.,user_permissions,password_policy,precisamos esta semana,client_misunderstanding / critical / training_consulting,client_misunderstanding,medium,training_consulting,
SIS-2026-0899,TextilMinho,textile,Configurar complaints em oportunidade,"Pedido para ajustar permissoes, perfis ou parametros relacionados com oportunidade. Impacto informado: afeta uma equipa.",CRM,complaints,impacto moderado,configuration_request / medium / technical_support,configuration_request,medium,technical_support,
SIS-2026-0900,Braga Print House,printing,Exception quando usamos edi,Estamos a receber stacktrace no edi. Parece bug porque o mesmo processo funcionava ontem. Nota do utilizador: isto acontece no ambiente real.,integrations,edi,ASAP,software_bug / critical / development,software_bug,critical,development,
SIS-2026-0901,EuroPackaging PT,packaging,Nova opcao para scheduling,Seria possivel adicionar uma regra extra no scheduling? Hoje fazem isto fora do sistema. Impacto informado: pode esperar. Nota do utilizador: nao sei se e bug ou configuracao.,production,scheduling,melhoria para analisar,feature_request / low / development,feature_request,low,development,
SIS-2026-0902,MetalLabel,industrial manufacturing,URGENTE - Exception quando usamos stock_movements,"After the last update, inventario started throwing an exception in stock_movements. Users repeat the same steps and it crashes. Impacto informado: precisamos ainda hoje. Mixed note: please check today if possible, the client is confused and tired.",stock,stock_movements,afeta varios utilizadores,software_bug / high / development,software_bug,high,development,
SIS-2026-0903,EtiquetaFina,labels,Alterar workflow/template de password_policy,"Can you change the workflow/template for password_policy? The current settings do not match the client's process. Impacto informado: afeta uma equipa. Mixed note: please check today if possible, the client is confused and tired.",user_permissions,password_policy,afeta uma equipa,configuration_request / medium / training_consulting,configuration_request,medium,training_consulting,
SIS-2026-0904,PrintWorks Porto,printing,Duvida sobre ambiente / login,"We need help understanding the flow. The client thinks something is missing, but it may be normal behavior in login. Se possivel, encaminhar para Rui Costa, que ja conhece este cliente. Impacto informado: pode esperar. Nota do utilizador: p.f. confirmar.",general,login,duvida simples,client_misunderstanding / low / support_level_1,client_misunderstanding,low,support_level_1,Rui Costa
SIS-2026-0905,MetalLabel,industrial manufacturing,URGENTE - Exception quando usamos journal_entries,"After the last update, contabilidade started throwing an exception in journal_entries. Users repeat the same steps and it crashes. Nota do utilizador: isto acontece no ambiente real. Mixed note: please check today if possible, the client is confused and tired.",accounting,journal_entries,precisamos ainda hoje,data_issue / low / support_level_1,software_bug,high,development,
SIS-2026-0906,AlfaForms,forms and labels,Sessao de esclarecimento sobre relatorio,Precisamos de workshop para explicar o fluxo correto e boas praticas. Impacto informado: duvida simples. Nota do utilizador: o utilizador diz que ontem funcionava.,reporting,kpi_analysis,quando possivel,feature_request / high / training_consulting,training_needed,low,support_level_1,
SIS-2026-0907,EuroPackaging PT,packaging,URGENTE - VPN/server problem affects invoice_emission,"Server seems unstable. Login works sometimes, then invoice_emission stops responding. Nota do utilizador: sorry pelo detalhe incompleto.",invoicing,invoice_emission,urgente,infrastructure_problem / medium / infrastructure,infrastructure_problem,high,infrastructure,
SIS-2026-0908,Cartonagem Douro,packaging,Como fazer no ecra de contactos?,"Duvida funcional: onde esta a opcao para commercial_pipeline? Nao parece erro tecnico. Se possivel, encaminhar para Ana Martins, que ja conhece este cliente. Nota do utilizador: isto acontece no ambiente real.",CRM,commercial_pipeline,impacto moderado,configuration_request / low / support_level_1,client_misunderstanding,medium,training_consulting,Ana Martins
SIS-2026-0909,PrintWorks Porto,printing,IVA bloqueia ao validar bank_reconciliation,"Estamos a receber stacktrace no bank_reconciliation. Parece bug porque o mesmo processo funcionava ontem. Se possivel, encaminhar para Rui Costa, que ja conhece este cliente. Impacto informado: fecho do mes.",accounting,bank_reconciliation,fecho do mes,software_bug / high / development,software_bug,high,development,Rui Costa
SIS-2026-0910,TextilMinho,textile,URGENTE - Erro no IVA: e_invoice nao grava,Estamos a receber stacktrace no e_invoice. Parece bug porque o mesmo processo funcionava ontem. Impacto informado: ASAP. Nota do utilizador: p.f. confirmar.,invoicing,e_invoice,deadline hoje,training_needed / low / technical_support,software_bug,critical,development,
SIS-2026-0911,Braga Print House,printing,URGENTE - Bug after update in webservice,"Bom dia, no cliente Braga Print House aparece erro 500 quando tentamos usar webservice. O edi fica bloqueado e nao grava os dados. Impacto informado: cliente a espera. Nota do utilizador: isto acontece no ambiente real.",integrations,edi,precisamos ainda hoje,data_issue / medium / infrastructure,software_bug,high,development,
SIS-2026-0912,FlexoPrime,printing,URGENTE - Exception quando usamos customer_cards,"Bom dia, no cliente FlexoPrime aparece erro 500 quando tentamos usar cliente. O customer_cards fica bloqueado e nao grava os dados. Impacto informado: cliente a espera.",CRM,customer_cards,fecho do mes,data_issue / low / account_management,software_bug,high,development,
SIS-2026-0913,AlfaForms,forms and labels,Formacao para equipa em oportunidade,"Precisamos de workshop para explicar o fluxo correto e boas praticas. Se possivel, encaminhar para Marta Silva, que ja conhece este cliente. Impacto informado: quando possivel.",CRM,opportunities,quando possivel,training_needed / low / support_level_1,training_needed,low,support_level_1,Marta Silva
SIS-2026-0914,TextilMinho,textile,Feature request: CRM,"O cliente gostava de uma nova opcao em contactos. Nao e erro, e melhoria para reduzir passos manuais. Impacto informado: melhoria para analisar.",CRM,customer_cards,pode esperar,feature_request / critical / technical_support,feature_request,low,account_management,
SIS-2026-0915,PrintWorks Porto,printing,Duvida sobre fatura / tax_validation,Duvida funcional: onde esta a opcao para tax_validation? Nao parece erro tecnico. Impacto informado: fecho do mes. Nota do utilizador: maybe it is just a setting.,invoicing,tax_validation,precisamos ainda hoje,client_misunderstanding / high / training_consulting,client_misunderstanding,high,training_consulting,
SIS-2026-0916,FlexoPrime,printing,Utilizador nao encontra opcao em performance,"We need help understanding the flow. The client thinks something is missing, but it may be normal behavior in performance. Se possivel, encaminhar para Rui Costa, que ja conhece este cliente. Impacto informado: impacto moderado. Nota do utilizador: temos prints mas ainda nao anexei. Mixed note: please check today if possible, the client is confused and tired.",general,performance,acontece algumas vezes,client_misunderstanding / medium / account_management,client_misunderstanding,medium,support_level_1,Rui Costa
SIS-2026-0917,Cartonagem Douro,packaging,Permissoes e settings para custos,"Pedido para ajustar permissoes, perfis ou parametros relacionados com shop floor. Se possivel, encaminhar para Miguel Santos, que ja conhece este cliente. Impacto informado: fecho do mes.",production,scheduling,urgente,configuration_request / high / training_consulting,configuration_request,high,training_consulting,Miguel Santos
SIS-2026-0918,Cartonagem Douro,packaging,Saldo/valores nao batem em shop floor,A listagem mostra records em falta e totais diferentes entre ecra e relatorio. Impacto informado: acontece algumas vezes. Nota do utilizador: o utilizador diz que ontem funcionava.,production,shop_floor,impacto moderado,data_issue / medium / development,data_issue,medium,development,
SIS-2026-0919,MetalLabel,industrial manufacturing,Timeout/lentidao no acesso a planeamento,"Server seems unstable. Login works sometimes, then work_orders stops responding.",production,work_orders,deadline hoje,infrastructure_problem / critical / infrastructure,infrastructure_problem,critical,infrastructure,Helena Rocha
SIS-2026-0920,EuroPackaging PT,packaging,Permissoes e settings para invoice,"Pedido para ajustar permissoes, perfis ou parametros relacionados com IVA. Se possivel, encaminhar para Helena Rocha, que ja conhece este cliente. Nota do utilizador: o utilizador diz que ontem funcionava.",invoicing,invoice_emission,pode esperar,configuration_request / low / training_consulting,configuration_request,low,training_consulting,Helena Rocha
SIS-2026-0921,AlfaForms,forms and labels,Falha de rede ao abrir ambiente,"Server seems unstable. Login works sometimes, then notifications stops responding. Se possivel, encaminhar para Marta Silva, que ja conhece este cliente. Nota do utilizador: sorry pelo detalhe incompleto.",general,notifications,sem faturar,feature_request / medium / support_level_1,infrastructure_problem,critical,infrastructure,Marta Silva
SIS-2026-0922,AlfaForms,forms and labels,Bug after update in API,"After the last update, ecommerce started throwing an exception in api. Users repeat the same steps and it crashes. Se possivel, encaminhar para Helena Rocha, que ja conhece este cliente. Nota do utilizador: ja reiniciamos e ficou igual. Mixed note: please check today if possible, the client is confused and tired.",integrations,api,producao parada,software_bug / critical / development,software_bug,critical,development,Helena Rocha
SIS-2026-0923,GrafiNorte SA,printing,Como fazer no ecra de inventario?,O utilizador pergunta como fazer esta operacao no barcode. Parece que nao encontra o menu correto para inventory_counts.,stock,inventory_counts,acontece algumas vezes,client_misunderstanding / high / support_level_1,client_misunderstanding,medium,support_level_1,Ana Martins
SIS-2026-0924,EtiquetaFina,labels,API bloqueia ao validar external_accounting,"Estamos a receber stacktrace no external_accounting. Parece bug porque o mesmo processo funcionava ontem. Nota do utilizador: isto acontece no ambiente real. Mixed note: please check today if possible, the client is confused and tired.",integrations,external_accounting,urgente,software_bug / high / development,software_bug,high,development,
SIS-2026-0925,LusoPack Embalagens,packaging,Duvida sobre oportunidade / opportunities,"We need help understanding the flow. The client thinks something is missing, but it may be normal behavior in contactos. Se possivel, encaminhar para Marta Silva, que ja conhece este cliente. Impacto informado: pode esperar.",CRM,opportunities,quando possivel,client_misunderstanding / low / training_consulting,client_misunderstanding,low,training_consulting,Marta Silva
SIS-2026-0926,FlexoPrime,printing,Erro no CRM: complaints nao grava,Estamos a receber stacktrace no complaints. Parece bug porque o mesmo processo funcionava ontem. Impacto informado: impacto moderado.,CRM,complaints,impacto moderado,software_bug / high / development,software_bug,medium,development,Miguel Santos
SIS-2026-0927,GrafiNorte SA,printing,Seria possivel adicionar regra em dashboards?,"Seria possivel adicionar uma regra extra no dashboards? Hoje fazem isto fora do sistema. Se possivel, encaminhar para Rui Costa, que ja conhece este cliente. Impacto informado: pode esperar. Nota do utilizador: o utilizador diz que ontem funcionava.",reporting,dashboards,melhoria para analisar,feature_request / low / support_level_1,feature_request,low,support_level_1,Rui Costa
SIS-2026-0928,Braga Print House,printing,Nova opcao para invoice_emission,Feature request para avaliar em roadmap; o processo atual funciona mas tem muito trabalho manual. Impacto informado: pode esperar.,invoicing,invoice_emission,pode esperar,configuration_request / medium / technical_support,feature_request,low,account_management,
SIS-2026-0929,FlexoPrime,printing,Configurar opportunities em oportunidade,"Precisamos configurar regras novas no oportunidade, especialmente no opportunities. E uma parametrizacao pedida pela direcao. Impacto informado: fecho do mes. Nota do utilizador: nao sei se e bug ou configuracao.",CRM,opportunities,urgente,configuration_request / high / training_consulting,configuration_request,high,technical_support,
SIS-2026-0930,EtiquetaFina,labels,URGENTE - Permissoes e settings para integracao,"Pedido para ajustar permissoes, perfis ou parametros relacionados com webservice. Se possivel, encaminhar para Marta Silva, que ja conhece este cliente. Impacto informado: producao parada.",integrations,webservices,deadline hoje,configuration_request / critical / technical_support,configuration_request,critical,technical_support,Marta Silva
SIS-2026-0931,TextilMinho,textile,Pedido de parametrizacao para permissoes,"Pedido para ajustar permissoes, perfis ou parametros relacionados com perfil. Impacto informado: afeta uma equipa. Nota do utilizador: nao sei se e bug ou configuracao. Mixed note: please check today if possible, the client is confused and tired.",user_permissions,access_rights,precisamos esta semana,configuration_request / critical / technical_support,configuration_request,medium,technical_support,
SIS-2026-0932,FlexoPrime,printing,Dados inconsistentes em analise,"Os dados no relatorio nao batem certo. Ha registos duplicados e valores estranhos depois de uma importacao CSV. Mixed note: please check today if possible, the client is confused and tired.",reporting,excel_export,acontece algumas vezes,data_issue / critical / technical_support,data_issue,medium,technical_support,
SIS-2026-0933,AlfaForms,forms and labels,URGENTE - Sessao de esclarecimento sobre contactos,Entraram novos utilizadores e precisam de formacao sobre oportunidade. Querem exemplos praticos para commercial_pipeline. Impacto informado: fecho do mes. Nota do utilizador: p.f. confirmar.,CRM,commercial_pipeline,cliente a espera,training_needed / high / support_level_1,training_needed,high,support_level_1,
SIS-2026-0934,MetalLabel,industrial manufacturing,Erro no dashboard: dashboards nao grava,"Estamos a receber stacktrace no dashboards. Parece bug porque o mesmo processo funcionava ontem. Impacto informado: afeta uma equipa. Mixed note: please check today if possible, the client is confused and tired.",reporting,dashboards,impacto moderado,configuration_request / low / support_level_1,software_bug,medium,development,
SIS-2026-0935,Cartonagem Douro,packaging,Utilizador nao encontra opcao em password_policy,"O utilizador pergunta como fazer esta operacao no role. Parece que nao encontra o menu correto para password_policy. Se possivel, encaminhar para Helena Rocha, que ja conhece este cliente. Impacto informado: impacto moderado. Nota do utilizador: isto acontece no ambiente real.",user_permissions,password_policy,afeta uma equipa,client_misunderstanding / medium / training_consulting,client_misunderstanding,medium,support_level_1,Helena Rocha
SIS-2026-0936,LusoPack Embalagens,packaging,Configurar roles_profiles em password,"Pedido para ajustar permissoes, perfis ou parametros relacionados com password. Se possivel, encaminhar para Helena Rocha, que ja conhece este cliente. Impacto informado: impacto moderado. Nota do utilizador: o utilizador diz que ontem funcionava.",user_permissions,roles_profiles,impacto moderado,configuration_request / medium / technical_support,configuration_request,medium,technical_support,Helena Rocha
SIS-2026-0937,TextilMinho,textile,Duvida sobre oportunidade / customer_cards,"O utilizador pergunta como fazer esta operacao no cliente. Parece que nao encontra o menu correto para customer_cards. Nota do utilizador: maybe it is just a setting. Mixed note: please check today if possible, the client is confused and tired.",CRM,customer_cards,producao parada,client_misunderstanding / critical / support_level_1,client_misunderstanding,critical,support_level_1,
SIS-2026-0938,Cartonagem Douro,packaging,Bug after update in producao,"After the last update, producao started throwing an exception in work_orders. Users repeat the same steps and it crashes. Impacto informado: precisamos ainda hoje.",production,work_orders,fecho do mes,software_bug / high / technical_support,software_bug,high,development,Helena Rocha
SIS-2026-0939,LusoPack Embalagens,packaging,Dados inconsistentes em reconciliacao bancaria,"A listagem mostra records em falta e totais diferentes entre ecra e relatorio. Impacto informado: cannot invoice. Nota do utilizador: isto acontece no ambiente real. Mixed note: please check today if possible, the client is confused and tired.",accounting,vat_report,critico,data_issue / critical / account_management,data_issue,critical,technical_support,
SIS-2026-0940,PlastiCentro,plastics,Need help understanding password,Duvida funcional: onde esta a opcao para roles_profiles? Nao parece erro tecnico. Impacto informado: melhoria para analisar. Nota do utilizador: maybe it is just a setting.,user_permissions,roles_profiles,duvida simples,software_bug / critical / account_management,client_misunderstanding,low,support_level_1,
SIS-2026-0941,LusoPack Embalagens,packaging,Erro no ecommerce: external_accounting nao grava,"Bom dia, no cliente LusoPack Embalagens aparece erro 500 quando tentamos usar ecommerce. O external_accounting fica bloqueado e nao grava os dados. Impacto informado: deadline hoje. Nota do utilizador: p.f. confirmar.",integrations,external_accounting,producao parada,infrastructure_problem / low / training_consulting,software_bug,critical,development,
SIS-2026-0942,FlexoPrime,printing,Erro no serie de faturacao: e_invoice nao grava,"Bom dia, no cliente FlexoPrime aparece erro 500 quando tentamos usar IVA. O e_invoice fica bloqueado e nao grava os dados. Impacto informado: quando possivel. Nota do utilizador: o utilizador diz que ontem funcionava.",invoicing,e_invoice,duvida simples,software_bug / low / support_level_1,software_bug,low,development,
SIS-2026-0943,GrafiNorte SA,printing,Nova opcao para cost_calculation,"O cliente gostava de uma nova opcao em ordem de fabrico. Nao e erro, e melhoria para reduzir passos manuais. Impacto informado: afeta uma equipa. Nota do utilizador: nao sei se e bug ou configuracao. Mixed note: please check today if possible, the client is confused and tired.",production,cost_calculation,precisamos esta semana,feature_request / medium / development,feature_request,medium,development,
SIS-2026-0944,AlfaForms,forms and labels,Duvida sobre notificacoes / login,Duvida funcional: onde esta a opcao para login? Nao parece erro tecnico.,general,login,sem urgencia,feature_request / medium / training_consulting,client_misunderstanding,low,support_level_1,
SIS-2026-0945,PlastiCentro,plastics,Configurar kpi_analysis em KPI,"Can you change the workflow/template for kpi_analysis? The current settings do not match the client's process. Se possivel, encaminhar para Miguel Santos, que ja conhece este cliente. Impacto informado: afeta varios utilizadores. Nota do utilizador: ja reiniciamos e ficou igual.",reporting,kpi_analysis,fecho do mes,infrastructure_problem / critical / development,configuration_request,high,training_consulting,Miguel Santos
SIS-2026-0946,LusoPack Embalagens,packaging,Erro no invoice: tax_validation nao grava,Estamos a receber stacktrace no tax_validation. Parece bug porque o mesmo processo funcionava ontem. Impacto informado: todos os utilizadores bloqueados. Nota do utilizador: isto acontece no ambiente real.,invoicing,tax_validation,producao parada,data_issue / low / support_level_1,software_bug,critical,development,
SIS-2026-0947,FlexoPrime,printing,Ambiente Sistrade instavel,"Desde esta manha ha problema de certificado, backup ou network e o ambiente fica inacessivel. Nota do utilizador: temos prints mas ainda nao anexei.",general,navigation,afeta uma equipa,infrastructure_problem / critical / technical_support,infrastructure_problem,medium,technical_support,
SIS-2026-0948,MetalLabel,industrial manufacturing,Bug after update in analise,"Estamos a receber stacktrace no dashboards. Parece bug porque o mesmo processo funcionava ontem. Nota do utilizador: ja reiniciamos e ficou igual. Mixed note: please check today if possible, the client is confused and tired.",reporting,dashboards,todos os utilizadores bloqueados,training_needed / low / support_level_1,software_bug,critical,technical_support,
SIS-2026-0949,Cartonagem Douro,packaging,URGENTE - planeamento bloqueia ao validar shop_floor,"Bom dia, no cliente Cartonagem Douro aparece erro 500 quando tentamos usar ordem de fabrico. O shop_floor fica bloqueado e nao grava os dados. Impacto informado: cannot invoice. Nota do utilizador: ja reiniciamos e ficou igual.",production,shop_floor,sem faturar,infrastructure_problem / low / account_management,software_bug,critical,development,
SIS-2026-0950,Cartonagem Douro,packaging,Dados inconsistentes em integracao,"Os dados no API nao batem certo. Ha registos duplicados e valores estranhos depois de uma importacao CSV. Impacto informado: afeta varios utilizadores. Nota do utilizador: p.f. confirmar. Mixed note: please check today if possible, the client is confused and tired.",integrations,edi,fecho do mes,data_issue / high / account_management,data_issue,high,account_management,
SIS-2026-0951,AlfaForms,forms and labels,Alterar workflow/template de access_rights,"Pedido para ajustar permissoes, perfis ou parametros relacionados com permissoes.",user_permissions,access_rights,impacto moderado,configuration_request / medium / support_level_1,configuration_request,medium,support_level_1,
SIS-2026-0952,FlexoPrime,printing,Need help understanding lancamentos,"O utilizador pergunta como fazer esta operacao no SAF-T. Parece que nao encontra o menu correto para bank_reconciliation. Impacto informado: duvida simples. Nota do utilizador: maybe it is just a setting. Mixed note: please check today if possible, the client is confused and tired.",accounting,bank_reconciliation,quando possivel,client_misunderstanding / low / training_consulting,client_misunderstanding,low,training_consulting,
SIS-2026-0953,EtiquetaFina,labels,Seria possivel adicionar regra em navigation?,"O cliente gostava de uma nova opcao em performance. Nao e erro, e melhoria para reduzir passos manuais.",general,navigation,melhoria para analisar,feature_request / low / account_management,feature_request,low,account_management,
SIS-2026-0954,PlastiCentro,plastics,Como fazer no ecra de SAF-T?,"We need help understanding the flow. The client thinks something is missing, but it may be normal behavior in reconciliacao bancaria. Nota do utilizador: ja reiniciamos e ficou igual.",accounting,saft_export,impacto moderado,client_misunderstanding / medium / support_level_1,client_misunderstanding,medium,support_level_1,
SIS-2026-0955,GrafiNorte SA,printing,Ambiente Sistrade instavel,O sistema esta muito lento e da timeout ao abrir export Excel. Varios utilizadores reportam falha de rede/VPN. Impacto informado: cannot invoice.,reporting,dashboards,producao parada,infrastructure_problem / critical / infrastructure,infrastructure_problem,critical,infrastructure,
SIS-2026-0956,Cartonagem Douro,packaging,URGENTE - Sessao de esclarecimento sobre invoice,Entraram novos utilizadores e precisam de formacao sobre invoice. Querem exemplos praticos para tax_validation.,invoicing,tax_validation,afeta varios utilizadores,training_needed / high / training_consulting,training_needed,high,training_consulting,
SIS-2026-0957,LusoPack Embalagens,packaging,Erro no EDI: external_accounting nao grava,"Bom dia, no cliente LusoPack Embalagens aparece erro 500 quando tentamos usar integracao. O external_accounting fica bloqueado e nao grava os dados. Impacto informado: sem faturar. Nota do utilizador: temos prints mas ainda nao anexei.",integrations,external_accounting,ASAP,infrastructure_problem / low / support_level_1,software_bug,critical,development,
SIS-2026-0958,GrafiNorte SA,printing,Formacao para equipa em CRM,A equipa esta a usar mal o processo. Sugerimos uma sessao curta de training para evitar tickets repetidos. Impacto informado: sem urgencia.,CRM,commercial_pipeline,sem urgencia,client_misunderstanding / critical / training_consulting,training_needed,low,support_level_1,
SIS-2026-0959,TextilMinho,textile,Formacao para equipa em CRM,"Precisamos de workshop para explicar o fluxo correto e boas praticas. Se possivel, encaminhar para Miguel Santos, que ja conhece este cliente. Impacto informado: acontece algumas vezes. Nota do utilizador: nao sei se e bug ou configuracao.",CRM,customer_cards,impacto moderado,training_needed / high / training_consulting,training_needed,medium,training_consulting,Miguel Santos
SIS-2026-0960,LusoPack Embalagens,packaging,Exception quando usamos e_invoice,"Estamos a receber stacktrace no e_invoice. Parece bug porque o mesmo processo funcionava ontem. Se possivel, encaminhar para Miguel Santos, que ja conhece este cliente. Impacto informado: ASAP. Nota do utilizador: nao sei se e bug ou configuracao.",invoicing,e_invoice,ASAP,data_issue / high / account_management,software_bug,critical,development,Miguel Santos
SIS-2026-0961,MetalLabel,industrial manufacturing,Formacao para equipa em producao,"Entraram novos utilizadores e precisam de formacao sobre ordem de fabrico. Querem exemplos praticos para shop_floor. Se possivel, encaminhar para Marta Silva, que ja conhece este cliente. Impacto informado: impacto moderado. Nota do utilizador: isto acontece no ambiente real.",production,shop_floor,afeta uma equipa,training_needed / medium / training_consulting,training_needed,medium,training_consulting,Marta Silva
SIS-2026-0962,GrafiNorte SA,printing,Permissoes e settings para relatorio,"Pedido para ajustar permissoes, perfis ou parametros relacionados com relatorio. Impacto informado: impacto moderado. Nota do utilizador: nao sei se e bug ou configuracao.",reporting,kpi_analysis,impacto moderado,client_misunderstanding / low / development,configuration_request,medium,technical_support,
SIS-2026-0963,MetalLabel,industrial manufacturing,Duplicados depois de upload para webservices,Os dados no ecommerce nao batem certo. Ha registos duplicados e valores estranhos depois de uma importacao CSV. Impacto informado: urgente.,integrations,webservices,cliente a espera,data_issue / high / development,data_issue,high,development,Marta Silva
SIS-2026-0964,TextilMinho,textile,URGENTE - Configurar approvals em perfil,"Pedido para ajustar permissoes, perfis ou parametros relacionados com permissoes. Se possivel, encaminhar para Rui Costa, que ja conhece este cliente. Impacto informado: afeta varios utilizadores. Nota do utilizador: maybe it is just a setting.",user_permissions,approvals,cliente a espera,configuration_request / high / technical_support,configuration_request,high,technical_support,Rui Costa
SIS-2026-0965,Cartonagem Douro,packaging,URGENTE - contabilidade bloqueia ao validar journal_entries,"Bom dia, no cliente Cartonagem Douro aparece erro 500 quando tentamos usar contabilidade. O journal_entries fica bloqueado e nao grava os dados. Impacto informado: afeta varios utilizadores. Nota do utilizador: temos prints mas ainda nao anexei.",accounting,journal_entries,cliente a espera,software_bug / high / technical_support,software_bug,high,technical_support,
SIS-2026-0966,EtiquetaFina,labels,Nova opcao para barcode_labels,"Feature request para avaliar em roadmap; o processo atual funciona mas tem muito trabalho manual. Nota do utilizador: temos prints mas ainda nao anexei. Mixed note: please check today if possible, the client is confused and tired.",stock,barcode_labels,afeta uma equipa,feature_request / medium / account_management,feature_request,medium,account_management,
SIS-2026-0967,TextilMinho,textile,Saldo/valores nao batem em planeamento,"Depois do upload, o work_orders ficou com saldos incorretos. O cliente diz que o Excel original esta correto. Impacto informado: impacto moderado.",production,work_orders,impacto moderado,client_misunderstanding / high / support_level_1,data_issue,medium,technical_support,Ana Martins
SIS-2026-0968,TextilMinho,textile,Falha de rede ao abrir IVA,O sistema esta muito lento e da timeout ao abrir fatura. Varios utilizadores reportam falha de rede/VPN. Impacto informado: cannot invoice. Nota do utilizador: ja reiniciamos e ficou igual.,invoicing,e_invoice,deadline hoje,client_misunderstanding / high / support_level_1,infrastructure_problem,critical,infrastructure,
SIS-2026-0969,PrintWorks Porto,printing,Utilizador nao encontra opcao em notifications,"Duvida funcional: onde esta a opcao para notifications? Nao parece erro tecnico. Nota do utilizador: nao sei se e bug ou configuracao. Mixed note: please check today if possible, the client is confused and tired.",general,notifications,precisamos esta semana,client_misunderstanding / medium / development,client_misunderstanding,medium,training_consulting,
SIS-2026-0970,TextilMinho,textile,Formacao para equipa em permissoes,"Precisamos de workshop para explicar o fluxo correto e boas praticas. Se possivel, encaminhar para Ana Martins, que ja conhece este cliente. Impacto informado: quando possivel.",user_permissions,approvals,melhoria para analisar,training_needed / low / training_consulting,training_needed,low,training_consulting,Ana Martins
SIS-2026-0971,EtiquetaFina,labels,Alterar workflow/template de edi,"Pedido para ajustar permissoes, perfis ou parametros relacionados com API. Impacto informado: duvida simples. Nota do utilizador: isto acontece no ambiente real. Mixed note: please check today if possible, the client is confused and tired.",integrations,edi,quando possivel,configuration_request / low / technical_support,configuration_request,low,technical_support,
SIS-2026-0972,MetalLabel,industrial manufacturing,Need help understanding barcode,O utilizador pergunta como fazer esta operacao no barcode. Parece que nao encontra o menu correto para warehouse_transfer. Impacto informado: precisamos esta semana.,stock,warehouse_transfer,afeta uma equipa,client_misunderstanding / medium / support_level_1,client_misunderstanding,medium,support_level_1,
SIS-2026-0973,PlastiCentro,plastics,URGENTE - Importacao criou registos errados no edi,A listagem mostra records em falta e totais diferentes entre ecra e relatorio. Impacto informado: afeta varios utilizadores.,integrations,edi,cliente a espera,infrastructure_problem / critical / infrastructure,data_issue,high,account_management,
SIS-2026-0974,Cartonagem Douro,packaging,Bug after update in custos,"After the last update, custos started throwing an exception in shop_floor. Users repeat the same steps and it crashes. Impacto informado: ASAP. Nota do utilizador: o utilizador diz que ontem funcionava.",production,shop_floor,todos os utilizadores bloqueados,data_issue / medium / infrastructure,software_bug,critical,development,
SIS-2026-0975,TextilMinho,textile,URGENTE - Configurar commercial_pipeline em pipeline comercial,"Precisamos configurar regras novas no pipeline comercial, especialmente no commercial_pipeline. E uma parametrizacao pedida pela direcao. Impacto informado: fecho do mes.",CRM,commercial_pipeline,urgente,configuration_request / high / technical_support,configuration_request,high,technical_support,
SIS-2026-0976,LusoPack Embalagens,packaging,Duplicados depois de upload para warehouse_transfer,Os dados no barcode nao batem certo. Ha registos duplicados e valores estranhos depois de uma importacao CSV. Impacto informado: urgente. Nota do utilizador: maybe it is just a setting.,stock,warehouse_transfer,fecho do mes,data_issue / high / infrastructure,data_issue,high,technical_support,
SIS-2026-0977,PlastiCentro,plastics,Pedido de parametrizacao para ordem de fabrico,"Pedido para ajustar permissoes, perfis ou parametros relacionados com ordem de fabrico. Impacto informado: afeta uma equipa.",production,work_orders,afeta uma equipa,configuration_request / medium / infrastructure,configuration_request,medium,development,
SIS-2026-0978,LusoPack Embalagens,packaging,Duvida sobre armazem / inventory_counts,O utilizador pergunta como fazer esta operacao no barcode. Parece que nao encontra o menu correto para inventory_counts.,stock,inventory_counts,sem urgencia,client_misunderstanding / low / support_level_1,client_misunderstanding,low,support_level_1,
SIS-2026-0979,LusoPack Embalagens,packaging,Ambiente Sistrade instavel,"Desde esta manha ha problema de certificado, backup ou network e o ambiente fica inacessivel. Impacto informado: cliente a espera. Nota do utilizador: nao sei se e bug ou configuracao.",general,navigation,afeta varios utilizadores,configuration_request / medium / development,infrastructure_problem,high,infrastructure,
SIS-2026-0980,Braga Print House,printing,Importacao criou registos errados no webservices,Os dados no integracao nao batem certo. Ha registos duplicados e valores estranhos depois de uma importacao CSV. Nota do utilizador: o utilizador diz que ontem funcionava.,integrations,webservices,acontece algumas vezes,data_issue / medium / account_management,data_issue,medium,development,
SIS-2026-0981,TextilMinho,textile,URGENTE - analise bloqueia ao validar kpi_analysis,"After the last update, dashboard started throwing an exception in kpi_analysis. Users repeat the same steps and it crashes. Impacto informado: precisamos ainda hoje.",reporting,kpi_analysis,cliente a espera,software_bug / high / account_management,software_bug,high,development,
SIS-2026-0982,GrafiNorte SA,printing,Novos utilizadores precisam treino de credit_notes,"A equipa esta a usar mal o processo. Sugerimos uma sessao curta de training para evitar tickets repetidos. Mixed note: please check today if possible, the client is confused and tired.",invoicing,credit_notes,urgente,training_needed / high / training_consulting,training_needed,high,training_consulting,Helena Rocha
SIS-2026-0983,EtiquetaFina,labels,URGENTE - Erro no shop floor: scheduling nao grava,"Bom dia, no cliente EtiquetaFina aparece erro 500 quando tentamos usar shop floor. O scheduling fica bloqueado e nao grava os dados. Se possivel, encaminhar para Joao Pereira, que ja conhece este cliente. Nota do utilizador: isto acontece no ambiente real.",production,scheduling,cliente a espera,software_bug / high / development,software_bug,high,development,Joao Pereira
SIS-2026-0984,EtiquetaFina,labels,Como fazer no ecra de contactos?,O utilizador pergunta como fazer esta operacao no cliente. Parece que nao encontra o menu correto para complaints. Impacto informado: acontece algumas vezes. Nota do utilizador: maybe it is just a setting.,CRM,complaints,acontece algumas vezes,client_misunderstanding / medium / support_level_1,client_misunderstanding,medium,support_level_1,
SIS-2026-0985,FlexoPrime,printing,Feature request: planeamento,"Feature request para avaliar em roadmap; o processo atual funciona mas tem muito trabalho manual. Se possivel, encaminhar para Helena Rocha, que ja conhece este cliente. Impacto informado: impacto moderado. Nota do utilizador: isto acontece no ambiente real. Mixed note: please check today if possible, the client is confused and tired.",production,scheduling,afeta uma equipa,data_issue / low / support_level_1,feature_request,medium,development,Helena Rocha
SIS-2026-0986,FlexoPrime,printing,Need help understanding menu,"Duvida funcional: onde esta a opcao para login? Nao parece erro tecnico. Impacto informado: pode esperar. Nota do utilizador: o utilizador diz que ontem funcionava. Mixed note: please check today if possible, the client is confused and tired.",general,login,pode esperar,client_misunderstanding / low / support_level_1,client_misunderstanding,low,support_level_1,
SIS-2026-0987,MetalLabel,industrial manufacturing,Permissoes e settings para inventario,"Pedido para ajustar permissoes, perfis ou parametros relacionados com stock. Impacto informado: acontece algumas vezes. Nota do utilizador: nao sei se e bug ou configuracao.",stock,barcode_labels,impacto moderado,configuration_request / critical / technical_support,configuration_request,medium,technical_support,
SIS-2026-0988,EtiquetaFina,labels,VPN/server problem affects e_invoice,"O sistema esta muito lento e da timeout ao abrir invoice. Varios utilizadores reportam falha de rede/VPN. Se possivel, encaminhar para Ana Martins, que ja conhece este cliente. Impacto informado: producao parada. Nota do utilizador: isto acontece no ambiente real.",invoicing,e_invoice,producao parada,infrastructure_problem / critical / infrastructure,infrastructure_problem,critical,infrastructure,Ana Martins
SIS-2026-0989,AlfaForms,forms and labels,Pedido de parametrizacao para invoice,"Pedido para ajustar permissoes, perfis ou parametros relacionados com factura.",invoicing,credit_notes,precisamos esta semana,infrastructure_problem / low / account_management,configuration_request,medium,technical_support,
SIS-2026-0990,EuroPackaging PT,packaging,Bug after update in EDI,"After the last update, EDI started throwing an exception in external_accounting. Users repeat the same steps and it crashes. Impacto informado: precisamos ainda hoje.",integrations,external_accounting,precisamos ainda hoje,software_bug / high / development,software_bug,high,development,
SIS-2026-0991,MetalLabel,industrial manufacturing,Como fazer no ecra de pipeline comercial?,"Duvida funcional: onde esta a opcao para customer_cards? Nao parece erro tecnico. Impacto informado: acontece algumas vezes. Mixed note: please check today if possible, the client is confused and tired.",CRM,customer_cards,precisamos esta semana,software_bug / critical / account_management,client_misunderstanding,medium,support_level_1,
SIS-2026-0992,EuroPackaging PT,packaging,Duplicados depois de upload para shop_floor,"Os dados no ordem de fabrico nao batem certo. Ha registos duplicados e valores estranhos depois de uma importacao CSV. Nota do utilizador: p.f. confirmar. Mixed note: please check today if possible, the client is confused and tired.",production,shop_floor,precisamos esta semana,data_issue / medium / technical_support,data_issue,medium,technical_support,
SIS-2026-0993,EtiquetaFina,labels,Dados inconsistentes em armazem,Os dados no stock nao batem certo. Ha registos duplicados e valores estranhos depois de uma importacao CSV. Nota do utilizador: p.f. confirmar.,stock,barcode_labels,precisamos esta semana,data_issue / medium / support_level_1,data_issue,medium,development,
SIS-2026-0994,GrafiNorte SA,printing,Saldo/valores nao batem em IVA,"Os dados no serie de faturacao nao batem certo. Ha registos duplicados e valores estranhos depois de uma importacao CSV. Se possivel, encaminhar para Marta Silva, que ja conhece este cliente. Impacto informado: quando possivel. Nota do utilizador: p.f. confirmar.",invoicing,credit_notes,sem urgencia,data_issue / low / support_level_1,data_issue,low,technical_support,Marta Silva
SIS-2026-0995,PrintWorks Porto,printing,Duvida sobre planeamento / scheduling,"Duvida funcional: onde esta a opcao para scheduling? Nao parece erro tecnico. Se possivel, encaminhar para Helena Rocha, que ja conhece este cliente. Impacto informado: melhoria para analisar. Nota do utilizador: nao sei se e bug ou configuracao.",production,scheduling,quando possivel,client_misunderstanding / low / support_level_1,client_misunderstanding,low,support_level_1,Helena Rocha
SIS-2026-0996,EtiquetaFina,labels,URGENTE - Timeout/lentidao no acesso a notificacoes,O sistema esta muito lento e da timeout ao abrir notificacoes. Varios utilizadores reportam falha de rede/VPN. Impacto informado: sem faturar. Nota do utilizador: ja reiniciamos e ficou igual.,general,performance,todos os utilizadores bloqueados,infrastructure_problem / critical / technical_support,infrastructure_problem,critical,infrastructure,
SIS-2026-0997,EuroPackaging PT,packaging,KPI bloqueia ao validar custom_reports,"Bom dia, no cliente EuroPackaging PT aparece erro 500 quando tentamos usar export Excel. O custom_reports fica bloqueado e nao grava os dados. Impacto informado: cannot invoice. Nota do utilizador: p.f. confirmar.",reporting,custom_reports,critico,client_misunderstanding / high / technical_support,software_bug,critical,development,
SIS-2026-0998,GrafiNorte SA,printing,Saldo/valores nao batem em reconciliacao bancaria,"Depois do upload, o bank_reconciliation ficou com saldos incorretos. O cliente diz que o Excel original esta correto. Nota do utilizador: temos prints mas ainda nao anexei.",accounting,bank_reconciliation,acontece algumas vezes,data_issue / low / technical_support,data_issue,medium,technical_support,
SIS-2026-0999,GrafiNorte SA,printing,VPN/server problem affects edi,"Server seems unstable. Login works sometimes, then edi stops responding. Impacto informado: precisamos esta semana. Nota do utilizador: temos prints mas ainda nao anexei. Mixed note: please check today if possible, the client is confused and tired.",integrations,edi,precisamos esta semana,infrastructure_problem / medium / infrastructure,infrastructure_problem,medium,infrastructure,
SIS-2026-1000,GrafiNorte SA,printing,Permissoes e settings para factura,Can you change the workflow/template for e_invoice? The current settings do not match the client's process. Impacto informado: impacto moderado. Nota do utilizador: nao sei se e bug ou configuracao.,invoicing,e_invoice,precisamos esta semana,configuration_request / medium / support_level_1,configuration_request,medium,support_level_1,Marta Silva
SIS-2026-1001,Braga Print House,printing,Exception quando usamos shop_floor,"Bom dia, no cliente Braga Print House aparece erro 500 quando tentamos usar ordem de fabrico. O shop_floor fica bloqueado e nao grava os dados. Impacto informado: fecho do mes. Nota do utilizador: nao sei se e bug ou configuracao.",production,shop_floor,cliente a espera,software_bug / high / development,software_bug,high,development,
SIS-2026-1002,MetalLabel,industrial manufacturing,Falha de rede ao abrir relatorio,"Desde esta manha ha problema de certificado, backup ou network e o ambiente fica inacessivel. Impacto informado: precisamos ainda hoje. Nota do utilizador: ja reiniciamos e ficou igual.",reporting,dashboards,afeta varios utilizadores,client_misunderstanding / critical / training_consulting,infrastructure_problem,high,infrastructure,Joao Pereira
SIS-2026-1003,Braga Print House,printing,Melhoria desejada em IVA,"Seria possivel adicionar uma regra extra no journal_entries? Hoje fazem isto fora do sistema. Impacto informado: quando possivel. Mixed note: please check today if possible, the client is confused and tired.",accounting,journal_entries,pode esperar,feature_request / low / account_management,feature_request,low,account_management,Marta Silva
SIS-2026-1004,Cartonagem Douro,packaging,Saldo/valores nao batem em producao,"Depois do upload, o cost_calculation ficou com saldos incorretos. O cliente diz que o Excel original esta correto. Impacto informado: quando possivel. Nota do utilizador: sorry pelo detalhe incompleto.",production,cost_calculation,melhoria para analisar,data_issue / low / account_management,data_issue,low,account_management,
SIS-2026-1005,LusoPack Embalagens,packaging,Importacao criou registos errados no stock_movements,A listagem mostra records em falta e totais diferentes entre ecra e relatorio. Impacto informado: impacto moderado.,stock,stock_movements,acontece algumas vezes,training_needed / critical / account_management,data_issue,medium,support_level_1,
SIS-2026-1006,AlfaForms,forms and labels,Training request for inventory_counts,Precisamos de workshop para explicar o fluxo correto e boas praticas. Impacto informado: sem urgencia. Nota do utilizador: isto acontece no ambiente real.,stock,inventory_counts,duvida simples,training_needed / low / support_level_1,training_needed,low,training_consulting,
SIS-2026-1007,MetalLabel,industrial manufacturing,URGENTE - Erro no lancamentos: saft_export nao grava,"Bom dia, no cliente MetalLabel aparece erro 500 quando tentamos usar SAF-T. O saft_export fica bloqueado e nao grava os dados. Impacto informado: sem faturar. Nota do utilizador: nao sei se e bug ou configuracao.",accounting,saft_export,todos os utilizadores bloqueados,software_bug / critical / technical_support,software_bug,critical,technical_support,
SIS-2026-1008,AlfaForms,forms and labels,Melhoria desejada em serie de faturacao,"Feature request para avaliar em roadmap; o processo atual funciona mas tem muito trabalho manual. Se possivel, encaminhar para Helena Rocha, que ja conhece este cliente. Nota do utilizador: maybe it is just a setting.",invoicing,tax_validation,acontece algumas vezes,feature_request / medium / account_management,feature_request,medium,account_management,Helena Rocha
SIS-2026-1009,AlfaForms,forms and labels,Bug after update in movimentos,"After the last update, stock started throwing an exception in barcode_labels. Users repeat the same steps and it crashes. Impacto informado: cliente a espera. Mixed note: please check today if possible, the client is confused and tired.",stock,barcode_labels,cliente a espera,software_bug / high / development,software_bug,high,development,Ana Martins
SIS-2026-1010,MetalLabel,industrial manufacturing,Alterar workflow/template de warehouse_transfer,Can you change the workflow/template for warehouse_transfer? The current settings do not match the client's process. Impacto informado: pode esperar.,stock,warehouse_transfer,sem urgencia,configuration_request / low / technical_support,configuration_request,low,technical_support,
SIS-2026-1011,PlastiCentro,plastics,Duplicados depois de upload para work_orders,"Depois do upload, o work_orders ficou com saldos incorretos. O cliente diz que o Excel original esta correto. Nota do utilizador: o utilizador diz que ontem funcionava.",production,work_orders,afeta uma equipa,software_bug / low / training_consulting,data_issue,medium,development,
SIS-2026-1012,LusoPack Embalagens,packaging,Formacao para equipa em permissoes,"A equipa esta a usar mal o processo. Sugerimos uma sessao curta de training para evitar tickets repetidos. Se possivel, encaminhar para Joao Pereira, que ja conhece este cliente. Impacto informado: afeta uma equipa. Mixed note: please check today if possible, the client is confused and tired.",user_permissions,access_rights,impacto moderado,training_needed / medium / training_consulting,training_needed,medium,training_consulting,Joao Pereira
SIS-2026-1013,MetalLabel,industrial manufacturing,Ambiente Sistrade instavel,"Desde esta manha ha problema de certificado, backup ou network e o ambiente fica inacessivel. Impacto informado: fecho do mes. Nota do utilizador: nao sei se e bug ou configuracao.",stock,inventory_counts,precisamos ainda hoje,training_needed / medium / training_consulting,infrastructure_problem,high,infrastructure,Rui Costa
SIS-2026-1014,PlastiCentro,plastics,URGENTE - Permissoes e settings para serie de faturacao,"Pedido para ajustar permissoes, perfis ou parametros relacionados com fatura. Impacto informado: precisamos ainda hoje. Nota do utilizador: nao sei se e bug ou configuracao.",invoicing,invoice_emission,cliente a espera,configuration_request / high / support_level_1,configuration_request,high,support_level_1,
SIS-2026-1015,AlfaForms,forms and labels,Feature request: cliente,"O cliente gostava de uma nova opcao em pipeline comercial. Nao e erro, e melhoria para reduzir passos manuais. Impacto informado: melhoria para analisar.",CRM,complaints,quando possivel,feature_request / low / account_management,feature_request,low,account_management,
SIS-2026-1016,TextilMinho,textile,URGENTE - Importacao criou registos errados no saft_export,"Depois do upload, o saft_export ficou com saldos incorretos. O cliente diz que o Excel original esta correto. Mixed note: please check today if possible, the client is confused and tired.",accounting,saft_export,afeta varios utilizadores,data_issue / high / development,data_issue,high,development,
SIS-2026-1017,Braga Print House,printing,URGENTE - Exception quando usamos edi,"After the last update, API started throwing an exception in edi. Users repeat the same steps and it crashes. Impacto informado: precisamos ainda hoje. Nota do utilizador: ja reiniciamos e ficou igual. Mixed note: please check today if possible, the client is confused and tired.",integrations,edi,fecho do mes,software_bug / high / development,software_bug,high,development,Marta Silva
SIS-2026-1018,PrintWorks Porto,printing,URGENTE - Ambiente Sistrade instavel,"O sistema esta muito lento e da timeout ao abrir integracao. Varios utilizadores reportam falha de rede/VPN. Nota do utilizador: p.f. confirmar. Mixed note: please check today if possible, the client is confused and tired.",integrations,api,cliente a espera,infrastructure_problem / high / infrastructure,infrastructure_problem,high,infrastructure,
SIS-2026-1019,AlfaForms,forms and labels,Melhoria desejada em contactos,"O cliente gostava de uma nova opcao em cliente. Nao e erro, e melhoria para reduzir passos manuais. Impacto informado: quando possivel. Nota do utilizador: maybe it is just a setting.",CRM,customer_cards,quando possivel,feature_request / high / development,feature_request,low,development,
SIS-2026-1020,PlastiCentro,plastics,Nova opcao para credit_notes,"O cliente gostava de uma nova opcao em IVA. Nao e erro, e melhoria para reduzir passos manuais. Impacto informado: pode esperar. Nota do utilizador: sorry pelo detalhe incompleto.",invoicing,credit_notes,pode esperar,training_needed / critical / training_consulting,feature_request,low,support_level_1,
SIS-2026-1021,FlexoPrime,printing,pipeline comercial bloqueia ao validar commercial_pipeline,"After the last update, pipeline comercial started throwing an exception in commercial_pipeline. Users repeat the same steps and it crashes. Impacto informado: acontece algumas vezes. Nota do utilizador: o utilizador diz que ontem funcionava. Mixed note: please check today if possible, the client is confused and tired.",CRM,commercial_pipeline,afeta uma equipa,client_misunderstanding / low / technical_support,software_bug,medium,development,
SIS-2026-1022,AlfaForms,forms and labels,Como fazer no ecra de notificacoes?,O utilizador pergunta como fazer esta operacao no notificacoes. Parece que nao encontra o menu correto para performance. Impacto informado: precisamos ainda hoje. Nota do utilizador: o utilizador diz que ontem funcionava.,general,performance,urgente,client_misunderstanding / high / support_level_1,client_misunderstanding,high,support_level_1,
SIS-2026-1023,EuroPackaging PT,packaging,VPN/server problem affects api,"Server seems unstable. Login works sometimes, then api stops responding. Se possivel, encaminhar para Miguel Santos, que ja conhece este cliente. Impacto informado: fecho do mes. Nota do utilizador: nao sei se e bug ou configuracao.",integrations,api,afeta varios utilizadores,infrastructure_problem / medium / infrastructure,infrastructure_problem,high,infrastructure,Miguel Santos
SIS-2026-1024,AlfaForms,forms and labels,Seria possivel adicionar regra em customer_cards?,"O cliente gostava de uma nova opcao em pipeline comercial. Nao e erro, e melhoria para reduzir passos manuais. Impacto informado: acontece algumas vezes. Nota do utilizador: nao sei se e bug ou configuracao.",CRM,customer_cards,afeta uma equipa,feature_request / medium / account_management,feature_request,medium,account_management,
SIS-2026-1025,EuroPackaging PT,packaging,URGENTE - Feature request: CRM,"O cliente gostava de uma nova opcao em cliente. Nao e erro, e melhoria para reduzir passos manuais. Impacto informado: afeta varios utilizadores. Nota do utilizador: temos prints mas ainda nao anexei.",CRM,complaints,fecho do mes,feature_request / high / account_management,feature_request,high,account_management,
SIS-2026-1026,EuroPackaging PT,packaging,URGENTE - VPN/server problem affects login,O sistema esta muito lento e da timeout ao abrir ambiente. Varios utilizadores reportam falha de rede/VPN.,general,login,fecho do mes,training_needed / low / account_management,infrastructure_problem,high,infrastructure,Rui Costa
SIS-2026-1027,FlexoPrime,printing,Erro no custos: scheduling nao grava,"After the last update, planeamento started throwing an exception in scheduling. Users repeat the same steps and it crashes. Impacto informado: ASAP.",production,scheduling,cannot invoice,software_bug / critical / support_level_1,software_bug,critical,technical_support,Rui Costa
SIS-2026-1028,Braga Print House,printing,Permissoes e settings para fatura,"Precisamos configurar regras novas no factura, especialmente no invoice_emission. E uma parametrizacao pedida pela direcao. Impacto informado: precisamos ainda hoje. Nota do utilizador: isto acontece no ambiente real.",invoicing,invoice_emission,fecho do mes,configuration_request / high / training_consulting,configuration_request,high,training_consulting,
SIS-2026-1029,Braga Print House,printing,Utilizador nao encontra opcao em navigation,O utilizador pergunta como fazer esta operacao no notificacoes. Parece que nao encontra o menu correto para navigation. Impacto informado: impacto moderado. Nota do utilizador: isto acontece no ambiente real.,general,navigation,precisamos esta semana,client_misunderstanding / high / support_level_1,client_misunderstanding,medium,support_level_1,
SIS-2026-1030,FlexoPrime,printing,URGENTE - Bug after update in ordem de fabrico,"Estamos a receber stacktrace no work_orders. Parece bug porque o mesmo processo funcionava ontem. Se possivel, encaminhar para Marta Silva, que ja conhece este cliente.",production,work_orders,producao parada,software_bug / critical / development,software_bug,critical,development,Marta Silva
SIS-2026-1031,GrafiNorte SA,printing,Permissoes e settings para factura,"Precisamos configurar regras novas no invoice, especialmente no e_invoice. E uma parametrizacao pedida pela direcao. Nota do utilizador: isto acontece no ambiente real.",invoicing,e_invoice,afeta uma equipa,client_misunderstanding / low / technical_support,configuration_request,medium,training_consulting,
SIS-2026-1032,MetalLabel,industrial manufacturing,URGENTE - Exception quando usamos commercial_pipeline,"Bom dia, no cliente MetalLabel aparece erro 500 quando tentamos usar pipeline comercial. O commercial_pipeline fica bloqueado e nao grava os dados. Impacto informado: precisamos ainda hoje. Nota do utilizador: ja reiniciamos e ficou igual.",CRM,commercial_pipeline,urgente,software_bug / critical / technical_support,software_bug,high,technical_support,
SIS-2026-1033,EtiquetaFina,labels,URGENTE - Falha de rede ao abrir export Excel,"Desde esta manha ha problema de certificado, backup ou network e o ambiente fica inacessivel. Impacto informado: critico. Nota do utilizador: temos prints mas ainda nao anexei. Mixed note: please check today if possible, the client is confused and tired.",reporting,excel_export,sem faturar,infrastructure_problem / high / infrastructure,infrastructure_problem,critical,infrastructure,
SIS-2026-1034,TextilMinho,textile,Duplicados depois de upload para stock_movements,"Depois do upload, o stock_movements ficou com saldos incorretos. O cliente diz que o Excel original esta correto. Impacto informado: afeta varios utilizadores.",stock,stock_movements,cliente a espera,data_issue / high / development,data_issue,high,development,Marta Silva
SIS-2026-1035,FlexoPrime,printing,Sessao de esclarecimento sobre IVA,A equipa esta a usar mal o processo. Sugerimos uma sessao curta de training para evitar tickets repetidos. Nota do utilizador: temos prints mas ainda nao anexei.,accounting,vat_report,sem urgencia,training_needed / low / training_consulting,training_needed,low,training_consulting,
SIS-2026-1036,GrafiNorte SA,printing,URGENTE - Utilizador nao encontra opcao em cost_calculation,"O utilizador pergunta como fazer esta operacao no shop floor. Parece que nao encontra o menu correto para cost_calculation. Se possivel, encaminhar para Rui Costa, que ja conhece este cliente. Impacto informado: afeta varios utilizadores. Nota do utilizador: ja reiniciamos e ficou igual.",production,cost_calculation,urgente,training_needed / low / technical_support,client_misunderstanding,high,support_level_1,Rui Costa
SIS-2026-1037,LusoPack Embalagens,packaging,Timeout/lentidao no acesso a webservice,O sistema esta muito lento e da timeout ao abrir ecommerce. Varios utilizadores reportam falha de rede/VPN. Impacto informado: producao parada. Nota do utilizador: nao sei se e bug ou configuracao.,integrations,edi,ASAP,infrastructure_problem / critical / technical_support,infrastructure_problem,critical,technical_support,
SIS-2026-1038,PrintWorks Porto,printing,URGENTE - serie de faturacao bloqueia ao validar e_invoice,"After the last update, fatura started throwing an exception in e_invoice. Users repeat the same steps and it crashes. Impacto informado: precisamos ainda hoje.",invoicing,e_invoice,precisamos ainda hoje,software_bug / high / technical_support,software_bug,high,technical_support,
SIS-2026-1039,FlexoPrime,printing,URGENTE - Timeout/lentidao no acesso a factura,"Desde esta manha ha problema de certificado, backup ou network e o ambiente fica inacessivel. Impacto informado: critico. Nota do utilizador: temos prints mas ainda nao anexei.",invoicing,e_invoice,critico,infrastructure_problem / high / account_management,infrastructure_problem,critical,infrastructure,
SIS-2026-1040,FlexoPrime,printing,Importacao criou registos errados no bank_reconciliation,Os dados no IVA nao batem certo. Ha registos duplicados e valores estranhos depois de uma importacao CSV. Impacto informado: fecho do mes. Nota do utilizador: p.f. confirmar.,accounting,bank_reconciliation,afeta varios utilizadores,data_issue / medium / training_consulting,data_issue,high,technical_support,
SIS-2026-1041,PrintWorks Porto,printing,Falha de rede ao abrir integracao,"Server seems unstable. Login works sometimes, then external_accounting stops responding. Nota do utilizador: sorry pelo detalhe incompleto.",integrations,external_accounting,acontece algumas vezes,infrastructure_problem / medium / infrastructure,infrastructure_problem,medium,infrastructure,
SIS-2026-1042,Cartonagem Douro,packaging,Exception quando usamos inventory_counts,"After the last update, inventario started throwing an exception in inventory_counts. Users repeat the same steps and it crashes. Impacto informado: cliente a espera. Nota do utilizador: p.f. confirmar.",stock,inventory_counts,fecho do mes,software_bug / medium / technical_support,software_bug,high,technical_support,
SIS-2026-1043,Cartonagem Douro,packaging,Melhoria desejada em movimentos,Feature request para avaliar em roadmap; o processo atual funciona mas tem muito trabalho manual. Nota do utilizador: o utilizador diz que ontem funcionava.,stock,barcode_labels,melhoria para analisar,feature_request / low / development,feature_request,low,development,
SIS-2026-1044,PlastiCentro,plastics,Nova opcao para saft_export,Seria possivel adicionar uma regra extra no saft_export? Hoje fazem isto fora do sistema. Impacto informado: pode esperar. Nota do utilizador: ja reiniciamos e ficou igual.,accounting,saft_export,pode esperar,configuration_request / critical / technical_support,feature_request,low,account_management,
SIS-2026-1045,FlexoPrime,printing,Nova opcao para stock_movements,"Seria possivel adicionar uma regra extra no stock_movements? Hoje fazem isto fora do sistema. Se possivel, encaminhar para Ana Martins, que ja conhece este cliente. Impacto informado: afeta uma equipa. Mixed note: please check today if possible, the client is confused and tired.",stock,stock_movements,afeta uma equipa,infrastructure_problem / critical / technical_support,feature_request,medium,account_management,Ana Martins
SIS-2026-1046,TextilMinho,textile,Seria possivel adicionar regra em complaints?,"Seria possivel adicionar uma regra extra no complaints? Hoje fazem isto fora do sistema. Se possivel, encaminhar para Joao Pereira, que ja conhece este cliente. Impacto informado: pode esperar. Nota do utilizador: p.f. confirmar.",CRM,complaints,melhoria para analisar,feature_request / low / support_level_1,feature_request,low,support_level_1,Joao Pereira
SIS-2026-1047,LusoPack Embalagens,packaging,URGENTE - Importacao criou registos errados no warehouse_transfer,"Depois do upload, o warehouse_transfer ficou com saldos incorretos. O cliente diz que o Excel original esta correto. Se possivel, encaminhar para Ana Martins, que ja conhece este cliente. Nota do utilizador: temos prints mas ainda nao anexei. Mixed note: please check today if possible, the client is confused and tired.",stock,warehouse_transfer,urgente,data_issue / critical / account_management,data_issue,high,technical_support,Ana Martins
SIS-2026-1048,Cartonagem Douro,packaging,Alterar workflow/template de dashboards,"Pedido para ajustar permissoes, perfis ou parametros relacionados com export Excel. Impacto informado: afeta uma equipa. Nota do utilizador: sorry pelo detalhe incompleto.",reporting,dashboards,afeta uma equipa,client_misunderstanding / low / development,configuration_request,medium,technical_support,Rui Costa
SIS-2026-1049,PrintWorks Porto,printing,Seria possivel adicionar regra em warehouse_transfer?,"Seria possivel adicionar uma regra extra no warehouse_transfer? Hoje fazem isto fora do sistema. Mixed note: please check today if possible, the client is confused and tired.",stock,warehouse_transfer,acontece algumas vezes,software_bug / low / training_consulting,feature_request,medium,account_management,
SIS-2026-1050,FlexoPrime,printing,Training request for e_invoice,"A equipa esta a usar mal o processo. Sugerimos uma sessao curta de training para evitar tickets repetidos. Se possivel, encaminhar para Marta Silva, que ja conhece este cliente. Impacto informado: sem urgencia.",invoicing,e_invoice,sem urgencia,infrastructure_problem / critical / infrastructure,training_needed,low,training_consulting,Marta Silva
SIS-2026-1051,GrafiNorte SA,printing,Feature request: ecommerce,"Feature request para avaliar em roadmap; o processo atual funciona mas tem muito trabalho manual. Se possivel, encaminhar para Rui Costa, que ja conhece este cliente. Impacto informado: precisamos esta semana. Nota do utilizador: maybe it is just a setting.",integrations,external_accounting,acontece algumas vezes,feature_request / medium / account_management,feature_request,medium,account_management,Rui Costa
SIS-2026-1052,Braga Print House,printing,contabilidade bloqueia ao validar saft_export,"Estamos a receber stacktrace no saft_export. Parece bug porque o mesmo processo funcionava ontem. Mixed note: please check today if possible, the client is confused and tired.",accounting,saft_export,deadline hoje,software_bug / critical / technical_support,software_bug,critical,technical_support,Helena Rocha
SIS-2026-1053,Braga Print House,printing,URGENTE - Erro no barcode: stock_movements nao grava,Estamos a receber stacktrace no stock_movements. Parece bug porque o mesmo processo funcionava ontem. Impacto informado: precisamos ainda hoje.,stock,stock_movements,fecho do mes,software_bug / low / development,software_bug,high,development,Helena Rocha
SIS-2026-1054,AlfaForms,forms and labels,barcode bloqueia ao validar warehouse_transfer,"After the last update, armazem started throwing an exception in warehouse_transfer. Users repeat the same steps and it crashes. Impacto informado: acontece algumas vezes.",stock,warehouse_transfer,precisamos esta semana,software_bug / medium / development,software_bug,medium,development,
SIS-2026-1055,EuroPackaging PT,packaging,URGENTE - ambiente bloqueia ao validar notifications,Estamos a receber stacktrace no notifications. Parece bug porque o mesmo processo funcionava ontem. Impacto informado: urgente.,general,notifications,fecho do mes,software_bug / high / development,software_bug,high,development,
SIS-2026-1056,Cartonagem Douro,packaging,Alterar workflow/template de barcode_labels,"Pedido para ajustar permissoes, perfis ou parametros relacionados com movimentos. Impacto informado: impacto moderado.",stock,barcode_labels,impacto moderado,training_needed / critical / technical_support,configuration_request,medium,training_consulting,
SIS-2026-1057,GrafiNorte SA,printing,Exception quando usamos kpi_analysis,"After the last update, analise started throwing an exception in kpi_analysis. Users repeat the same steps and it crashes. Se possivel, encaminhar para Marta Silva, que ja conhece este cliente.",reporting,kpi_analysis,precisamos esta semana,data_issue / high / technical_support,software_bug,medium,development,Marta Silva
SIS-2026-1058,MetalLabel,industrial manufacturing,Pedido de parametrizacao para password,"Precisamos configurar regras novas no acessos, especialmente no roles_profiles. E uma parametrizacao pedida pela direcao. Impacto informado: afeta uma equipa. Nota do utilizador: isto acontece no ambiente real.",user_permissions,roles_profiles,impacto moderado,configuration_request / medium / technical_support,configuration_request,medium,technical_support,
SIS-2026-1059,EtiquetaFina,labels,Duvida sobre planeamento / cost_calculation,O utilizador pergunta como fazer esta operacao no ordem de fabrico. Parece que nao encontra o menu correto para cost_calculation. Impacto informado: fecho do mes.,production,cost_calculation,precisamos ainda hoje,client_misunderstanding / high / support_level_1,client_misunderstanding,high,support_level_1,Rui Costa
SIS-2026-1060,Braga Print House,printing,Como fazer no ecra de password?,"Duvida funcional: onde esta a opcao para password_policy? Nao parece erro tecnico. Se possivel, encaminhar para Ana Martins, que ja conhece este cliente. Impacto informado: pode esperar. Nota do utilizador: temos prints mas ainda nao anexei.",user_permissions,password_policy,pode esperar,client_misunderstanding / low / account_management,client_misunderstanding,low,support_level_1,Ana Martins
SIS-2026-1061,TextilMinho,textile,Alterar workflow/template de commercial_pipeline,"Can you change the workflow/template for commercial_pipeline? The current settings do not match the client's process. Impacto informado: precisamos esta semana. Nota do utilizador: nao sei se e bug ou configuracao. Mixed note: please check today if possible, the client is confused and tired.",CRM,commercial_pipeline,afeta uma equipa,training_needed / critical / training_consulting,configuration_request,medium,technical_support,
SIS-2026-1062,AlfaForms,forms and labels,Melhoria desejada em IVA,"O cliente gostava de uma nova opcao em factura. Nao e erro, e melhoria para reduzir passos manuais. Impacto informado: impacto moderado. Nota do utilizador: nao sei se e bug ou configuracao.",invoicing,credit_notes,precisamos esta semana,client_misunderstanding / low / infrastructure,feature_request,medium,support_level_1,Ana Martins
SIS-2026-1063,PrintWorks Porto,printing,Novos utilizadores precisam treino de e_invoice,"A equipa esta a usar mal o processo. Sugerimos uma sessao curta de training para evitar tickets repetidos. Se possivel, encaminhar para Marta Silva, que ja conhece este cliente. Impacto informado: impacto moderado. Nota do utilizador: ja reiniciamos e ficou igual.",invoicing,e_invoice,acontece algumas vezes,feature_request / high / technical_support,training_needed,medium,support_level_1,Marta Silva
SIS-2026-1064,Braga Print House,printing,Need help understanding password,"Duvida funcional: onde esta a opcao para access_rights? Nao parece erro tecnico. Se possivel, encaminhar para Helena Rocha, que ja conhece este cliente. Impacto informado: duvida simples. Mixed note: please check today if possible, the client is confused and tired.",user_permissions,access_rights,duvida simples,software_bug / critical / infrastructure,client_misunderstanding,low,support_level_1,Helena Rocha
SIS-2026-1065,MetalLabel,industrial manufacturing,Duplicados depois de upload para saft_export,"A listagem mostra records em falta e totais diferentes entre ecra e relatorio. Nota do utilizador: sorry pelo detalhe incompleto. Mixed note: please check today if possible, the client is confused and tired.",accounting,saft_export,acontece algumas vezes,software_bug / high / account_management,data_issue,medium,technical_support,Rui Costa
SIS-2026-1066,PlastiCentro,plastics,Exception quando usamos shop_floor,"Estamos a receber stacktrace no shop_floor. Parece bug porque o mesmo processo funcionava ontem. Impacto informado: sem faturar. Mixed note: please check today if possible, the client is confused and tired.",production,shop_floor,critico,software_bug / low / development,software_bug,critical,development,
SIS-2026-1067,PlastiCentro,plastics,Ambiente Sistrade instavel,"Desde esta manha ha problema de certificado, backup ou network e o ambiente fica inacessivel. Se possivel, encaminhar para Marta Silva, que ja conhece este cliente. Impacto informado: impacto moderado. Nota do utilizador: isto acontece no ambiente real.",general,login,impacto moderado,infrastructure_problem / critical / technical_support,infrastructure_problem,medium,technical_support,Marta Silva
SIS-2026-1068,LusoPack Embalagens,packaging,Permissoes e settings para webservice,Can you change the workflow/template for external_accounting? The current settings do not match the client's process. Impacto informado: precisamos ainda hoje.,integrations,external_accounting,urgente,configuration_request / high / technical_support,configuration_request,high,technical_support,
SIS-2026-1069,TextilMinho,textile,Configurar cost_calculation em planeamento,"Pedido para ajustar permissoes, perfis ou parametros relacionados com ordem de fabrico. Impacto informado: acontece algumas vezes. Nota do utilizador: maybe it is just a setting.",production,cost_calculation,impacto moderado,configuration_request / medium / development,configuration_request,medium,training_consulting,
SIS-2026-1070,MetalLabel,industrial manufacturing,Pedido de parametrizacao para relatorio,Can you change the workflow/template for dashboards? The current settings do not match the client's process. Impacto informado: impacto moderado.,reporting,dashboards,impacto moderado,configuration_request / medium / infrastructure,configuration_request,medium,training_consulting,
SIS-2026-1071,EtiquetaFina,labels,integracao bloqueia ao validar edi,"Estamos a receber stacktrace no edi. Parece bug porque o mesmo processo funcionava ontem. Se possivel, encaminhar para Miguel Santos, que ja conhece este cliente. Impacto informado: urgente. Nota do utilizador: sorry pelo detalhe incompleto.",integrations,edi,precisamos ainda hoje,software_bug / high / development,software_bug,high,development,Miguel Santos
SIS-2026-1072,PrintWorks Porto,printing,Como fazer no ecra de SAF-T?,"We need help understanding the flow. The client thinks something is missing, but it may be normal behavior in contabilidade. Impacto informado: duvida simples.",accounting,bank_reconciliation,sem urgencia,client_misunderstanding / low / support_level_1,client_misunderstanding,low,support_level_1,
SIS-2026-1073,FlexoPrime,printing,URGENTE - Importacao criou registos errados no tax_validation,"Depois do upload, o tax_validation ficou com saldos incorretos. O cliente diz que o Excel original esta correto.",invoicing,tax_validation,fecho do mes,client_misunderstanding / critical / infrastructure,data_issue,high,development,Marta Silva
SIS-2026-1074,MetalLabel,industrial manufacturing,Permissoes e settings para IVA,"Precisamos configurar regras novas no serie de faturacao, especialmente no e_invoice. E uma parametrizacao pedida pela direcao. Impacto informado: impacto moderado.",invoicing,e_invoice,afeta uma equipa,configuration_request / medium / technical_support,configuration_request,medium,technical_support,
SIS-2026-1075,EtiquetaFina,labels,Utilizador nao encontra opcao em bank_reconciliation,O utilizador pergunta como fazer esta operacao no contabilidade. Parece que nao encontra o menu correto para bank_reconciliation.,accounting,bank_reconciliation,melhoria para analisar,infrastructure_problem / critical / technical_support,client_misunderstanding,low,training_consulting,
SIS-2026-1076,TextilMinho,textile,Seria possivel adicionar regra em opportunities?,"O cliente gostava de uma nova opcao em pipeline comercial. Nao e erro, e melhoria para reduzir passos manuais. Impacto informado: quando possivel. Nota do utilizador: nao sei se e bug ou configuracao.",CRM,opportunities,quando possivel,infrastructure_problem / high / technical_support,feature_request,low,development,
SIS-2026-1077,Braga Print House,printing,Erro no serie de faturacao: e_invoice nao grava,"After the last update, serie de faturacao started throwing an exception in e_invoice. Users repeat the same steps and it crashes.",invoicing,e_invoice,impacto moderado,data_issue / critical / account_management,software_bug,medium,development,Joao Pereira
SIS-2026-1078,AlfaForms,forms and labels,URGENTE - contabilidade bloqueia ao validar bank_reconciliation,Estamos a receber stacktrace no bank_reconciliation. Parece bug porque o mesmo processo funcionava ontem. Impacto informado: sem faturar. Nota do utilizador: o utilizador diz que ontem funcionava.,accounting,bank_reconciliation,ASAP,client_misunderstanding / low / infrastructure,software_bug,critical,technical_support,Ana Martins
SIS-2026-1079,PrintWorks Porto,printing,Como fazer no ecra de permissoes?,"We need help understanding the flow. The client thinks something is missing, but it may be normal behavior in password. Impacto informado: acontece algumas vezes.",user_permissions,approvals,precisamos esta semana,software_bug / low / training_consulting,client_misunderstanding,medium,support_level_1,
SIS-2026-1080,MetalLabel,industrial manufacturing,Seria possivel adicionar regra em stock_movements?,"Seria possivel adicionar uma regra extra no stock_movements? Hoje fazem isto fora do sistema. Impacto informado: afeta uma equipa. Mixed note: please check today if possible, the client is confused and tired.",stock,stock_movements,impacto moderado,infrastructure_problem / high / technical_support,feature_request,medium,account_management,
SIS-2026-1081,EtiquetaFina,labels,Melhoria desejada em relatorio,"Feature request para avaliar em roadmap; o processo atual funciona mas tem muito trabalho manual. Se possivel, encaminhar para Helena Rocha, que ja conhece este cliente. Impacto informado: melhoria para analisar. Nota do utilizador: maybe it is just a setting.",reporting,custom_reports,pode esperar,feature_request / low / development,feature_request,low,development,Helena Rocha
SIS-2026-1082,FlexoPrime,printing,Utilizador nao encontra opcao em excel_export,"We need help understanding the flow. The client thinks something is missing, but it may be normal behavior in relatorio. Impacto informado: impacto moderado. Nota do utilizador: temos prints mas ainda nao anexei.",reporting,excel_export,acontece algumas vezes,client_misunderstanding / medium / account_management,client_misunderstanding,medium,support_level_1,Joao Pereira
SIS-2026-1083,Cartonagem Douro,packaging,Alterar workflow/template de access_rights,"Pedido para ajustar permissoes, perfis ou parametros relacionados com acessos. Impacto informado: pode esperar.",user_permissions,access_rights,melhoria para analisar,software_bug / high / technical_support,configuration_request,low,training_consulting,
SIS-2026-1084,Cartonagem Douro,packaging,Feature request: reconciliacao bancaria,Seria possivel adicionar uma regra extra no bank_reconciliation? Hoje fazem isto fora do sistema. Impacto informado: pode esperar. Nota do utilizador: maybe it is just a setting.,accounting,bank_reconciliation,quando possivel,feature_request / low / account_management,feature_request,low,account_management,
SIS-2026-1085,Braga Print House,printing,Nova opcao para excel_export,"O cliente gostava de uma nova opcao em dashboard. Nao e erro, e melhoria para reduzir passos manuais. Se possivel, encaminhar para Miguel Santos, que ja conhece este cliente. Nota do utilizador: o utilizador diz que ontem funcionava.",reporting,excel_export,melhoria para analisar,feature_request / critical / development,feature_request,low,development,Miguel Santos
SIS-2026-1086,EuroPackaging PT,packaging,URGENTE - Bug after update in IVA,"Bom dia, no cliente EuroPackaging PT aparece erro 500 quando tentamos usar IVA. O e_invoice fica bloqueado e nao grava os dados. Impacto informado: fecho do mes.",invoicing,e_invoice,urgente,software_bug / high / development,software_bug,high,development,
SIS-2026-1087,PlastiCentro,plastics,Duvida sobre role / approvals,"O utilizador pergunta como fazer esta operacao no password. Parece que nao encontra o menu correto para approvals. Se possivel, encaminhar para Ana Martins, que ja conhece este cliente. Impacto informado: melhoria para analisar. Nota do utilizador: o utilizador diz que ontem funcionava.",user_permissions,approvals,sem urgencia,client_misunderstanding / low / support_level_1,client_misunderstanding,low,support_level_1,Ana Martins
SIS-2026-1088,AlfaForms,forms and labels,Alterar workflow/template de work_orders,"Precisamos configurar regras novas no shop floor, especialmente no work_orders. E uma parametrizacao pedida pela direcao. Impacto informado: acontece algumas vezes. Nota do utilizador: sorry pelo detalhe incompleto. Mixed note: please check today if possible, the client is confused and tired.",production,work_orders,acontece algumas vezes,configuration_request / medium / technical_support,configuration_request,medium,technical_support,
SIS-2026-1089,Cartonagem Douro,packaging,Feature request: armazem,"O cliente gostava de uma nova opcao em stock. Nao e erro, e melhoria para reduzir passos manuais. Impacto informado: afeta uma equipa. Nota do utilizador: temos prints mas ainda nao anexei. Mixed note: please check today if possible, the client is confused and tired.",stock,barcode_labels,acontece algumas vezes,feature_request / medium / account_management,feature_request,medium,account_management,
SIS-2026-1090,Braga Print House,printing,Importacao criou registos errados no stock_movements,"Depois do upload, o stock_movements ficou com saldos incorretos. O cliente diz que o Excel original esta correto. Impacto informado: afeta uma equipa. Mixed note: please check today if possible, the client is confused and tired.",stock,stock_movements,acontece algumas vezes,data_issue / low / training_consulting,data_issue,medium,technical_support,
SIS-2026-1091,EtiquetaFina,labels,URGENTE - Erro no SAF-T: journal_entries nao grava,"Estamos a receber stacktrace no journal_entries. Parece bug porque o mesmo processo funcionava ontem. Se possivel, encaminhar para Marta Silva, que ja conhece este cliente. Mixed note: please check today if possible, the client is confused and tired.",accounting,journal_entries,sem faturar,data_issue / medium / training_consulting,software_bug,critical,development,Marta Silva
SIS-2026-1092,AlfaForms,forms and labels,factura bloqueia ao validar credit_notes,"After the last update, serie de faturacao started throwing an exception in credit_notes. Users repeat the same steps and it crashes. Impacto informado: afeta varios utilizadores. Nota do utilizador: sorry pelo detalhe incompleto.",invoicing,credit_notes,urgente,configuration_request / medium / training_consulting,software_bug,high,technical_support,
SIS-2026-1093,EuroPackaging PT,packaging,URGENTE - VPN/server problem affects shop_floor,"Server seems unstable. Login works sometimes, then shop_floor stops responding. Nota do utilizador: p.f. confirmar.",production,shop_floor,critico,infrastructure_problem / critical / training_consulting,infrastructure_problem,critical,infrastructure,
SIS-2026-1094,AlfaForms,forms and labels,Duvida sobre notificacoes / notifications,O utilizador pergunta como fazer esta operacao no notificacoes. Parece que nao encontra o menu correto para notifications. Impacto informado: impacto moderado.,general,notifications,impacto moderado,client_misunderstanding / medium / support_level_1,client_misunderstanding,medium,support_level_1,
SIS-2026-1095,EtiquetaFina,labels,Nova opcao para saft_export,"Feature request para avaliar em roadmap; o processo atual funciona mas tem muito trabalho manual. Se possivel, encaminhar para Helena Rocha, que ja conhece este cliente. Impacto informado: pode esperar.",accounting,saft_export,pode esperar,data_issue / critical / technical_support,feature_request,low,account_management,Helena Rocha
SIS-2026-1096,MetalLabel,industrial manufacturing,Bug after update in reconciliacao bancaria,Estamos a receber stacktrace no saft_export. Parece bug porque o mesmo processo funcionava ontem. Impacto informado: ASAP. Nota do utilizador: isto acontece no ambiente real.,accounting,saft_export,cannot invoice,software_bug / high / account_management,software_bug,critical,technical_support,
SIS-2026-1097,EtiquetaFina,labels,Permissoes e settings para API,"Precisamos configurar regras novas no ecommerce, especialmente no api. E uma parametrizacao pedida pela direcao. Impacto informado: acontece algumas vezes. Nota do utilizador: ja reiniciamos e ficou igual.",integrations,api,afeta uma equipa,configuration_request / medium / technical_support,configuration_request,medium,technical_support,
SIS-2026-1098,AlfaForms,forms and labels,Erro no analise: dashboards nao grava,"Estamos a receber stacktrace no dashboards. Parece bug porque o mesmo processo funcionava ontem. Impacto informado: ASAP. Nota do utilizador: temos prints mas ainda nao anexei. Mixed note: please check today if possible, the client is confused and tired.",reporting,dashboards,ASAP,software_bug / critical / development,software_bug,critical,development,
SIS-2026-1099,TextilMinho,textile,Utilizador nao encontra opcao em cost_calculation,O utilizador pergunta como fazer esta operacao no shop floor. Parece que nao encontra o menu correto para cost_calculation. Impacto informado: melhoria para analisar. Nota do utilizador: sorry pelo detalhe incompleto.,production,cost_calculation,quando possivel,client_misunderstanding / low / support_level_1,client_misunderstanding,low,support_level_1,
SIS-2026-1100,EuroPackaging PT,packaging,Utilizador nao encontra opcao em e_invoice,"Duvida funcional: onde esta a opcao para e_invoice? Nao parece erro tecnico. Se possivel, encaminhar para Miguel Santos, que ja conhece este cliente. Nota do utilizador: o utilizador diz que ontem funcionava.",invoicing,e_invoice,impacto moderado,client_misunderstanding / medium / support_level_1,client_misunderstanding,medium,support_level_1,Miguel Santos
SIS-2026-1101,AlfaForms,forms and labels,IVA bloqueia ao validar credit_notes,"Bom dia, no cliente AlfaForms aparece erro 500 quando tentamos usar IVA. O credit_notes fica bloqueado e nao grava os dados. Se possivel, encaminhar para Rui Costa, que ja conhece este cliente. Impacto informado: afeta uma equipa. Nota do utilizador: o utilizador diz que ontem funcionava.",invoicing,credit_notes,acontece algumas vezes,software_bug / medium / development,software_bug,medium,development,Rui Costa
SIS-2026-1102,MetalLabel,industrial manufacturing,Erro no API: api nao grava,"Bom dia, no cliente MetalLabel aparece erro 500 quando tentamos usar integracao. O api fica bloqueado e nao grava os dados. Impacto informado: afeta varios utilizadores. Nota do utilizador: sorry pelo detalhe incompleto.",integrations,api,fecho do mes,software_bug / high / infrastructure,software_bug,high,technical_support,
SIS-2026-1103,FlexoPrime,printing,Novos utilizadores precisam treino de inventory_counts,"Entraram novos utilizadores e precisam de formacao sobre movimentos. Querem exemplos praticos para inventory_counts. Impacto informado: impacto moderado. Nota do utilizador: maybe it is just a setting. Mixed note: please check today if possible, the client is confused and tired.",stock,inventory_counts,acontece algumas vezes,infrastructure_problem / low / support_level_1,training_needed,medium,training_consulting,
SIS-2026-1104,TextilMinho,textile,Como fazer no ecra de acessos?,"Duvida funcional: onde esta a opcao para approvals? Nao parece erro tecnico. Impacto informado: melhoria para analisar. Mixed note: please check today if possible, the client is confused and tired.",user_permissions,approvals,quando possivel,infrastructure_problem / medium / development,client_misunderstanding,low,support_level_1,
SIS-2026-1105,PrintWorks Porto,printing,API bloqueia ao validar api,"After the last update, API started throwing an exception in api. Users repeat the same steps and it crashes. Impacto informado: sem faturar.",integrations,api,deadline hoje,client_misunderstanding / medium / account_management,software_bug,critical,technical_support,Joao Pereira
SIS-2026-1106,AlfaForms,forms and labels,Saldo/valores nao batem em IVA,"Os dados no reconciliacao bancaria nao batem certo. Ha registos duplicados e valores estranhos depois de uma importacao CSV. Se possivel, encaminhar para Rui Costa, que ja conhece este cliente. Impacto informado: deadline hoje. Mixed note: please check today if possible, the client is confused and tired.",accounting,saft_export,ASAP,training_needed / medium / account_management,data_issue,critical,technical_support,Rui Costa
SIS-2026-1107,LusoPack Embalagens,packaging,Como fazer no ecra de producao?,"We need help understanding the flow. The client thinks something is missing, but it may be normal behavior in producao. Impacto informado: duvida simples. Nota do utilizador: sorry pelo detalhe incompleto.",production,shop_floor,sem urgencia,client_misunderstanding / low / support_level_1,client_misunderstanding,low,support_level_1,
SIS-2026-1108,EuroPackaging PT,packaging,URGENTE - Duvida sobre CRM / opportunities,Duvida funcional: onde esta a opcao para opportunities? Nao parece erro tecnico.,CRM,opportunities,cannot invoice,client_misunderstanding / critical / support_level_1,client_misunderstanding,critical,support_level_1,
SIS-2026-1109,AlfaForms,forms and labels,Configurar commercial_pipeline em CRM,Can you change the workflow/template for commercial_pipeline? The current settings do not match the client's process. Impacto informado: afeta uma equipa.,CRM,commercial_pipeline,acontece algumas vezes,configuration_request / medium / technical_support,configuration_request,medium,technical_support,
SIS-2026-1110,PrintWorks Porto,printing,URGENTE - Falha de rede ao abrir shop floor,"Server seems unstable. Login works sometimes, then scheduling stops responding. Se possivel, encaminhar para Rui Costa, que ja conhece este cliente. Impacto informado: afeta varios utilizadores. Nota do utilizador: nao sei se e bug ou configuracao.",production,scheduling,cliente a espera,software_bug / low / support_level_1,infrastructure_problem,high,infrastructure,Rui Costa
SIS-2026-1111,MetalLabel,industrial manufacturing,Dados inconsistentes em API,A listagem mostra records em falta e totais diferentes entre ecra e relatorio. Impacto informado: impacto moderado.,integrations,edi,afeta uma equipa,data_issue / high / support_level_1,data_issue,medium,support_level_1,
SIS-2026-1112,EuroPackaging PT,packaging,Bug after update in movimentos,"After the last update, armazem started throwing an exception in inventory_counts. Users repeat the same steps and it crashes. Se possivel, encaminhar para Joao Pereira, que ja conhece este cliente. Impacto informado: acontece algumas vezes. Nota do utilizador: p.f. confirmar. Mixed note: please check today if possible, the client is confused and tired.",stock,inventory_counts,acontece algumas vezes,software_bug / medium / technical_support,software_bug,medium,technical_support,Joao Pereira
SIS-2026-1113,FlexoPrime,printing,Utilizador nao encontra opcao em login,"We need help understanding the flow. The client thinks something is missing, but it may be normal behavior in login. Impacto informado: sem urgencia.",general,login,sem urgencia,client_misunderstanding / low / training_consulting,client_misunderstanding,low,training_consulting,
SIS-2026-1114,PlastiCentro,plastics,Configurar access_rights em role,"Precisamos configurar regras novas no role, especialmente no access_rights. E uma parametrizacao pedida pela direcao. Se possivel, encaminhar para Miguel Santos, que ja conhece este cliente. Impacto informado: precisamos ainda hoje. Mixed note: please check today if possible, the client is confused and tired.",user_permissions,access_rights,fecho do mes,configuration_request / high / technical_support,configuration_request,high,technical_support,Miguel Santos
SIS-2026-1115,TextilMinho,textile,Sessao de esclarecimento sobre producao,"A equipa esta a usar mal o processo. Sugerimos uma sessao curta de training para evitar tickets repetidos. Impacto informado: melhoria para analisar. Mixed note: please check today if possible, the client is confused and tired.",production,shop_floor,pode esperar,training_needed / low / account_management,training_needed,low,training_consulting,
SIS-2026-1116,MetalLabel,industrial manufacturing,Seria possivel adicionar regra em cost_calculation?,Feature request para avaliar em roadmap; o processo atual funciona mas tem muito trabalho manual. Impacto informado: pode esperar. Nota do utilizador: o utilizador diz que ontem funcionava.,production,cost_calculation,sem urgencia,infrastructure_problem / high / development,feature_request,low,account_management,
SIS-2026-1117,Cartonagem Douro,packaging,Ambiente Sistrade instavel,O sistema esta muito lento e da timeout ao abrir API. Varios utilizadores reportam falha de rede/VPN. Impacto informado: precisamos ainda hoje.,integrations,api,afeta varios utilizadores,infrastructure_problem / high / infrastructure,infrastructure_problem,high,infrastructure,
SIS-2026-1118,PlastiCentro,plastics,URGENTE - Saldo/valores nao batem em lancamentos,"Depois do upload, o vat_report ficou com saldos incorretos. O cliente diz que o Excel original esta correto. Se possivel, encaminhar para Ana Martins, que ja conhece este cliente. Nota do utilizador: ja reiniciamos e ficou igual.",accounting,vat_report,urgente,data_issue / high / development,data_issue,high,support_level_1,Ana Martins
SIS-2026-1119,GrafiNorte SA,printing,Duplicados depois de upload para journal_entries,"Depois do upload, o journal_entries ficou com saldos incorretos. O cliente diz que o Excel original esta correto. Impacto informado: acontece algumas vezes. Nota do utilizador: maybe it is just a setting.",accounting,journal_entries,acontece algumas vezes,client_misunderstanding / high / support_level_1,data_issue,medium,technical_support,
SIS-2026-1120,GrafiNorte SA,printing,Need help understanding login,Duvida funcional: onde esta a opcao para navigation? Nao parece erro tecnico. Impacto informado: duvida simples. Nota do utilizador: o utilizador diz que ontem funcionava.,general,navigation,duvida simples,client_misunderstanding / low / support_level_1,client_misunderstanding,low,support_level_1,
SIS-2026-1121,AlfaForms,forms and labels,Alterar workflow/template de customer_cards,"Precisamos configurar regras novas no contactos, especialmente no customer_cards. E uma parametrizacao pedida pela direcao. Impacto informado: precisamos esta semana. Mixed note: please check today if possible, the client is confused and tired.",CRM,customer_cards,afeta uma equipa,configuration_request / medium / support_level_1,configuration_request,medium,support_level_1,
SIS-2026-1122,MetalLabel,industrial manufacturing,Need help understanding IVA,O utilizador pergunta como fazer esta operacao no factura. Parece que nao encontra o menu correto para tax_validation. Nota do utilizador: temos prints mas ainda nao anexei.,invoicing,tax_validation,acontece algumas vezes,client_misunderstanding / medium / support_level_1,client_misunderstanding,medium,support_level_1,
SIS-2026-1123,TextilMinho,textile,URGENTE - Erro no invoice: credit_notes nao grava,"After the last update, IVA started throwing an exception in credit_notes. Users repeat the same steps and it crashes. Impacto informado: cliente a espera. Nota do utilizador: o utilizador diz que ontem funcionava.",invoicing,credit_notes,urgente,software_bug / high / development,software_bug,high,development,
SIS-2026-1124,EtiquetaFina,labels,URGENTE - Timeout/lentidao no acesso a EDI,"O sistema esta muito lento e da timeout ao abrir webservice. Varios utilizadores reportam falha de rede/VPN. Se possivel, encaminhar para Joao Pereira, que ja conhece este cliente. Impacto informado: producao parada. Nota do utilizador: p.f. confirmar. Mixed note: please check today if possible, the client is confused and tired.",integrations,edi,critico,infrastructure_problem / critical / infrastructure,infrastructure_problem,critical,infrastructure,Joao Pereira
SIS-2026-1125,EuroPackaging PT,packaging,Duvida sobre barcode / inventory_counts,"We need help understanding the flow. The client thinks something is missing, but it may be normal behavior in barcode. Se possivel, encaminhar para Miguel Santos, que ja conhece este cliente. Impacto informado: acontece algumas vezes. Nota do utilizador: p.f. confirmar.",stock,inventory_counts,precisamos esta semana,client_misunderstanding / medium / support_level_1,client_misunderstanding,medium,support_level_1,Miguel Santos
SIS-2026-1126,Cartonagem Douro,packaging,Como fazer no ecra de dashboard?,"We need help understanding the flow. The client thinks something is missing, but it may be normal behavior in relatorio. Nota do utilizador: ja reiniciamos e ficou igual. Mixed note: please check today if possible, the client is confused and tired.",reporting,custom_reports,quando possivel,client_misunderstanding / low / support_level_1,client_misunderstanding,low,support_level_1,
SIS-2026-1127,Cartonagem Douro,packaging,Timeout/lentidao no acesso a API,"Desde esta manha ha problema de certificado, backup ou network e o ambiente fica inacessivel. Se possivel, encaminhar para Helena Rocha, que ja conhece este cliente. Impacto informado: ASAP. Nota do utilizador: maybe it is just a setting.",integrations,api,todos os utilizadores bloqueados,data_issue / low / account_management,infrastructure_problem,critical,technical_support,Helena Rocha
SIS-2026-1128,EuroPackaging PT,packaging,URGENTE - Bug after update in API,"After the last update, API started throwing an exception in webservices. Users repeat the same steps and it crashes. Se possivel, encaminhar para Miguel Santos, que ja conhece este cliente. Impacto informado: urgente. Nota do utilizador: maybe it is just a setting.",integrations,webservices,precisamos ainda hoje,feature_request / low / technical_support,software_bug,high,development,Miguel Santos
SIS-2026-1129,TextilMinho,textile,URGENTE - Saldo/valores nao batem em inventario,"Depois do upload, o barcode_labels ficou com saldos incorretos. O cliente diz que o Excel original esta correto. Mixed note: please check today if possible, the client is confused and tired.",stock,barcode_labels,precisamos ainda hoje,data_issue / high / technical_support,data_issue,high,technical_support,
SIS-2026-1130,Braga Print House,printing,URGENTE - VPN/server problem affects access_rights,"Server seems unstable. Login works sometimes, then access_rights stops responding. Se possivel, encaminhar para Joao Pereira, que ja conhece este cliente. Impacto informado: precisamos ainda hoje. Nota do utilizador: maybe it is just a setting.",user_permissions,access_rights,urgente,software_bug / medium / account_management,infrastructure_problem,high,infrastructure,Joao Pereira
SIS-2026-1131,TextilMinho,textile,Permissoes e settings para producao,"Can you change the workflow/template for shop_floor? The current settings do not match the client's process. Se possivel, encaminhar para Ana Martins, que ja conhece este cliente. Impacto informado: afeta varios utilizadores. Mixed note: please check today if possible, the client is confused and tired.",production,shop_floor,fecho do mes,software_bug / low / training_consulting,configuration_request,high,support_level_1,Ana Martins
SIS-2026-1132,EuroPackaging PT,packaging,Seria possivel adicionar regra em scheduling?,"Feature request para avaliar em roadmap; o processo atual funciona mas tem muito trabalho manual. Impacto informado: duvida simples. Nota do utilizador: ja reiniciamos e ficou igual. Mixed note: please check today if possible, the client is confused and tired.",production,scheduling,melhoria para analisar,training_needed / high / infrastructure,feature_request,low,support_level_1,
SIS-2026-1133,PlastiCentro,plastics,Importacao criou registos errados no saft_export,"Depois do upload, o saft_export ficou com saldos incorretos. O cliente diz que o Excel original esta correto. Impacto informado: afeta varios utilizadores. Nota do utilizador: p.f. confirmar.",accounting,saft_export,fecho do mes,feature_request / low / training_consulting,data_issue,high,account_management,Helena Rocha
SIS-2026-1134,FlexoPrime,printing,Como fazer no ecra de permissoes?,"We need help understanding the flow. The client thinks something is missing, but it may be normal behavior in perfil. Impacto informado: quando possivel.",user_permissions,access_rights,duvida simples,feature_request / critical / technical_support,client_misunderstanding,low,support_level_1,
SIS-2026-1135,FlexoPrime,printing,Configurar scheduling em planeamento,"Precisamos configurar regras novas no ordem de fabrico, especialmente no scheduling. E uma parametrizacao pedida pela direcao. Impacto informado: acontece algumas vezes. Nota do utilizador: p.f. confirmar.",production,scheduling,afeta uma equipa,client_misunderstanding / low / development,configuration_request,medium,support_level_1,
SIS-2026-1136,PlastiCentro,plastics,URGENTE - Exception quando usamos e_invoice,"Bom dia, no cliente PlastiCentro aparece erro 500 quando tentamos usar factura. O e_invoice fica bloqueado e nao grava os dados. Impacto informado: cliente a espera. Nota do utilizador: maybe it is just a setting. Mixed note: please check today if possible, the client is confused and tired.",invoicing,e_invoice,afeta varios utilizadores,configuration_request / low / support_level_1,software_bug,high,technical_support,
SIS-2026-1137,MetalLabel,industrial manufacturing,Permissoes e settings para planeamento,Can you change the workflow/template for shop_floor? The current settings do not match the client's process. Impacto informado: acontece algumas vezes.,production,shop_floor,impacto moderado,feature_request / critical / infrastructure,configuration_request,medium,support_level_1,Joao Pereira
SIS-2026-1138,PlastiCentro,plastics,Pedido de parametrizacao para CRM,"Precisamos configurar regras novas no contactos, especialmente no opportunities. E uma parametrizacao pedida pela direcao. Nota do utilizador: isto acontece no ambiente real.",CRM,opportunities,sem urgencia,software_bug / medium / support_level_1,configuration_request,low,development,Miguel Santos
SIS-2026-1139,MetalLabel,industrial manufacturing,URGENTE - producao bloqueia ao validar work_orders,"Bom dia, no cliente MetalLabel aparece erro 500 quando tentamos usar producao. O work_orders fica bloqueado e nao grava os dados. Impacto informado: urgente. Nota do utilizador: temos prints mas ainda nao anexei.",production,work_orders,precisamos ainda hoje,data_issue / low / technical_support,software_bug,high,development,
SIS-2026-1140,Cartonagem Douro,packaging,Dados inconsistentes em stock,"Depois do upload, o warehouse_transfer ficou com saldos incorretos. O cliente diz que o Excel original esta correto. Impacto informado: impacto moderado. Nota do utilizador: isto acontece no ambiente real.",stock,warehouse_transfer,acontece algumas vezes,data_issue / critical / technical_support,data_issue,medium,technical_support,
SIS-2026-1141,Braga Print House,printing,URGENTE - Erro no export Excel: dashboards nao grava,"After the last update, relatorio started throwing an exception in dashboards. Users repeat the same steps and it crashes. Nota do utilizador: maybe it is just a setting.",reporting,dashboards,cliente a espera,software_bug / high / development,software_bug,high,development,
SIS-2026-1142,LusoPack Embalagens,packaging,Duvida sobre cliente / opportunities,"O utilizador pergunta como fazer esta operacao no cliente. Parece que nao encontra o menu correto para opportunities. Impacto informado: acontece algumas vezes. Mixed note: please check today if possible, the client is confused and tired.",CRM,opportunities,afeta uma equipa,client_misunderstanding / medium / support_level_1,client_misunderstanding,medium,support_level_1,
SIS-2026-1143,AlfaForms,forms and labels,URGENTE - Alterar workflow/template de access_rights,"Precisamos configurar regras novas no role, especialmente no access_rights. E uma parametrizacao pedida pela direcao. Impacto informado: todos os utilizadores bloqueados.",user_permissions,access_rights,critico,configuration_request / critical / development,configuration_request,critical,training_consulting,
SIS-2026-1144,EtiquetaFina,labels,Como fazer no ecra de contactos?,"We need help understanding the flow. The client thinks something is missing, but it may be normal behavior in oportunidade. Se possivel, encaminhar para Helena Rocha, que ja conhece este cliente. Impacto informado: acontece algumas vezes.",CRM,commercial_pipeline,precisamos esta semana,client_misunderstanding / medium / support_level_1,client_misunderstanding,medium,support_level_1,Helena Rocha
SIS-2026-1145,EtiquetaFina,labels,Erro no ordem de fabrico: shop_floor nao grava,"Estamos a receber stacktrace no shop_floor. Parece bug porque o mesmo processo funcionava ontem. Impacto informado: ASAP. Mixed note: please check today if possible, the client is confused and tired.",production,shop_floor,ASAP,configuration_request / medium / training_consulting,software_bug,critical,development,Helena Rocha
SIS-2026-1146,Braga Print House,printing,Nova opcao para excel_export,"O cliente gostava de uma nova opcao em relatorio. Nao e erro, e melhoria para reduzir passos manuais. Impacto informado: pode esperar. Nota do utilizador: nao sei se e bug ou configuracao. Mixed note: please check today if possible, the client is confused and tired.",reporting,excel_export,pode esperar,infrastructure_problem / high / technical_support,feature_request,low,account_management,
SIS-2026-1147,Braga Print House,printing,Permissoes e settings para CRM,Can you change the workflow/template for customer_cards? The current settings do not match the client's process. Impacto informado: impacto moderado.,CRM,customer_cards,impacto moderado,configuration_request / medium / training_consulting,configuration_request,medium,training_consulting,
SIS-2026-1148,FlexoPrime,printing,URGENTE - contabilidade bloqueia ao validar saft_export,Estamos a receber stacktrace no saft_export. Parece bug porque o mesmo processo funcionava ontem. Impacto informado: cliente a espera. Nota do utilizador: maybe it is just a setting.,accounting,saft_export,urgente,software_bug / low / development,software_bug,high,development,
SIS-2026-1149,PrintWorks Porto,printing,URGENTE - Importacao criou registos errados no scheduling,"A listagem mostra records em falta e totais diferentes entre ecra e relatorio. Se possivel, encaminhar para Miguel Santos, que ja conhece este cliente. Impacto informado: cannot invoice. Mixed note: please check today if possible, the client is confused and tired.",production,scheduling,cannot invoice,software_bug / low / training_consulting,data_issue,critical,development,Miguel Santos
SIS-2026-1150,AlfaForms,forms and labels,Alterar workflow/template de roles_profiles,"Precisamos configurar regras novas no password, especialmente no roles_profiles. E uma parametrizacao pedida pela direcao. Impacto informado: impacto moderado. Nota do utilizador: sorry pelo detalhe incompleto.",user_permissions,roles_profiles,precisamos esta semana,configuration_request / medium / technical_support,configuration_request,medium,technical_support,
SIS-2026-1151,PlastiCentro,plastics,Exception quando usamos saft_export,"Bom dia, no cliente PlastiCentro aparece erro 500 quando tentamos usar SAF-T. O saft_export fica bloqueado e nao grava os dados. Se possivel, encaminhar para Miguel Santos, que ja conhece este cliente. Nota do utilizador: nao sei se e bug ou configuracao. Mixed note: please check today if possible, the client is confused and tired.",accounting,saft_export,precisamos ainda hoje,software_bug / critical / technical_support,software_bug,high,technical_support,Miguel Santos
SIS-2026-1152,TextilMinho,textile,URGENTE - ordem de fabrico bloqueia ao validar shop_floor,Estamos a receber stacktrace no shop_floor. Parece bug porque o mesmo processo funcionava ontem. Impacto informado: cliente a espera. Nota do utilizador: nao sei se e bug ou configuracao.,production,shop_floor,afeta varios utilizadores,client_misunderstanding / medium / support_level_1,software_bug,high,technical_support,
SIS-2026-1153,EuroPackaging PT,packaging,Utilizador nao encontra opcao em tax_validation,"Duvida funcional: onde esta a opcao para tax_validation? Nao parece erro tecnico. Nota do utilizador: maybe it is just a setting. Mixed note: please check today if possible, the client is confused and tired.",invoicing,tax_validation,acontece algumas vezes,software_bug / critical / technical_support,client_misunderstanding,medium,support_level_1,Ana Martins
SIS-2026-1154,FlexoPrime,printing,Importacao criou registos errados no saft_export,Os dados no SAF-T nao batem certo. Ha registos duplicados e valores estranhos depois de uma importacao CSV. Impacto informado: fecho do mes.,accounting,saft_export,precisamos ainda hoje,data_issue / high / development,data_issue,high,development,
SIS-2026-1155,LusoPack Embalagens,packaging,Duvida sobre perfil / access_rights,O utilizador pergunta como fazer esta operacao no password. Parece que nao encontra o menu correto para access_rights. Impacto informado: afeta uma equipa. Nota do utilizador: p.f. confirmar.,user_permissions,access_rights,impacto moderado,infrastructure_problem / high / training_consulting,client_misunderstanding,medium,support_level_1,Rui Costa
SIS-2026-1156,LusoPack Embalagens,packaging,Formacao para equipa em SAF-T,"Entraram novos utilizadores e precisam de formacao sobre IVA. Querem exemplos praticos para bank_reconciliation. Se possivel, encaminhar para Marta Silva, que ja conhece este cliente. Impacto informado: impacto moderado. Nota do utilizador: ja reiniciamos e ficou igual. Mixed note: please check today if possible, the client is confused and tired.",accounting,bank_reconciliation,acontece algumas vezes,training_needed / medium / training_consulting,training_needed,medium,training_consulting,Marta Silva
SIS-2026-1157,Cartonagem Douro,packaging,URGENTE - Exception quando usamos warehouse_transfer,"After the last update, stock started throwing an exception in warehouse_transfer. Users repeat the same steps and it crashes. Impacto informado: precisamos ainda hoje.",stock,warehouse_transfer,urgente,software_bug / high / development,software_bug,high,development,
SIS-2026-1158,PlastiCentro,plastics,Need help understanding barcode,O utilizador pergunta como fazer esta operacao no armazem. Parece que nao encontra o menu correto para barcode_labels. Impacto informado: pode esperar. Nota do utilizador: p.f. confirmar.,stock,barcode_labels,quando possivel,software_bug / critical / technical_support,client_misunderstanding,low,training_consulting,
SIS-2026-1159,EuroPackaging PT,packaging,Melhoria desejada em ambiente,Seria possivel adicionar uma regra extra no navigation? Hoje fazem isto fora do sistema. Impacto informado: duvida simples. Nota do utilizador: sorry pelo detalhe incompleto.,general,navigation,pode esperar,feature_request / high / account_management,feature_request,low,account_management,
SIS-2026-1160,EtiquetaFina,labels,Melhoria desejada em ecommerce,Feature request para avaliar em roadmap; o processo atual funciona mas tem muito trabalho manual. Nota do utilizador: o utilizador diz que ontem funcionava.,integrations,external_accounting,duvida simples,feature_request / low / account_management,feature_request,low,account_management,
SIS-2026-1161,Cartonagem Douro,packaging,URGENTE - Permissoes e settings para producao,"Precisamos configurar regras novas no producao, especialmente no work_orders. E uma parametrizacao pedida pela direcao. Impacto informado: fecho do mes.",production,work_orders,fecho do mes,configuration_request / high / technical_support,configuration_request,high,technical_support,
SIS-2026-1162,Cartonagem Douro,packaging,Dados inconsistentes em dashboard,Os dados no analise nao batem certo. Ha registos duplicados e valores estranhos depois de uma importacao CSV. Impacto informado: cliente a espera.,reporting,kpi_analysis,urgente,data_issue / high / support_level_1,data_issue,high,support_level_1,
SIS-2026-1163,PlastiCentro,plastics,Importacao criou registos errados no tax_validation,"Depois do upload, o tax_validation ficou com saldos incorretos. O cliente diz que o Excel original esta correto. Impacto informado: cliente a espera.",invoicing,tax_validation,precisamos ainda hoje,data_issue / medium / support_level_1,data_issue,high,account_management,
SIS-2026-1164,PlastiCentro,plastics,Saldo/valores nao batem em armazem,Os dados no movimentos nao batem certo. Ha registos duplicados e valores estranhos depois de uma importacao CSV. Impacto informado: afeta varios utilizadores.,stock,warehouse_transfer,afeta varios utilizadores,feature_request / medium / training_consulting,data_issue,high,support_level_1,
SIS-2026-1165,AlfaForms,forms and labels,Sessao de esclarecimento sobre export Excel,Entraram novos utilizadores e precisam de formacao sobre relatorio. Querem exemplos praticos para excel_export. Impacto informado: melhoria para analisar. Nota do utilizador: ja reiniciamos e ficou igual.,reporting,excel_export,melhoria para analisar,training_needed / high / training_consulting,training_needed,low,training_consulting,
SIS-2026-1166,EtiquetaFina,labels,Importacao criou registos errados no commercial_pipeline,"A listagem mostra records em falta e totais diferentes entre ecra e relatorio. Impacto informado: acontece algumas vezes. Nota do utilizador: isto acontece no ambiente real. Mixed note: please check today if possible, the client is confused and tired.",CRM,commercial_pipeline,precisamos esta semana,data_issue / medium / support_level_1,data_issue,medium,support_level_1,
SIS-2026-1167,EuroPackaging PT,packaging,Need help understanding invoice,O utilizador pergunta como fazer esta operacao no fatura. Parece que nao encontra o menu correto para e_invoice. Impacto informado: pode esperar.,invoicing,e_invoice,melhoria para analisar,infrastructure_problem / medium / infrastructure,client_misunderstanding,low,support_level_1,
SIS-2026-1168,GrafiNorte SA,printing,Formacao para equipa em acessos,Precisamos de workshop para explicar o fluxo correto e boas praticas. Impacto informado: afeta uma equipa. Nota do utilizador: p.f. confirmar.,user_permissions,approvals,precisamos esta semana,training_needed / medium / training_consulting,training_needed,medium,training_consulting,
SIS-2026-1169,PrintWorks Porto,printing,URGENTE - Ambiente Sistrade instavel,"Desde esta manha ha problema de certificado, backup ou network e o ambiente fica inacessivel. Impacto informado: urgente. Nota do utilizador: sorry pelo detalhe incompleto.",user_permissions,access_rights,afeta varios utilizadores,infrastructure_problem / high / infrastructure,infrastructure_problem,high,infrastructure,Miguel Santos
SIS-2026-1170,TextilMinho,textile,URGENTE - Importacao criou registos errados no excel_export,A listagem mostra records em falta e totais diferentes entre ecra e relatorio. Impacto informado: sem faturar.,reporting,excel_export,producao parada,data_issue / critical / technical_support,data_issue,critical,technical_support,
SIS-2026-1171,LusoPack Embalagens,packaging,Timeout/lentidao no acesso a password,"Server seems unstable. Login works sometimes, then access_rights stops responding. Se possivel, encaminhar para Joao Pereira, que ja conhece este cliente. Impacto informado: acontece algumas vezes. Nota do utilizador: maybe it is just a setting.",user_permissions,access_rights,precisamos esta semana,data_issue / low / support_level_1,infrastructure_problem,medium,infrastructure,Joao Pereira
SIS-2026-1172,LusoPack Embalagens,packaging,Configurar shop_floor em custos,"Precisamos configurar regras novas no custos, especialmente no shop_floor. E uma parametrizacao pedida pela direcao. Se possivel, encaminhar para Rui Costa, que ja conhece este cliente. Impacto informado: acontece algumas vezes.",production,shop_floor,afeta uma equipa,configuration_request / medium / technical_support,configuration_request,medium,technical_support,Rui Costa
SIS-2026-1173,LusoPack Embalagens,packaging,Permissoes e settings para perfil,"Precisamos configurar regras novas no acessos, especialmente no password_policy. E uma parametrizacao pedida pela direcao.",user_permissions,password_policy,acontece algumas vezes,configuration_request / medium / technical_support,configuration_request,medium,technical_support,
SIS-2026-1174,PlastiCentro,plastics,URGENTE - Falha de rede ao abrir login,"Server seems unstable. Login works sometimes, then performance stops responding. Se possivel, encaminhar para Marta Silva, que ja conhece este cliente. Impacto informado: precisamos ainda hoje. Mixed note: please check today if possible, the client is confused and tired.",general,performance,precisamos ainda hoje,client_misunderstanding / critical / account_management,infrastructure_problem,high,infrastructure,Marta Silva
SIS-2026-1175,AlfaForms,forms and labels,Pedido de parametrizacao para perfil,"Pedido para ajustar permissoes, perfis ou parametros relacionados com role.",user_permissions,approvals,pode esperar,configuration_request / low / technical_support,configuration_request,low,technical_support,
SIS-2026-1176,LusoPack Embalagens,packaging,Pedido de parametrizacao para producao,"Can you change the workflow/template for work_orders? The current settings do not match the client's process. Impacto informado: acontece algumas vezes. Mixed note: please check today if possible, the client is confused and tired.",production,work_orders,acontece algumas vezes,configuration_request / high / technical_support,configuration_request,medium,technical_support,
SIS-2026-1177,AlfaForms,forms and labels,shop floor bloqueia ao validar shop_floor,"Bom dia, no cliente AlfaForms aparece erro 500 quando tentamos usar shop floor. O shop_floor fica bloqueado e nao grava os dados. Impacto informado: fecho do mes.",production,shop_floor,urgente,software_bug / high / development,software_bug,high,development,
SIS-2026-1178,EuroPackaging PT,packaging,Timeout/lentidao no acesso a performance,"Server seems unstable. Login works sometimes, then login stops responding. Impacto informado: cannot invoice. Nota do utilizador: nao sei se e bug ou configuracao.",general,login,ASAP,training_needed / low / training_consulting,infrastructure_problem,critical,technical_support,
SIS-2026-1179,PlastiCentro,plastics,Training request for vat_report,"Entraram novos utilizadores e precisam de formacao sobre SAF-T. Querem exemplos praticos para vat_report. Se possivel, encaminhar para Helena Rocha, que ja conhece este cliente. Impacto informado: acontece algumas vezes. Nota do utilizador: p.f. confirmar. Mixed note: please check today if possible, the client is confused and tired.",accounting,vat_report,afeta uma equipa,training_needed / medium / training_consulting,training_needed,medium,training_consulting,Helena Rocha
SIS-2026-1180,EuroPackaging PT,packaging,Sessao de esclarecimento sobre performance,A equipa esta a usar mal o processo. Sugerimos uma sessao curta de training para evitar tickets repetidos. Nota do utilizador: o utilizador diz que ontem funcionava.,general,login,sem urgencia,training_needed / low / training_consulting,training_needed,low,training_consulting,
SIS-2026-1181,GrafiNorte SA,printing,URGENTE - Erro no reconciliacao bancaria: vat_report nao grava,"After the last update, reconciliacao bancaria started throwing an exception in vat_report. Users repeat the same steps and it crashes. Nota do utilizador: maybe it is just a setting.",accounting,vat_report,fecho do mes,software_bug / high / technical_support,software_bug,high,development,
SIS-2026-1182,Braga Print House,printing,Dados inconsistentes em serie de faturacao,"A listagem mostra records em falta e totais diferentes entre ecra e relatorio. Impacto informado: afeta uma equipa. Nota do utilizador: sorry pelo detalhe incompleto. Mixed note: please check today if possible, the client is confused and tired.",invoicing,e_invoice,acontece algumas vezes,configuration_request / low / development,data_issue,medium,technical_support,
SIS-2026-1183,EuroPackaging PT,packaging,Bug after update in ordem de fabrico,Estamos a receber stacktrace no scheduling. Parece bug porque o mesmo processo funcionava ontem. Impacto informado: acontece algumas vezes. Nota do utilizador: o utilizador diz que ontem funcionava.,production,scheduling,precisamos esta semana,software_bug / critical / development,software_bug,medium,development,
SIS-2026-1184,EtiquetaFina,labels,Duplicados depois de upload para dashboards,"Depois do upload, o dashboards ficou com saldos incorretos. O cliente diz que o Excel original esta correto. Impacto informado: fecho do mes. Nota do utilizador: ja reiniciamos e ficou igual. Mixed note: please check today if possible, the client is confused and tired.",reporting,dashboards,precisamos ainda hoje,data_issue / high / development,data_issue,high,development,
SIS-2026-1185,FlexoPrime,printing,Sessao de esclarecimento sobre password,A equipa esta a usar mal o processo. Sugerimos uma sessao curta de training para evitar tickets repetidos. Impacto informado: quando possivel. Nota do utilizador: sorry pelo detalhe incompleto.,user_permissions,roles_profiles,sem urgencia,infrastructure_problem / medium / account_management,training_needed,low,training_consulting,
SIS-2026-1186,PlastiCentro,plastics,Como fazer no ecra de permissoes?,O utilizador pergunta como fazer esta operacao no role. Parece que nao encontra o menu correto para password_policy. Impacto informado: impacto moderado. Nota do utilizador: ja reiniciamos e ficou igual.,user_permissions,password_policy,impacto moderado,client_misunderstanding / medium / support_level_1,client_misunderstanding,medium,support_level_1,
SIS-2026-1187,LusoPack Embalagens,packaging,Pedido de parametrizacao para role,"Can you change the workflow/template for password_policy? The current settings do not match the client's process. Se possivel, encaminhar para Rui Costa, que ja conhece este cliente. Impacto informado: precisamos esta semana. Nota do utilizador: isto acontece no ambiente real.",user_permissions,password_policy,impacto moderado,configuration_request / medium / technical_support,configuration_request,medium,technical_support,Rui Costa
SIS-2026-1188,FlexoPrime,printing,URGENTE - Exception quando usamos e_invoice,"Estamos a receber stacktrace no e_invoice. Parece bug porque o mesmo processo funcionava ontem. Se possivel, encaminhar para Rui Costa, que ja conhece este cliente. Nota do utilizador: temos prints mas ainda nao anexei. Mixed note: please check today if possible, the client is confused and tired.",invoicing,e_invoice,afeta varios utilizadores,software_bug / low / support_level_1,software_bug,high,support_level_1,Rui Costa
SIS-2026-1189,EtiquetaFina,labels,URGENTE - Need help understanding invoice,"We need help understanding the flow. The client thinks something is missing, but it may be normal behavior in invoice. Impacto informado: ASAP. Nota do utilizador: isto acontece no ambiente real.",invoicing,credit_notes,ASAP,software_bug / low / infrastructure,client_misunderstanding,critical,training_consulting,
SIS-2026-1190,EuroPackaging PT,packaging,Utilizador nao encontra opcao em notifications,"Duvida funcional: onde esta a opcao para notifications? Nao parece erro tecnico. Impacto informado: acontece algumas vezes. Mixed note: please check today if possible, the client is confused and tired.",general,notifications,acontece algumas vezes,training_needed / high / account_management,client_misunderstanding,medium,support_level_1,Miguel Santos
SIS-2026-1191,PrintWorks Porto,printing,URGENTE - Exception quando usamos edi,"Estamos a receber stacktrace no edi. Parece bug porque o mesmo processo funcionava ontem. Se possivel, encaminhar para Helena Rocha, que ja conhece este cliente. Impacto informado: urgente.",integrations,edi,cliente a espera,software_bug / high / development,software_bug,high,development,Helena Rocha
SIS-2026-1192,FlexoPrime,printing,URGENTE - Dados inconsistentes em IVA,Os dados no factura nao batem certo. Ha registos duplicados e valores estranhos depois de uma importacao CSV. Impacto informado: urgente. Nota do utilizador: ja reiniciamos e ficou igual.,invoicing,e_invoice,afeta varios utilizadores,data_issue / high / technical_support,data_issue,high,technical_support,
SIS-2026-1193,GrafiNorte SA,printing,SAF-T bloqueia ao validar journal_entries,"After the last update, lancamentos started throwing an exception in journal_entries. Users repeat the same steps and it crashes. Impacto informado: quando possivel. Nota do utilizador: o utilizador diz que ontem funcionava.",accounting,journal_entries,melhoria para analisar,data_issue / high / training_consulting,software_bug,low,technical_support,
SIS-2026-1194,MetalLabel,industrial manufacturing,Novos utilizadores precisam treino de navigation,"Precisamos de workshop para explicar o fluxo correto e boas praticas. Nota do utilizador: maybe it is just a setting. Mixed note: please check today if possible, the client is confused and tired.",general,navigation,afeta uma equipa,feature_request / low / infrastructure,training_needed,medium,training_consulting,
SIS-2026-1195,Braga Print House,printing,Training request for inventory_counts,"A equipa esta a usar mal o processo. Sugerimos uma sessao curta de training para evitar tickets repetidos. Se possivel, encaminhar para Ana Martins, que ja conhece este cliente. Nota do utilizador: isto acontece no ambiente real.",stock,inventory_counts,quando possivel,client_misunderstanding / high / development,training_needed,low,support_level_1,Ana Martins
SIS-2026-1196,EtiquetaFina,labels,Duvida sobre custos / scheduling,"Duvida funcional: onde esta a opcao para scheduling? Nao parece erro tecnico. Impacto informado: melhoria para analisar. Mixed note: please check today if possible, the client is confused and tired.",production,scheduling,pode esperar,client_misunderstanding / low / support_level_1,client_misunderstanding,low,support_level_1,
SIS-2026-1197,LusoPack Embalagens,packaging,Permissoes e settings para role,"Pedido para ajustar permissoes, perfis ou parametros relacionados com perfil. Impacto informado: afeta uma equipa. Mixed note: please check today if possible, the client is confused and tired.",user_permissions,access_rights,precisamos esta semana,configuration_request / medium / support_level_1,configuration_request,medium,support_level_1,
SIS-2026-1198,Cartonagem Douro,packaging,Duvida sobre menu / notifications,"We need help understanding the flow. The client thinks something is missing, but it may be normal behavior in ambiente. Se possivel, encaminhar para Marta Silva, que ja conhece este cliente. Impacto informado: acontece algumas vezes.",general,notifications,impacto moderado,client_misunderstanding / medium / support_level_1,client_misunderstanding,medium,support_level_1,Marta Silva
SIS-2026-1199,Braga Print House,printing,Duplicados depois de upload para saft_export,A listagem mostra records em falta e totais diferentes entre ecra e relatorio. Nota do utilizador: isto acontece no ambiente real.,accounting,saft_export,acontece algumas vezes,data_issue / medium / technical_support,data_issue,medium,technical_support,Miguel Santos
SIS-2026-1200,LusoPack Embalagens,packaging,Configurar stock_movements em inventario,"Pedido para ajustar permissoes, perfis ou parametros relacionados com armazem. Impacto informado: duvida simples. Nota do utilizador: p.f. confirmar.",stock,stock_movements,quando possivel,configuration_request / low / training_consulting,configuration_request,low,training_consulting,
SIS-2026-1201,TextilMinho,textile,Sessao de esclarecimento sobre KPI,"Precisamos de workshop para explicar o fluxo correto e boas praticas. Nota do utilizador: o utilizador diz que ontem funcionava. Mixed note: please check today if possible, the client is confused and tired.",reporting,dashboards,melhoria para analisar,infrastructure_problem / high / development,training_needed,low,support_level_1,
SIS-2026-1202,PrintWorks Porto,printing,Exception quando usamos shop_floor,"After the last update, producao started throwing an exception in shop_floor. Users repeat the same steps and it crashes. Impacto informado: precisamos esta semana.",production,shop_floor,afeta uma equipa,software_bug / medium / development,software_bug,medium,development,
SIS-2026-1203,EuroPackaging PT,packaging,Dados inconsistentes em movimentos,Os dados no movimentos nao batem certo. Ha registos duplicados e valores estranhos depois de uma importacao CSV. Nota do utilizador: maybe it is just a setting.,stock,warehouse_transfer,afeta uma equipa,data_issue / medium / technical_support,data_issue,medium,technical_support,Marta Silva
SIS-2026-1204,EtiquetaFina,labels,Training request for opportunities,Precisamos de workshop para explicar o fluxo correto e boas praticas. Impacto informado: quando possivel. Nota do utilizador: p.f. confirmar.,CRM,opportunities,melhoria para analisar,training_needed / low / support_level_1,training_needed,low,account_management,
SIS-2026-1205,FlexoPrime,printing,URGENTE - Configurar dashboards em KPI,"Can you change the workflow/template for dashboards? The current settings do not match the client's process. Se possivel, encaminhar para Miguel Santos, que ja conhece este cliente. Impacto informado: precisamos ainda hoje. Nota do utilizador: sorry pelo detalhe incompleto.",reporting,dashboards,cliente a espera,configuration_request / high / support_level_1,configuration_request,high,support_level_1,Miguel Santos
SIS-2026-1206,Braga Print House,printing,Pedido de parametrizacao para acessos,Can you change the workflow/template for password_policy? The current settings do not match the client's process. Nota do utilizador: p.f. confirmar.,user_permissions,password_policy,precisamos esta semana,configuration_request / medium / training_consulting,configuration_request,medium,training_consulting,Rui Costa
SIS-2026-1207,EuroPackaging PT,packaging,analise bloqueia ao validar custom_reports,Estamos a receber stacktrace no custom_reports. Parece bug porque o mesmo processo funcionava ontem. Nota do utilizador: ja reiniciamos e ficou igual.,reporting,custom_reports,pode esperar,training_needed / high / infrastructure,software_bug,low,technical_support,
SIS-2026-1208,MetalLabel,industrial manufacturing,Ambiente Sistrade instavel,O sistema esta muito lento e da timeout ao abrir webservice. Varios utilizadores reportam falha de rede/VPN.,integrations,webservices,afeta uma equipa,infrastructure_problem / medium / infrastructure,infrastructure_problem,medium,infrastructure,
SIS-2026-1209,LusoPack Embalagens,packaging,Melhoria desejada em oportunidade,"O cliente gostava de uma nova opcao em CRM. Nao e erro, e melhoria para reduzir passos manuais. Impacto informado: duvida simples. Mixed note: please check today if possible, the client is confused and tired.",CRM,complaints,sem urgencia,feature_request / low / account_management,feature_request,low,account_management,
SIS-2026-1210,PlastiCentro,plastics,Feature request: CRM,"O cliente gostava de uma nova opcao em CRM. Nao e erro, e melhoria para reduzir passos manuais. Impacto informado: pode esperar. Nota do utilizador: maybe it is just a setting.",CRM,complaints,duvida simples,feature_request / low / development,feature_request,low,development,
SIS-2026-1211,PlastiCentro,plastics,URGENTE - API bloqueia ao validar webservices,"After the last update, API started throwing an exception in webservices. Users repeat the same steps and it crashes. Nota do utilizador: maybe it is just a setting.",integrations,webservices,fecho do mes,software_bug / critical / development,software_bug,high,development,
SIS-2026-1212,PrintWorks Porto,printing,Training request for scheduling,Entraram novos utilizadores e precisam de formacao sobre producao. Querem exemplos praticos para scheduling. Impacto informado: precisamos esta semana.,production,scheduling,acontece algumas vezes,training_needed / medium / training_consulting,training_needed,medium,training_consulting,
SIS-2026-1213,LusoPack Embalagens,packaging,Alterar workflow/template de kpi_analysis,"Pedido para ajustar permissoes, perfis ou parametros relacionados com export Excel. Impacto informado: precisamos ainda hoje. Nota do utilizador: nao sei se e bug ou configuracao.",reporting,kpi_analysis,cliente a espera,configuration_request / low / technical_support,configuration_request,high,technical_support,
SIS-2026-1214,AlfaForms,forms and labels,URGENTE - Ambiente Sistrade instavel,"Desde esta manha ha problema de certificado, backup ou network e o ambiente fica inacessivel. Impacto informado: ASAP. Nota do utilizador: isto acontece no ambiente real.",general,performance,producao parada,infrastructure_problem / low / infrastructure,infrastructure_problem,critical,infrastructure,
SIS-2026-1215,AlfaForms,forms and labels,Novos utilizadores precisam treino de shop_floor,"Entraram novos utilizadores e precisam de formacao sobre producao. Querem exemplos praticos para shop_floor. Se possivel, encaminhar para Helena Rocha, que ja conhece este cliente. Impacto informado: afeta uma equipa. Nota do utilizador: p.f. confirmar.",production,shop_floor,impacto moderado,software_bug / high / technical_support,training_needed,medium,training_consulting,Helena Rocha
SIS-2026-1216,EuroPackaging PT,packaging,Como fazer no ecra de role?,Duvida funcional: onde esta a opcao para password_policy? Nao parece erro tecnico. Impacto informado: impacto moderado.,user_permissions,password_policy,acontece algumas vezes,infrastructure_problem / high / training_consulting,client_misunderstanding,medium,support_level_1,
SIS-2026-1217,FlexoPrime,printing,Sessao de esclarecimento sobre factura,A equipa esta a usar mal o processo. Sugerimos uma sessao curta de training para evitar tickets repetidos.,invoicing,e_invoice,precisamos esta semana,data_issue / high / infrastructure,training_needed,medium,training_consulting,
SIS-2026-1218,PrintWorks Porto,printing,URGENTE - Exception quando usamos dashboards,"After the last update, KPI started throwing an exception in dashboards. Users repeat the same steps and it crashes.",reporting,dashboards,cannot invoice,software_bug / low / development,software_bug,critical,development,
SIS-2026-1219,Cartonagem Douro,packaging,Importacao criou registos errados no barcode_labels,A listagem mostra records em falta e totais diferentes entre ecra e relatorio.,stock,barcode_labels,precisamos ainda hoje,data_issue / high / support_level_1,data_issue,high,support_level_1,
SIS-2026-1220,GrafiNorte SA,printing,URGENTE - Timeout/lentidao no acesso a producao,O sistema esta muito lento e da timeout ao abrir producao. Varios utilizadores reportam falha de rede/VPN. Impacto informado: deadline hoje. Nota do utilizador: o utilizador diz que ontem funcionava.,production,scheduling,todos os utilizadores bloqueados,feature_request / medium / account_management,infrastructure_problem,critical,infrastructure,
SIS-2026-1221,LusoPack Embalagens,packaging,Importacao criou registos errados no credit_notes,"Depois do upload, o credit_notes ficou com saldos incorretos. O cliente diz que o Excel original esta correto. Impacto informado: fecho do mes.",invoicing,credit_notes,fecho do mes,data_issue / high / infrastructure,data_issue,high,account_management,
SIS-2026-1222,EuroPackaging PT,packaging,Importacao criou registos errados no saft_export,"Depois do upload, o saft_export ficou com saldos incorretos. O cliente diz que o Excel original esta correto. Impacto informado: fecho do mes.",accounting,saft_export,afeta varios utilizadores,data_issue / critical / technical_support,data_issue,high,technical_support,
SIS-2026-1223,Braga Print House,printing,producao bloqueia ao validar scheduling,"Estamos a receber stacktrace no scheduling. Parece bug porque o mesmo processo funcionava ontem. Se possivel, encaminhar para Rui Costa, que ja conhece este cliente. Impacto informado: impacto moderado. Nota do utilizador: sorry pelo detalhe incompleto.",production,scheduling,precisamos esta semana,software_bug / high / development,software_bug,medium,development,Rui Costa
SIS-2026-1224,MetalLabel,industrial manufacturing,Need help understanding invoice,"We need help understanding the flow. The client thinks something is missing, but it may be normal behavior in IVA. Impacto informado: precisamos esta semana.",invoicing,e_invoice,afeta uma equipa,client_misunderstanding / medium / support_level_1,client_misunderstanding,medium,support_level_1,
SIS-2026-1225,MetalLabel,industrial manufacturing,Erro no cliente: opportunities nao grava,"After the last update, oportunidade started throwing an exception in opportunities. Users repeat the same steps and it crashes. Impacto informado: ASAP. Nota do utilizador: temos prints mas ainda nao anexei. Mixed note: please check today if possible, the client is confused and tired.",CRM,opportunities,sem faturar,software_bug / critical / development,software_bug,critical,development,
SIS-2026-1226,PlastiCentro,plastics,Bug after update in invoice,Estamos a receber stacktrace no e_invoice. Parece bug porque o mesmo processo funcionava ontem. Impacto informado: precisamos esta semana. Nota do utilizador: p.f. confirmar.,invoicing,e_invoice,afeta uma equipa,infrastructure_problem / low / account_management,software_bug,medium,technical_support,
SIS-2026-1227,PlastiCentro,plastics,Duplicados depois de upload para edi,"A listagem mostra records em falta e totais diferentes entre ecra e relatorio. Se possivel, encaminhar para Helena Rocha, que ja conhece este cliente. Nota do utilizador: sorry pelo detalhe incompleto.",integrations,edi,deadline hoje,infrastructure_problem / low / account_management,data_issue,critical,development,Helena Rocha
SIS-2026-1228,EtiquetaFina,labels,Novos utilizadores precisam treino de roles_profiles,Precisamos de workshop para explicar o fluxo correto e boas praticas.,user_permissions,roles_profiles,acontece algumas vezes,software_bug / low / technical_support,training_needed,medium,support_level_1,Miguel Santos
SIS-2026-1229,EtiquetaFina,labels,Como fazer no ecra de reconciliacao bancaria?,"O utilizador pergunta como fazer esta operacao no contabilidade. Parece que nao encontra o menu correto para bank_reconciliation. Se possivel, encaminhar para Miguel Santos, que ja conhece este cliente. Impacto informado: afeta uma equipa. Nota do utilizador: isto acontece no ambiente real. Mixed note: please check today if possible, the client is confused and tired.",accounting,bank_reconciliation,precisamos esta semana,client_misunderstanding / medium / technical_support,client_misunderstanding,medium,support_level_1,Miguel Santos
SIS-2026-1230,EuroPackaging PT,packaging,Duplicados depois de upload para commercial_pipeline,"Depois do upload, o commercial_pipeline ficou com saldos incorretos. O cliente diz que o Excel original esta correto. Nota do utilizador: temos prints mas ainda nao anexei.",CRM,commercial_pipeline,precisamos esta semana,client_misunderstanding / critical / training_consulting,data_issue,medium,development,
SIS-2026-1231,EuroPackaging PT,packaging,Falha de rede ao abrir relatorio,"Desde esta manha ha problema de certificado, backup ou network e o ambiente fica inacessivel. Se possivel, encaminhar para Helena Rocha, que ja conhece este cliente. Impacto informado: impacto moderado.",reporting,excel_export,afeta uma equipa,feature_request / critical / development,infrastructure_problem,medium,infrastructure,Helena Rocha
SIS-2026-1232,TextilMinho,textile,barcode bloqueia ao validar stock_movements,"Estamos a receber stacktrace no stock_movements. Parece bug porque o mesmo processo funcionava ontem. Impacto informado: sem faturar. Nota do utilizador: maybe it is just a setting. Mixed note: please check today if possible, the client is confused and tired.",stock,stock_movements,todos os utilizadores bloqueados,software_bug / critical / technical_support,software_bug,critical,technical_support,
SIS-2026-1233,TextilMinho,textile,Novos utilizadores precisam treino de inventory_counts,"Entraram novos utilizadores e precisam de formacao sobre armazem. Querem exemplos praticos para inventory_counts. Impacto informado: pode esperar. Nota do utilizador: ja reiniciamos e ficou igual. Mixed note: please check today if possible, the client is confused and tired.",stock,inventory_counts,duvida simples,feature_request / high / development,training_needed,low,training_consulting,
SIS-2026-1234,TextilMinho,textile,Sessao de esclarecimento sobre shop floor,Precisamos de workshop para explicar o fluxo correto e boas praticas.,production,scheduling,sem urgencia,training_needed / low / account_management,training_needed,low,account_management,
SIS-2026-1235,TextilMinho,textile,Melhoria desejada em cliente,Seria possivel adicionar uma regra extra no commercial_pipeline? Hoje fazem isto fora do sistema. Impacto informado: duvida simples.,CRM,commercial_pipeline,quando possivel,configuration_request / medium / support_level_1,feature_request,low,account_management,
SIS-2026-1236,FlexoPrime,printing,Feature request: invoice,"Feature request para avaliar em roadmap; o processo atual funciona mas tem muito trabalho manual. Se possivel, encaminhar para Ana Martins, que ja conhece este cliente. Impacto informado: quando possivel.",invoicing,e_invoice,melhoria para analisar,configuration_request / high / account_management,feature_request,low,support_level_1,Ana Martins
SIS-2026-1237,TextilMinho,textile,Erro no contabilidade: journal_entries nao grava,"Bom dia, no cliente TextilMinho aparece erro 500 quando tentamos usar SAF-T. O journal_entries fica bloqueado e nao grava os dados. Nota do utilizador: maybe it is just a setting.",accounting,journal_entries,urgente,software_bug / high / development,software_bug,high,development,
SIS-2026-1238,LusoPack Embalagens,packaging,Sessao de esclarecimento sobre movimentos,Precisamos de workshop para explicar o fluxo correto e boas praticas. Impacto informado: pode esperar. Nota do utilizador: p.f. confirmar.,stock,warehouse_transfer,duvida simples,configuration_request / high / account_management,training_needed,low,training_consulting,
SIS-2026-1239,Braga Print House,printing,Utilizador nao encontra opcao em opportunities,"We need help understanding the flow. The client thinks something is missing, but it may be normal behavior in contactos. Impacto informado: acontece algumas vezes. Nota do utilizador: maybe it is just a setting.",CRM,opportunities,acontece algumas vezes,training_needed / critical / account_management,client_misunderstanding,medium,training_consulting,
SIS-2026-1240,EuroPackaging PT,packaging,Novos utilizadores precisam treino de tax_validation,"Precisamos de workshop para explicar o fluxo correto e boas praticas. Impacto informado: afeta uma equipa. Nota do utilizador: o utilizador diz que ontem funcionava. Mixed note: please check today if possible, the client is confused and tired.",invoicing,tax_validation,acontece algumas vezes,training_needed / medium / training_consulting,training_needed,medium,training_consulting,
SIS-2026-1241,PrintWorks Porto,printing,Alterar workflow/template de credit_notes,Can you change the workflow/template for credit_notes? The current settings do not match the client's process. Impacto informado: acontece algumas vezes. Nota do utilizador: ja reiniciamos e ficou igual.,invoicing,credit_notes,impacto moderado,configuration_request / medium / development,configuration_request,medium,technical_support,
SIS-2026-1242,Braga Print House,printing,URGENTE - Exception quando usamos complaints,"Estamos a receber stacktrace no complaints. Parece bug porque o mesmo processo funcionava ontem. Se possivel, encaminhar para Miguel Santos, que ja conhece este cliente. Impacto informado: cannot invoice.",CRM,complaints,sem faturar,configuration_request / high / training_consulting,software_bug,critical,technical_support,Miguel Santos
SIS-2026-1243,FlexoPrime,printing,Dados inconsistentes em shop floor,Os dados no shop floor nao batem certo. Ha registos duplicados e valores estranhos depois de uma importacao CSV. Impacto informado: impacto moderado. Nota do utilizador: temos prints mas ainda nao anexei.,production,cost_calculation,precisamos esta semana,data_issue / medium / technical_support,data_issue,medium,technical_support,
SIS-2026-1244,GrafiNorte SA,printing,URGENTE - Erro no contactos: complaints nao grava,Estamos a receber stacktrace no complaints. Parece bug porque o mesmo processo funcionava ontem. Impacto informado: critico. Nota do utilizador: ja reiniciamos e ficou igual.,CRM,complaints,ASAP,software_bug / critical / technical_support,software_bug,critical,technical_support,
SIS-2026-1245,GrafiNorte SA,printing,Training request for scheduling,A equipa esta a usar mal o processo. Sugerimos uma sessao curta de training para evitar tickets repetidos. Impacto informado: sem urgencia. Nota do utilizador: nao sei se e bug ou configuracao.,production,scheduling,pode esperar,training_needed / low / development,training_needed,low,training_consulting,
SIS-2026-1246,LusoPack Embalagens,packaging,Alterar workflow/template de password_policy,"Precisamos configurar regras novas no role, especialmente no password_policy. E uma parametrizacao pedida pela direcao. Impacto informado: afeta uma equipa. Mixed note: please check today if possible, the client is confused and tired.",user_permissions,password_policy,precisamos esta semana,training_needed / low / infrastructure,configuration_request,medium,training_consulting,
SIS-2026-1247,FlexoPrime,printing,Bug after update in producao,Estamos a receber stacktrace no scheduling. Parece bug porque o mesmo processo funcionava ontem. Impacto informado: afeta varios utilizadores.,production,scheduling,urgente,software_bug / high / support_level_1,software_bug,high,technical_support,
SIS-2026-1248,EuroPackaging PT,packaging,Nova opcao para notifications,"O cliente gostava de uma nova opcao em login. Nao e erro, e melhoria para reduzir passos manuais. Impacto informado: quando possivel. Nota do utilizador: maybe it is just a setting.",general,notifications,duvida simples,feature_request / low / support_level_1,feature_request,low,support_level_1,
SIS-2026-1249,LusoPack Embalagens,packaging,Formacao para equipa em ambiente,A equipa esta a usar mal o processo. Sugerimos uma sessao curta de training para evitar tickets repetidos. Impacto informado: impacto moderado. Nota do utilizador: isto acontece no ambiente real.,general,login,afeta uma equipa,training_needed / medium / support_level_1,training_needed,medium,support_level_1,
SIS-2026-1250,MetalLabel,industrial manufacturing,custos bloqueia ao validar work_orders,"After the last update, planeamento started throwing an exception in work_orders. Users repeat the same steps and it crashes. Se possivel, encaminhar para Miguel Santos, que ja conhece este cliente. Impacto informado: fecho do mes. Nota do utilizador: ja reiniciamos e ficou igual.",production,work_orders,cliente a espera,software_bug / high / development,software_bug,high,development,Miguel Santos
SIS-2026-1251,PlastiCentro,plastics,Saldo/valores nao batem em relatorio,A listagem mostra records em falta e totais diferentes entre ecra e relatorio. Impacto informado: cliente a espera. Nota do utilizador: p.f. confirmar.,reporting,custom_reports,afeta varios utilizadores,software_bug / medium / training_consulting,data_issue,high,technical_support,
SIS-2026-1252,LusoPack Embalagens,packaging,Duvida sobre login / notifications,"We need help understanding the flow. The client thinks something is missing, but it may be normal behavior in notificacoes.",general,notifications,sem urgencia,client_misunderstanding / low / support_level_1,client_misunderstanding,low,support_level_1,
SIS-2026-1253,Cartonagem Douro,packaging,Saldo/valores nao batem em export Excel,"Depois do upload, o kpi_analysis ficou com saldos incorretos. O cliente diz que o Excel original esta correto. Impacto informado: acontece algumas vezes.",reporting,kpi_analysis,precisamos esta semana,data_issue / medium / technical_support,data_issue,medium,technical_support,
SIS-2026-1254,MetalLabel,industrial manufacturing,Duvida sobre invoice / e_invoice,Duvida funcional: onde esta a opcao para e_invoice? Nao parece erro tecnico. Impacto informado: duvida simples.,invoicing,e_invoice,duvida simples,client_misunderstanding / low / training_consulting,client_misunderstanding,low,training_consulting,
SIS-2026-1255,EtiquetaFina,labels,URGENTE - dashboard bloqueia ao validar excel_export,"Bom dia, no cliente EtiquetaFina aparece erro 500 quando tentamos usar KPI. O excel_export fica bloqueado e nao grava os dados. Impacto informado: urgente.",reporting,excel_export,cliente a espera,software_bug / high / development,software_bug,high,development,
SIS-2026-1256,Braga Print House,printing,Feature request: movimentos,Feature request para avaliar em roadmap; o processo atual funciona mas tem muito trabalho manual. Impacto informado: precisamos esta semana. Nota do utilizador: nao sei se e bug ou configuracao.,stock,stock_movements,afeta uma equipa,feature_request / medium / support_level_1,feature_request,medium,development,Marta Silva
SIS-2026-1257,GrafiNorte SA,printing,Falha de rede ao abrir login,"Desde esta manha ha problema de certificado, backup ou network e o ambiente fica inacessivel. Impacto informado: afeta varios utilizadores. Nota do utilizador: temos prints mas ainda nao anexei.",general,login,urgente,infrastructure_problem / high / infrastructure,infrastructure_problem,high,infrastructure,
SIS-2026-1258,AlfaForms,forms and labels,Exception quando usamos opportunities,"After the last update, oportunidade started throwing an exception in opportunities. Users repeat the same steps and it crashes.",CRM,opportunities,acontece algumas vezes,software_bug / medium / technical_support,software_bug,medium,technical_support,
SIS-2026-1259,TextilMinho,textile,Dados inconsistentes em KPI,"Os dados no dashboard nao batem certo. Ha registos duplicados e valores estranhos depois de uma importacao CSV. Impacto informado: fecho do mes. Nota do utilizador: o utilizador diz que ontem funcionava. Mixed note: please check today if possible, the client is confused and tired.",reporting,dashboards,cliente a espera,data_issue / high / technical_support,data_issue,high,technical_support,
SIS-2026-1260,EtiquetaFina,labels,Configurar tax_validation em serie de faturacao,"Pedido para ajustar permissoes, perfis ou parametros relacionados com invoice.",invoicing,tax_validation,impacto moderado,feature_request / critical / development,configuration_request,medium,support_level_1,Miguel Santos
SIS-2026-1261,TextilMinho,textile,Permissoes e settings para factura,"Pedido para ajustar permissoes, perfis ou parametros relacionados com factura. Nota do utilizador: temos prints mas ainda nao anexei.",invoicing,tax_validation,precisamos esta semana,infrastructure_problem / low / training_consulting,configuration_request,medium,technical_support,
SIS-2026-1262,TextilMinho,textile,Dados inconsistentes em API,"Depois do upload, o edi ficou com saldos incorretos. O cliente diz que o Excel original esta correto. Nota do utilizador: p.f. confirmar.",integrations,edi,melhoria para analisar,data_issue / low / development,data_issue,low,development,Joao Pereira
SIS-2026-1263,Cartonagem Douro,packaging,Duvida sobre password / access_rights,"O utilizador pergunta como fazer esta operacao no password. Parece que nao encontra o menu correto para access_rights. Se possivel, encaminhar para Ana Martins, que ja conhece este cliente. Impacto informado: duvida simples. Nota do utilizador: o utilizador diz que ontem funcionava. Mixed note: please check today if possible, the client is confused and tired.",user_permissions,access_rights,sem urgencia,client_misunderstanding / low / account_management,client_misunderstanding,low,support_level_1,Ana Martins
SIS-2026-1264,PlastiCentro,plastics,Saldo/valores nao batem em movimentos,"Depois do upload, o warehouse_transfer ficou com saldos incorretos. O cliente diz que o Excel original esta correto. Impacto informado: afeta uma equipa. Nota do utilizador: temos prints mas ainda nao anexei.",stock,warehouse_transfer,afeta uma equipa,data_issue / medium / account_management,data_issue,medium,account_management,
SIS-2026-1265,MetalLabel,industrial manufacturing,Duvida sobre SAF-T / journal_entries,"We need help understanding the flow. The client thinks something is missing, but it may be normal behavior in IVA. Se possivel, encaminhar para Rui Costa, que ja conhece este cliente. Impacto informado: melhoria para analisar. Mixed note: please check today if possible, the client is confused and tired.",accounting,journal_entries,sem urgencia,client_misunderstanding / low / support_level_1,client_misunderstanding,low,support_level_1,Rui Costa
SIS-2026-1266,Cartonagem Douro,packaging,Seria possivel adicionar regra em cost_calculation?,"O cliente gostava de uma nova opcao em ordem de fabrico. Nao e erro, e melhoria para reduzir passos manuais. Se possivel, encaminhar para Rui Costa, que ja conhece este cliente. Impacto informado: sem urgencia.",production,cost_calculation,melhoria para analisar,feature_request / low / development,feature_request,low,development,Rui Costa
SIS-2026-1267,PlastiCentro,plastics,Sessao de esclarecimento sobre planeamento,A equipa esta a usar mal o processo. Sugerimos uma sessao curta de training para evitar tickets repetidos. Impacto informado: impacto moderado.,production,scheduling,precisamos esta semana,training_needed / medium / training_consulting,training_needed,medium,training_consulting,
SIS-2026-1268,AlfaForms,forms and labels,URGENTE - Importacao criou registos errados no barcode_labels,A listagem mostra records em falta e totais diferentes entre ecra e relatorio. Impacto informado: urgente. Nota do utilizador: ja reiniciamos e ficou igual.,stock,barcode_labels,afeta varios utilizadores,data_issue / high / development,data_issue,high,development,
SIS-2026-1269,FlexoPrime,printing,Nova opcao para kpi_analysis,"O cliente gostava de uma nova opcao em export Excel. Nao e erro, e melhoria para reduzir passos manuais. Se possivel, encaminhar para Marta Silva, que ja conhece este cliente. Impacto informado: quando possivel. Nota do utilizador: isto acontece no ambiente real.",reporting,kpi_analysis,quando possivel,software_bug / critical / training_consulting,feature_request,low,account_management,Marta Silva
SIS-2026-1270,MetalLabel,industrial manufacturing,Configurar access_rights em perfil,"Can you change the workflow/template for access_rights? The current settings do not match the client's process. Se possivel, encaminhar para Helena Rocha, que ja conhece este cliente.",user_permissions,access_rights,precisamos esta semana,configuration_request / medium / development,configuration_request,medium,development,Helena Rocha
SIS-2026-1271,LusoPack Embalagens,packaging,Novos utilizadores precisam treino de inventory_counts,"A equipa esta a usar mal o processo. Sugerimos uma sessao curta de training para evitar tickets repetidos. Se possivel, encaminhar para Ana Martins, que ja conhece este cliente. Impacto informado: sem urgencia.",stock,inventory_counts,quando possivel,training_needed / low / training_consulting,training_needed,low,training_consulting,Ana Martins
SIS-2026-1272,PrintWorks Porto,printing,URGENTE - Ambiente Sistrade instavel,O sistema esta muito lento e da timeout ao abrir integracao. Varios utilizadores reportam falha de rede/VPN. Impacto informado: producao parada.,integrations,external_accounting,sem faturar,infrastructure_problem / critical / training_consulting,infrastructure_problem,critical,infrastructure,
SIS-2026-1273,MetalLabel,industrial manufacturing,Training request for excel_export,"Entraram novos utilizadores e precisam de formacao sobre export Excel. Querem exemplos praticos para excel_export. Se possivel, encaminhar para Helena Rocha, que ja conhece este cliente. Impacto informado: melhoria para analisar. Nota do utilizador: nao sei se e bug ou configuracao.",reporting,excel_export,melhoria para analisar,infrastructure_problem / critical / infrastructure,training_needed,low,training_consulting,Helena Rocha
SIS-2026-1274,EtiquetaFina,labels,Utilizador nao encontra opcao em performance,O utilizador pergunta como fazer esta operacao no performance. Parece que nao encontra o menu correto para performance. Impacto informado: precisamos esta semana. Nota do utilizador: isto acontece no ambiente real.,general,performance,impacto moderado,client_misunderstanding / medium / support_level_1,client_misunderstanding,medium,support_level_1,Helena Rocha
SIS-2026-1275,PlastiCentro,plastics,Permissoes e settings para dashboard,"Pedido para ajustar permissoes, perfis ou parametros relacionados com relatorio. Impacto informado: impacto moderado. Nota do utilizador: isto acontece no ambiente real.",reporting,dashboards,precisamos esta semana,configuration_request / medium / account_management,configuration_request,medium,development,Marta Silva
SIS-2026-1276,Cartonagem Douro,packaging,Como fazer no ecra de contactos?,Duvida funcional: onde esta a opcao para complaints? Nao parece erro tecnico. Impacto informado: acontece algumas vezes.,CRM,complaints,impacto moderado,infrastructure_problem / low / account_management,client_misunderstanding,medium,support_level_1,
SIS-2026-1277,Braga Print House,printing,Need help understanding perfil,"We need help understanding the flow. The client thinks something is missing, but it may be normal behavior in permissoes. Nota do utilizador: p.f. confirmar.",user_permissions,password_policy,pode esperar,training_needed / high / training_consulting,client_misunderstanding,low,support_level_1,
SIS-2026-1278,PrintWorks Porto,printing,Formacao para equipa em producao,A equipa esta a usar mal o processo. Sugerimos uma sessao curta de training para evitar tickets repetidos. Impacto informado: melhoria para analisar. Nota do utilizador: sorry pelo detalhe incompleto.,production,cost_calculation,melhoria para analisar,training_needed / low / training_consulting,training_needed,low,training_consulting,
SIS-2026-1279,EtiquetaFina,labels,Nova opcao para warehouse_transfer,Seria possivel adicionar uma regra extra no warehouse_transfer? Hoje fazem isto fora do sistema. Impacto informado: pode esperar. Nota do utilizador: sorry pelo detalhe incompleto.,stock,warehouse_transfer,quando possivel,software_bug / high / training_consulting,feature_request,low,account_management,
SIS-2026-1280,EtiquetaFina,labels,Como fazer no ecra de acessos?,O utilizador pergunta como fazer esta operacao no password. Parece que nao encontra o menu correto para password_policy. Impacto informado: precisamos esta semana. Nota do utilizador: o utilizador diz que ontem funcionava.,user_permissions,password_policy,impacto moderado,client_misunderstanding / medium / support_level_1,client_misunderstanding,medium,support_level_1,
SIS-2026-1281,Cartonagem Douro,packaging,Duvida sobre movimentos / barcode_labels,"We need help understanding the flow. The client thinks something is missing, but it may be normal behavior in inventario. Nota do utilizador: isto acontece no ambiente real. Mixed note: please check today if possible, the client is confused and tired.",stock,barcode_labels,pode esperar,client_misunderstanding / low / support_level_1,client_misunderstanding,low,support_level_1,Ana Martins
SIS-2026-1282,PlastiCentro,plastics,Need help understanding ambiente,"O utilizador pergunta como fazer esta operacao no login. Parece que nao encontra o menu correto para navigation. Impacto informado: acontece algumas vezes. Mixed note: please check today if possible, the client is confused and tired.",general,navigation,impacto moderado,client_misunderstanding / low / training_consulting,client_misunderstanding,medium,support_level_1,
SIS-2026-1283,EtiquetaFina,labels,Duplicados depois de upload para excel_export,Os dados no export Excel nao batem certo. Ha registos duplicados e valores estranhos depois de uma importacao CSV.,reporting,excel_export,precisamos ainda hoje,data_issue / high / account_management,data_issue,high,account_management,
SIS-2026-1284,PlastiCentro,plastics,Pedido de parametrizacao para producao,"Can you change the workflow/template for work_orders? The current settings do not match the client's process. Se possivel, encaminhar para Ana Martins, que ja conhece este cliente. Impacto informado: acontece algumas vezes. Mixed note: please check today if possible, the client is confused and tired.",production,work_orders,impacto moderado,configuration_request / low / training_consulting,configuration_request,medium,training_consulting,Ana Martins
SIS-2026-1285,Cartonagem Douro,packaging,serie de faturacao bloqueia ao validar invoice_emission,Estamos a receber stacktrace no invoice_emission. Parece bug porque o mesmo processo funcionava ontem. Impacto informado: impacto moderado.,invoicing,invoice_emission,afeta uma equipa,software_bug / medium / technical_support,software_bug,medium,technical_support,Marta Silva
SIS-2026-1286,AlfaForms,forms and labels,Formacao para equipa em dashboard,A equipa esta a usar mal o processo. Sugerimos uma sessao curta de training para evitar tickets repetidos. Impacto informado: melhoria para analisar.,reporting,excel_export,duvida simples,training_needed / low / training_consulting,training_needed,low,training_consulting,
SIS-2026-1287,MetalLabel,industrial manufacturing,Erro no performance: performance nao grava,"After the last update, login started throwing an exception in performance. Users repeat the same steps and it crashes. Impacto informado: precisamos esta semana. Nota do utilizador: isto acontece no ambiente real.",general,performance,afeta uma equipa,software_bug / medium / development,software_bug,medium,development,Helena Rocha
SIS-2026-1288,Braga Print House,printing,Duplicados depois de upload para kpi_analysis,"Depois do upload, o kpi_analysis ficou com saldos incorretos. O cliente diz que o Excel original esta correto. Se possivel, encaminhar para Rui Costa, que ja conhece este cliente. Impacto informado: sem urgencia. Nota do utilizador: p.f. confirmar.",reporting,kpi_analysis,melhoria para analisar,data_issue / medium / technical_support,data_issue,low,technical_support,Rui Costa
SIS-2026-1289,AlfaForms,forms and labels,Saldo/valores nao batem em integracao,A listagem mostra records em falta e totais diferentes entre ecra e relatorio.,integrations,external_accounting,cliente a espera,data_issue / high / training_consulting,data_issue,high,support_level_1,
SIS-2026-1290,GrafiNorte SA,printing,Training request for inventory_counts,Entraram novos utilizadores e precisam de formacao sobre inventario. Querem exemplos praticos para inventory_counts. Impacto informado: sem urgencia.,stock,inventory_counts,melhoria para analisar,training_needed / low / technical_support,training_needed,low,training_consulting,
SIS-2026-1291,EuroPackaging PT,packaging,Bug after update in oportunidade,"Bom dia, no cliente EuroPackaging PT aparece erro 500 quando tentamos usar oportunidade. O opportunities fica bloqueado e nao grava os dados. Nota do utilizador: ja reiniciamos e ficou igual. Mixed note: please check today if possible, the client is confused and tired.",CRM,opportunities,afeta varios utilizadores,software_bug / high / development,software_bug,high,development,
SIS-2026-1292,PlastiCentro,plastics,Need help understanding acessos,O utilizador pergunta como fazer esta operacao no acessos. Parece que nao encontra o menu correto para password_policy. Impacto informado: quando possivel. Nota do utilizador: nao sei se e bug ou configuracao.,user_permissions,password_policy,sem urgencia,client_misunderstanding / low / technical_support,client_misunderstanding,low,technical_support,
SIS-2026-1293,GrafiNorte SA,printing,URGENTE - Saldo/valores nao batem em movimentos,"Depois do upload, o stock_movements ficou com saldos incorretos. O cliente diz que o Excel original esta correto. Impacto informado: afeta varios utilizadores. Nota do utilizador: isto acontece no ambiente real.",stock,stock_movements,urgente,data_issue / high / technical_support,data_issue,high,technical_support,
SIS-2026-1294,GrafiNorte SA,printing,Dados inconsistentes em stock,"A listagem mostra records em falta e totais diferentes entre ecra e relatorio. Se possivel, encaminhar para Helena Rocha, que ja conhece este cliente. Impacto informado: afeta uma equipa. Nota do utilizador: o utilizador diz que ontem funcionava.",stock,barcode_labels,acontece algumas vezes,client_misunderstanding / high / training_consulting,data_issue,medium,technical_support,Helena Rocha
SIS-2026-1295,MetalLabel,industrial manufacturing,Feature request: ordem de fabrico,"Seria possivel adicionar uma regra extra no work_orders? Hoje fazem isto fora do sistema. Se possivel, encaminhar para Helena Rocha, que ja conhece este cliente. Impacto informado: precisamos esta semana.",production,work_orders,acontece algumas vezes,infrastructure_problem / high / account_management,feature_request,medium,development,Helena Rocha
SIS-2026-1296,AlfaForms,forms and labels,Importacao criou registos errados no work_orders,"Depois do upload, o work_orders ficou com saldos incorretos. O cliente diz que o Excel original esta correto. Se possivel, encaminhar para Joao Pereira, que ja conhece este cliente. Impacto informado: todos os utilizadores bloqueados. Nota do utilizador: sorry pelo detalhe incompleto.",production,work_orders,sem faturar,data_issue / critical / support_level_1,data_issue,critical,technical_support,Joao Pereira
SIS-2026-1297,PrintWorks Porto,printing,Ambiente Sistrade instavel,"Desde esta manha ha problema de certificado, backup ou network e o ambiente fica inacessivel. Se possivel, encaminhar para Miguel Santos, que ja conhece este cliente. Impacto informado: fecho do mes. Nota do utilizador: p.f. confirmar. Mixed note: please check today if possible, the client is confused and tired.",integrations,webservices,fecho do mes,software_bug / critical / training_consulting,infrastructure_problem,high,infrastructure,Miguel Santos
SIS-2026-1298,EtiquetaFina,labels,URGENTE - Timeout/lentidao no acesso a IVA,"Desde esta manha ha problema de certificado, backup ou network e o ambiente fica inacessivel. Impacto informado: todos os utilizadores bloqueados. Nota do utilizador: p.f. confirmar.",invoicing,tax_validation,ASAP,infrastructure_problem / critical / infrastructure,infrastructure_problem,critical,infrastructure,
SIS-2026-1299,EtiquetaFina,labels,Novos utilizadores precisam treino de opportunities,Entraram novos utilizadores e precisam de formacao sobre contactos. Querem exemplos praticos para opportunities. Impacto informado: melhoria para analisar.,CRM,opportunities,quando possivel,training_needed / low / account_management,training_needed,low,account_management,Joao Pereira
SIS-2026-1300,Cartonagem Douro,packaging,Novos utilizadores precisam treino de invoice_emission,"Entraram novos utilizadores e precisam de formacao sobre factura. Querem exemplos praticos para invoice_emission. Nota do utilizador: isto acontece no ambiente real. Mixed note: please check today if possible, the client is confused and tired.",invoicing,invoice_emission,melhoria para analisar,configuration_request / critical / account_management,training_needed,low,training_consulting,
SIS-2026-1301,EuroPackaging PT,packaging,Need help understanding reconciliacao bancaria,Duvida funcional: onde esta a opcao para journal_entries? Nao parece erro tecnico. Impacto informado: sem urgencia. Nota do utilizador: o utilizador diz que ontem funcionava.,accounting,journal_entries,duvida simples,client_misunderstanding / low / support_level_1,client_misunderstanding,low,support_level_1,
SIS-2026-1302,Braga Print House,printing,Sessao de esclarecimento sobre permissoes,"Entraram novos utilizadores e precisam de formacao sobre perfil. Querem exemplos praticos para roles_profiles. Impacto informado: precisamos esta semana. Mixed note: please check today if possible, the client is confused and tired.",user_permissions,roles_profiles,precisamos esta semana,configuration_request / high / training_consulting,training_needed,medium,support_level_1,
SIS-2026-1303,TextilMinho,textile,Duvida sobre ordem de fabrico / scheduling,O utilizador pergunta como fazer esta operacao no planeamento. Parece que nao encontra o menu correto para scheduling. Nota do utilizador: maybe it is just a setting.,production,scheduling,afeta varios utilizadores,client_misunderstanding / high / support_level_1,client_misunderstanding,high,support_level_1,
SIS-2026-1304,PlastiCentro,plastics,URGENTE - Alterar workflow/template de invoice_emission,"Pedido para ajustar permissoes, perfis ou parametros relacionados com invoice.",invoicing,invoice_emission,fecho do mes,configuration_request / high / technical_support,configuration_request,high,technical_support,
SIS-2026-1305,GrafiNorte SA,printing,Dados inconsistentes em relatorio,"Depois do upload, o kpi_analysis ficou com saldos incorretos. O cliente diz que o Excel original esta correto. Impacto informado: sem urgencia.",reporting,kpi_analysis,pode esperar,data_issue / low / account_management,data_issue,low,account_management,
SIS-2026-1306,PlastiCentro,plastics,Configurar access_rights em perfil,"Pedido para ajustar permissoes, perfis ou parametros relacionados com role. Impacto informado: pode esperar. Nota do utilizador: ja reiniciamos e ficou igual.",user_permissions,access_rights,melhoria para analisar,training_needed / critical / technical_support,configuration_request,low,support_level_1,
SIS-2026-1307,TextilMinho,textile,URGENTE - Dados inconsistentes em IVA,"Os dados no SAF-T nao batem certo. Ha registos duplicados e valores estranhos depois de uma importacao CSV. Impacto informado: afeta varios utilizadores. Mixed note: please check today if possible, the client is confused and tired.",accounting,saft_export,cliente a espera,data_issue / high / development,data_issue,high,development,
SIS-2026-1308,MetalLabel,industrial manufacturing,Importacao criou registos errados no e_invoice,A listagem mostra records em falta e totais diferentes entre ecra e relatorio. Impacto informado: impacto moderado.,invoicing,e_invoice,afeta uma equipa,data_issue / medium / technical_support,data_issue,medium,technical_support,Miguel Santos
SIS-2026-1309,AlfaForms,forms and labels,Permissoes e settings para IVA,"Pedido para ajustar permissoes, perfis ou parametros relacionados com serie de faturacao. Se possivel, encaminhar para Rui Costa, que ja conhece este cliente. Impacto informado: precisamos esta semana. Nota do utilizador: o utilizador diz que ontem funcionava.",invoicing,invoice_emission,impacto moderado,configuration_request / medium / account_management,configuration_request,medium,training_consulting,Rui Costa
SIS-2026-1310,MetalLabel,industrial manufacturing,URGENTE - VPN/server problem affects navigation,"Desde esta manha ha problema de certificado, backup ou network e o ambiente fica inacessivel. Impacto informado: cliente a espera. Nota do utilizador: isto acontece no ambiente real.",general,navigation,afeta varios utilizadores,infrastructure_problem / high / infrastructure,infrastructure_problem,high,infrastructure,Miguel Santos
SIS-2026-1311,MetalLabel,industrial manufacturing,Training request for notifications,Precisamos de workshop para explicar o fluxo correto e boas praticas. Impacto informado: duvida simples. Nota do utilizador: temos prints mas ainda nao anexei.,general,notifications,pode esperar,training_needed / high / training_consulting,training_needed,low,training_consulting,
SIS-2026-1312,Cartonagem Douro,packaging,Nova opcao para shop_floor,"Feature request para avaliar em roadmap; o processo atual funciona mas tem muito trabalho manual. Se possivel, encaminhar para Ana Martins, que ja conhece este cliente. Impacto informado: melhoria para analisar. Nota do utilizador: maybe it is just a setting.",production,shop_floor,pode esperar,feature_request / low / account_management,feature_request,low,account_management,Ana Martins
SIS-2026-1313,GrafiNorte SA,printing,Sessao de esclarecimento sobre ordem de fabrico,Entraram novos utilizadores e precisam de formacao sobre ordem de fabrico. Querem exemplos praticos para scheduling. Impacto informado: precisamos esta semana.,production,scheduling,precisamos esta semana,training_needed / medium / training_consulting,training_needed,medium,training_consulting,
SIS-2026-1314,AlfaForms,forms and labels,Configurar stock_movements em inventario,Can you change the workflow/template for stock_movements? The current settings do not match the client's process. Impacto informado: cliente a espera.,stock,stock_movements,cliente a espera,configuration_request / low / development,configuration_request,high,technical_support,
SIS-2026-1315,LusoPack Embalagens,packaging,Timeout/lentidao no acesso a ambiente,"Desde esta manha ha problema de certificado, backup ou network e o ambiente fica inacessivel. Impacto informado: precisamos ainda hoje. Nota do utilizador: p.f. confirmar.",general,navigation,fecho do mes,infrastructure_problem / low / infrastructure,infrastructure_problem,high,infrastructure,Ana Martins
SIS-2026-1316,AlfaForms,forms and labels,URGENTE - Exception quando usamos e_invoice,"Estamos a receber stacktrace no e_invoice. Parece bug porque o mesmo processo funcionava ontem. Se possivel, encaminhar para Helena Rocha, que ja conhece este cliente. Impacto informado: ASAP.",invoicing,e_invoice,ASAP,software_bug / critical / technical_support,software_bug,critical,development,Helena Rocha
SIS-2026-1317,PlastiCentro,plastics,Nova opcao para warehouse_transfer,"Seria possivel adicionar uma regra extra no warehouse_transfer? Hoje fazem isto fora do sistema. Se possivel, encaminhar para Ana Martins, que ja conhece este cliente.",stock,warehouse_transfer,quando possivel,software_bug / critical / technical_support,feature_request,low,account_management,Ana Martins
SIS-2026-1318,EtiquetaFina,labels,URGENTE - Duplicados depois de upload para barcode_labels,A listagem mostra records em falta e totais diferentes entre ecra e relatorio. Impacto informado: afeta varios utilizadores.,stock,barcode_labels,afeta varios utilizadores,infrastructure_problem / low / infrastructure,data_issue,high,development,
SIS-2026-1319,MetalLabel,industrial manufacturing,Dados inconsistentes em KPI,"Depois do upload, o excel_export ficou com saldos incorretos. O cliente diz que o Excel original esta correto. Impacto informado: fecho do mes.",reporting,excel_export,cliente a espera,data_issue / high / technical_support,data_issue,high,technical_support,
SIS-2026-1320,EtiquetaFina,labels,URGENTE - Dados inconsistentes em lancamentos,"Depois do upload, o bank_reconciliation ficou com saldos incorretos. O cliente diz que o Excel original esta correto. Se possivel, encaminhar para Miguel Santos, que ja conhece este cliente. Impacto informado: producao parada.",accounting,bank_reconciliation,producao parada,training_needed / low / infrastructure,data_issue,critical,development,Miguel Santos
SIS-2026-1321,Cartonagem Douro,packaging,Alterar workflow/template de access_rights,Can you change the workflow/template for access_rights? The current settings do not match the client's process. Impacto informado: quando possivel.,user_permissions,access_rights,melhoria para analisar,training_needed / critical / development,configuration_request,low,support_level_1,
SIS-2026-1322,EtiquetaFina,labels,Feature request: planeamento,"Seria possivel adicionar uma regra extra no cost_calculation? Hoje fazem isto fora do sistema. Impacto informado: quando possivel. Mixed note: please check today if possible, the client is confused and tired.",production,cost_calculation,quando possivel,feature_request / low / support_level_1,feature_request,low,support_level_1,
SIS-2026-1323,PlastiCentro,plastics,Duvida sobre login / login,"Duvida funcional: onde esta a opcao para login? Nao parece erro tecnico. Se possivel, encaminhar para Miguel Santos, que ja conhece este cliente. Impacto informado: pode esperar. Nota do utilizador: maybe it is just a setting.",general,login,sem urgencia,client_misunderstanding / low / training_consulting,client_misunderstanding,low,training_consulting,Miguel Santos
SIS-2026-1324,MetalLabel,industrial manufacturing,movimentos bloqueia ao validar stock_movements,"Bom dia, no cliente MetalLabel aparece erro 500 quando tentamos usar movimentos. O stock_movements fica bloqueado e nao grava os dados. Nota do utilizador: ja reiniciamos e ficou igual.",stock,stock_movements,precisamos ainda hoje,software_bug / high / training_consulting,software_bug,high,development,
SIS-2026-1325,EtiquetaFina,labels,IVA bloqueia ao validar credit_notes,"After the last update, factura started throwing an exception in credit_notes. Users repeat the same steps and it crashes. Impacto informado: deadline hoje. Nota do utilizador: nao sei se e bug ou configuracao.",invoicing,credit_notes,cannot invoice,software_bug / critical / technical_support,software_bug,critical,technical_support,
SIS-2026-1326,LusoPack Embalagens,packaging,Ambiente Sistrade instavel,"O sistema esta muito lento e da timeout ao abrir barcode. Varios utilizadores reportam falha de rede/VPN. Se possivel, encaminhar para Marta Silva, que ja conhece este cliente. Impacto informado: ASAP. Nota do utilizador: temos prints mas ainda nao anexei.",stock,barcode_labels,producao parada,feature_request / medium / development,infrastructure_problem,critical,infrastructure,Marta Silva
SIS-2026-1327,Cartonagem Douro,packaging,Nova opcao para customer_cards,"O cliente gostava de uma nova opcao em oportunidade. Nao e erro, e melhoria para reduzir passos manuais. Impacto informado: impacto moderado.",CRM,customer_cards,afeta uma equipa,feature_request / high / development,feature_request,medium,development,Ana Martins
SIS-2026-1328,TextilMinho,textile,Bug after update in SAF-T,"Estamos a receber stacktrace no bank_reconciliation. Parece bug porque o mesmo processo funcionava ontem. Se possivel, encaminhar para Rui Costa, que ja conhece este cliente. Impacto informado: deadline hoje.",accounting,bank_reconciliation,todos os utilizadores bloqueados,software_bug / critical / technical_support,software_bug,critical,technical_support,Rui Costa
SIS-2026-1329,EtiquetaFina,labels,URGENTE - Permissoes e settings para integracao,"Can you change the workflow/template for webservices? The current settings do not match the client's process. Se possivel, encaminhar para Joao Pereira, que ja conhece este cliente. Impacto informado: afeta varios utilizadores. Nota do utilizador: nao sei se e bug ou configuracao. Mixed note: please check today if possible, the client is confused and tired.",integrations,webservices,urgente,configuration_request / critical / development,configuration_request,high,development,Joao Pereira
SIS-2026-1330,MetalLabel,industrial manufacturing,URGENTE - Exception quando usamos invoice_emission,"Bom dia, no cliente MetalLabel aparece erro 500 quando tentamos usar factura. O invoice_emission fica bloqueado e nao grava os dados. Impacto informado: precisamos ainda hoje. Nota do utilizador: ja reiniciamos e ficou igual.",invoicing,invoice_emission,fecho do mes,software_bug / low / technical_support,software_bug,high,technical_support,
SIS-2026-1331,LusoPack Embalagens,packaging,Importacao criou registos errados no vat_report,A listagem mostra records em falta e totais diferentes entre ecra e relatorio.,accounting,vat_report,impacto moderado,data_issue / critical / technical_support,data_issue,medium,support_level_1,
SIS-2026-1332,LusoPack Embalagens,packaging,URGENTE - Exception quando usamos customer_cards,Estamos a receber stacktrace no customer_cards. Parece bug porque o mesmo processo funcionava ontem. Impacto informado: afeta varios utilizadores. Nota do utilizador: sorry pelo detalhe incompleto.,CRM,customer_cards,afeta varios utilizadores,software_bug / low / technical_support,software_bug,high,technical_support,
SIS-2026-1333,FlexoPrime,printing,Timeout/lentidao no acesso a ambiente,"Server seems unstable. Login works sometimes, then notifications stops responding. Impacto informado: deadline hoje. Mixed note: please check today if possible, the client is confused and tired.",general,notifications,ASAP,infrastructure_problem / critical / infrastructure,infrastructure_problem,critical,infrastructure,
SIS-2026-1334,PlastiCentro,plastics,URGENTE - Permissoes e settings para cliente,"Pedido para ajustar permissoes, perfis ou parametros relacionados com contactos. Impacto informado: cliente a espera. Mixed note: please check today if possible, the client is confused and tired.",CRM,commercial_pipeline,fecho do mes,configuration_request / high / training_consulting,configuration_request,high,technical_support,
SIS-2026-1335,PlastiCentro,plastics,URGENTE - Bug after update in planeamento,"After the last update, ordem de fabrico started throwing an exception in scheduling. Users repeat the same steps and it crashes. Impacto informado: cannot invoice. Nota do utilizador: o utilizador diz que ontem funcionava. Mixed note: please check today if possible, the client is confused and tired.",production,scheduling,todos os utilizadores bloqueados,software_bug / high / development,software_bug,critical,development,Ana Martins
SIS-2026-1336,TextilMinho,textile,Formacao para equipa em barcode,A equipa esta a usar mal o processo. Sugerimos uma sessao curta de training para evitar tickets repetidos. Impacto informado: melhoria para analisar.,stock,barcode_labels,melhoria para analisar,training_needed / low / support_level_1,training_needed,low,support_level_1,
SIS-2026-1337,EuroPackaging PT,packaging,Need help understanding role,"O utilizador pergunta como fazer esta operacao no password. Parece que nao encontra o menu correto para password_policy. Impacto informado: afeta uma equipa. Mixed note: please check today if possible, the client is confused and tired.",user_permissions,password_policy,acontece algumas vezes,client_misunderstanding / critical / account_management,client_misunderstanding,medium,support_level_1,
SIS-2026-1338,EuroPackaging PT,packaging,Pedido de parametrizacao para role,"Precisamos configurar regras novas no role, especialmente no approvals. E uma parametrizacao pedida pela direcao. Nota do utilizador: nao sei se e bug ou configuracao.",user_permissions,approvals,afeta uma equipa,configuration_request / medium / technical_support,configuration_request,medium,technical_support,
SIS-2026-1339,PlastiCentro,plastics,Nova opcao para customer_cards,"O cliente gostava de uma nova opcao em contactos. Nao e erro, e melhoria para reduzir passos manuais. Impacto informado: duvida simples. Nota do utilizador: temos prints mas ainda nao anexei.",CRM,customer_cards,sem urgencia,feature_request / low / support_level_1,feature_request,low,support_level_1,
SIS-2026-1340,EtiquetaFina,labels,Alterar workflow/template de kpi_analysis,"Can you change the workflow/template for kpi_analysis? The current settings do not match the client's process. Impacto informado: critico. Nota do utilizador: p.f. confirmar. Mixed note: please check today if possible, the client is confused and tired.",reporting,kpi_analysis,cannot invoice,configuration_request / critical / support_level_1,configuration_request,critical,support_level_1,
SIS-2026-1341,Cartonagem Douro,packaging,Melhoria desejada em oportunidade,"Feature request para avaliar em roadmap; o processo atual funciona mas tem muito trabalho manual. Impacto informado: acontece algumas vezes. Mixed note: please check today if possible, the client is confused and tired.",CRM,opportunities,impacto moderado,feature_request / medium / support_level_1,feature_request,medium,account_management,
SIS-2026-1342,FlexoPrime,printing,Seria possivel adicionar regra em custom_reports?,"O cliente gostava de uma nova opcao em dashboard. Nao e erro, e melhoria para reduzir passos manuais.",reporting,custom_reports,pode esperar,feature_request / low / infrastructure,feature_request,low,account_management,
SIS-2026-1343,GrafiNorte SA,printing,Permissoes e settings para fatura,"Pedido para ajustar permissoes, perfis ou parametros relacionados com fatura. Impacto informado: precisamos esta semana. Mixed note: please check today if possible, the client is confused and tired.",invoicing,e_invoice,afeta uma equipa,client_misunderstanding / high / account_management,configuration_request,medium,technical_support,
SIS-2026-1344,Cartonagem Douro,packaging,Erro no producao: work_orders nao grava,Estamos a receber stacktrace no work_orders. Parece bug porque o mesmo processo funcionava ontem. Impacto informado: afeta uma equipa. Nota do utilizador: nao sei se e bug ou configuracao.,production,work_orders,afeta uma equipa,software_bug / medium / training_consulting,software_bug,medium,technical_support,
SIS-2026-1345,TextilMinho,textile,URGENTE - Bug after update in factura,"Estamos a receber stacktrace no tax_validation. Parece bug porque o mesmo processo funcionava ontem. Se possivel, encaminhar para Marta Silva, que ja conhece este cliente. Nota do utilizador: p.f. confirmar. Mixed note: please check today if possible, the client is confused and tired.",invoicing,tax_validation,urgente,software_bug / high / support_level_1,software_bug,high,support_level_1,Marta Silva
SIS-2026-1346,EtiquetaFina,labels,Falha de rede ao abrir export Excel,O sistema esta muito lento e da timeout ao abrir KPI. Varios utilizadores reportam falha de rede/VPN. Impacto informado: producao parada. Nota do utilizador: sorry pelo detalhe incompleto.,reporting,dashboards,critico,data_issue / low / training_consulting,infrastructure_problem,critical,infrastructure,Rui Costa
SIS-2026-1347,MetalLabel,industrial manufacturing,URGENTE - Exception quando usamos webservices,"Estamos a receber stacktrace no webservices. Parece bug porque o mesmo processo funcionava ontem. Se possivel, encaminhar para Marta Silva, que ja conhece este cliente. Impacto informado: afeta varios utilizadores. Nota do utilizador: p.f. confirmar.",integrations,webservices,urgente,software_bug / high / account_management,software_bug,high,technical_support,Marta Silva
SIS-2026-1348,EtiquetaFina,labels,Pedido de parametrizacao para shop floor,"Pedido para ajustar permissoes, perfis ou parametros relacionados com ordem de fabrico. Impacto informado: quando possivel. Nota do utilizador: p.f. confirmar.",production,cost_calculation,duvida simples,configuration_request / low / training_consulting,configuration_request,low,training_consulting,Joao Pereira
SIS-2026-1349,Braga Print House,printing,Importacao criou registos errados no bank_reconciliation,Os dados no contabilidade nao batem certo. Ha registos duplicados e valores estranhos depois de uma importacao CSV.,accounting,bank_reconciliation,cliente a espera,client_misunderstanding / medium / infrastructure,data_issue,high,account_management,Rui Costa
SIS-2026-1350,AlfaForms,forms and labels,invoice bloqueia ao validar invoice_emission,Estamos a receber stacktrace no invoice_emission. Parece bug porque o mesmo processo funcionava ontem. Impacto informado: pode esperar.,invoicing,invoice_emission,sem urgencia,data_issue / medium / technical_support,software_bug,low,development,Joao Pereira
SIS-2026-1351,TextilMinho,textile,Need help understanding analise,"We need help understanding the flow. The client thinks something is missing, but it may be normal behavior in export Excel. Se possivel, encaminhar para Miguel Santos, que ja conhece este cliente. Nota do utilizador: ja reiniciamos e ficou igual.",reporting,excel_export,precisamos esta semana,infrastructure_problem / critical / infrastructure,client_misunderstanding,medium,support_level_1,Miguel Santos
SIS-2026-1352,EuroPackaging PT,packaging,Alterar workflow/template de stock_movements,"Precisamos configurar regras novas no movimentos, especialmente no stock_movements. E uma parametrizacao pedida pela direcao. Impacto informado: afeta varios utilizadores. Mixed note: please check today if possible, the client is confused and tired.",stock,stock_movements,urgente,client_misunderstanding / medium / account_management,configuration_request,high,technical_support,Rui Costa
SIS-2026-1353,LusoPack Embalagens,packaging,URGENTE - Bug after update in movimentos,"Bom dia, no cliente LusoPack Embalagens aparece erro 500 quando tentamos usar barcode. O barcode_labels fica bloqueado e nao grava os dados. Impacto informado: fecho do mes.",stock,barcode_labels,precisamos ainda hoje,training_needed / critical / support_level_1,software_bug,high,technical_support,Helena Rocha
SIS-2026-1354,EtiquetaFina,labels,Feature request: movimentos,Feature request para avaliar em roadmap; o processo atual funciona mas tem muito trabalho manual. Impacto informado: precisamos esta semana.,stock,inventory_counts,impacto moderado,data_issue / low / account_management,feature_request,medium,support_level_1,Miguel Santos
SIS-2026-1355,Braga Print House,printing,Alterar workflow/template de shop_floor,Can you change the workflow/template for shop_floor? The current settings do not match the client's process. Impacto informado: precisamos esta semana.,production,shop_floor,precisamos esta semana,configuration_request / medium / development,configuration_request,medium,development,
SIS-2026-1356,PrintWorks Porto,printing,URGENTE - Exception quando usamos bank_reconciliation,Estamos a receber stacktrace no bank_reconciliation. Parece bug porque o mesmo processo funcionava ontem. Impacto informado: cliente a espera. Nota do utilizador: isto acontece no ambiente real.,accounting,bank_reconciliation,precisamos ainda hoje,software_bug / high / development,software_bug,high,development,
SIS-2026-1357,AlfaForms,forms and labels,Ambiente Sistrade instavel,"Server seems unstable. Login works sometimes, then password_policy stops responding. Impacto informado: todos os utilizadores bloqueados.",user_permissions,password_policy,cannot invoice,infrastructure_problem / critical / infrastructure,infrastructure_problem,critical,infrastructure,
SIS-2026-1358,EtiquetaFina,labels,Exception quando usamos work_orders,"Estamos a receber stacktrace no work_orders. Parece bug porque o mesmo processo funcionava ontem. Se possivel, encaminhar para Rui Costa, que ja conhece este cliente. Impacto informado: cliente a espera. Nota do utilizador: isto acontece no ambiente real.",production,work_orders,urgente,software_bug / high / development,software_bug,high,support_level_1,Rui Costa
SIS-2026-1359,AlfaForms,forms and labels,Sessao de esclarecimento sobre ordem de fabrico,Entraram novos utilizadores e precisam de formacao sobre producao. Querem exemplos praticos para work_orders.,production,work_orders,duvida simples,data_issue / high / technical_support,training_needed,low,training_consulting,
SIS-2026-1360,FlexoPrime,printing,Importacao criou registos errados no journal_entries,"Depois do upload, o journal_entries ficou com saldos incorretos. O cliente diz que o Excel original esta correto. Impacto informado: acontece algumas vezes. Nota do utilizador: temos prints mas ainda nao anexei.",accounting,journal_entries,afeta uma equipa,data_issue / medium / development,data_issue,medium,technical_support,
SIS-2026-1361,TextilMinho,textile,URGENTE - Utilizador nao encontra opcao em commercial_pipeline,"We need help understanding the flow. The client thinks something is missing, but it may be normal behavior in oportunidade. Se possivel, encaminhar para Rui Costa, que ja conhece este cliente. Mixed note: please check today if possible, the client is confused and tired.",CRM,commercial_pipeline,urgente,client_misunderstanding / high / support_level_1,client_misunderstanding,high,support_level_1,Rui Costa
SIS-2026-1362,GrafiNorte SA,printing,Duplicados depois de upload para warehouse_transfer,Os dados no barcode nao batem certo. Ha registos duplicados e valores estranhos depois de uma importacao CSV.,stock,warehouse_transfer,precisamos esta semana,data_issue / high / development,data_issue,medium,development,
SIS-2026-1363,FlexoPrime,printing,Utilizador nao encontra opcao em complaints,O utilizador pergunta como fazer esta operacao no CRM. Parece que nao encontra o menu correto para complaints. Impacto informado: quando possivel. Nota do utilizador: maybe it is just a setting.,CRM,complaints,duvida simples,client_misunderstanding / low / support_level_1,client_misunderstanding,low,support_level_1,
SIS-2026-1364,EtiquetaFina,labels,Need help understanding shop floor,Duvida funcional: onde esta a opcao para scheduling? Nao parece erro tecnico. Impacto informado: afeta uma equipa. Nota do utilizador: p.f. confirmar.,production,scheduling,afeta uma equipa,configuration_request / critical / development,client_misunderstanding,medium,support_level_1,
SIS-2026-1365,AlfaForms,forms and labels,Configurar inventory_counts em stock,"Precisamos configurar regras novas no inventario, especialmente no inventory_counts. E uma parametrizacao pedida pela direcao. Se possivel, encaminhar para Miguel Santos, que ja conhece este cliente. Impacto informado: afeta uma equipa. Nota do utilizador: p.f. confirmar.",stock,inventory_counts,impacto moderado,configuration_request / medium / technical_support,configuration_request,medium,technical_support,Miguel Santos
SIS-2026-1366,EtiquetaFina,labels,Erro no factura: tax_validation nao grava,Estamos a receber stacktrace no tax_validation. Parece bug porque o mesmo processo funcionava ontem. Impacto informado: critico. Nota do utilizador: maybe it is just a setting.,invoicing,tax_validation,deadline hoje,software_bug / medium / development,software_bug,critical,development,
SIS-2026-1367,EuroPackaging PT,packaging,Bug after update in invoice,Estamos a receber stacktrace no tax_validation. Parece bug porque o mesmo processo funcionava ontem. Impacto informado: cannot invoice. Nota do utilizador: temos prints mas ainda nao anexei.,invoicing,tax_validation,todos os utilizadores bloqueados,configuration_request / high / technical_support,software_bug,critical,development,
SIS-2026-1368,TextilMinho,textile,Dados inconsistentes em custos,"Depois do upload, o work_orders ficou com saldos incorretos. O cliente diz que o Excel original esta correto. Impacto informado: ASAP. Nota do utilizador: maybe it is just a setting.",production,work_orders,critico,data_issue / critical / account_management,data_issue,critical,account_management,
SIS-2026-1369,FlexoPrime,printing,Pedido de parametrizacao para webservice,Can you change the workflow/template for api? The current settings do not match the client's process. Impacto informado: impacto moderado.,integrations,api,precisamos esta semana,configuration_request / low / support_level_1,configuration_request,medium,support_level_1,
SIS-2026-1370,PrintWorks Porto,printing,Formacao para equipa em barcode,Entraram novos utilizadores e precisam de formacao sobre armazem. Querem exemplos praticos para barcode_labels. Impacto informado: pode esperar. Nota do utilizador: ja reiniciamos e ficou igual.,stock,barcode_labels,sem urgencia,client_misunderstanding / critical / technical_support,training_needed,low,training_consulting,
SIS-2026-1371,GrafiNorte SA,printing,URGENTE - Exception quando usamos saft_export,"Bom dia, no cliente GrafiNorte SA aparece erro 500 quando tentamos usar lancamentos. O saft_export fica bloqueado e nao grava os dados. Impacto informado: afeta varios utilizadores.",accounting,saft_export,afeta varios utilizadores,software_bug / high / development,software_bug,high,development,
SIS-2026-1372,EtiquetaFina,labels,Importacao criou registos errados no journal_entries,"Depois do upload, o journal_entries ficou com saldos incorretos. O cliente diz que o Excel original esta correto. Impacto informado: precisamos esta semana. Nota do utilizador: sorry pelo detalhe incompleto.",accounting,journal_entries,acontece algumas vezes,software_bug / critical / account_management,data_issue,medium,development,
SIS-2026-1373,PrintWorks Porto,printing,Duvida sobre performance / performance,"We need help understanding the flow. The client thinks something is missing, but it may be normal behavior in notificacoes. Se possivel, encaminhar para Helena Rocha, que ja conhece este cliente. Impacto informado: quando possivel.",general,performance,melhoria para analisar,client_misunderstanding / low / support_level_1,client_misunderstanding,low,support_level_1,Helena Rocha
SIS-2026-1374,TextilMinho,textile,Melhoria desejada em serie de faturacao,"O cliente gostava de uma nova opcao em fatura. Nao e erro, e melhoria para reduzir passos manuais. Impacto informado: duvida simples.",invoicing,credit_notes,duvida simples,feature_request / low / account_management,feature_request,low,account_management,
SIS-2026-1375,GrafiNorte SA,printing,URGENTE - Permissoes e settings para ecommerce,"Precisamos configurar regras novas no EDI, especialmente no api. E uma parametrizacao pedida pela direcao. Se possivel, encaminhar para Miguel Santos, que ja conhece este cliente. Nota do utilizador: p.f. confirmar.",integrations,api,fecho do mes,configuration_request / high / technical_support,configuration_request,high,technical_support,Miguel Santos
SIS-2026-1376,PlastiCentro,plastics,Alterar workflow/template de webservices,Can you change the workflow/template for webservices? The current settings do not match the client's process. Impacto informado: precisamos esta semana.,integrations,webservices,impacto moderado,configuration_request / medium / technical_support,configuration_request,medium,support_level_1,Miguel Santos
SIS-2026-1377,EuroPackaging PT,packaging,Bug after update in EDI,"After the last update, ecommerce started throwing an exception in edi. Users repeat the same steps and it crashes. Nota do utilizador: ja reiniciamos e ficou igual.",integrations,edi,urgente,infrastructure_problem / medium / training_consulting,software_bug,high,development,
SIS-2026-1378,PrintWorks Porto,printing,Ambiente Sistrade instavel,"Desde esta manha ha problema de certificado, backup ou network e o ambiente fica inacessivel. Impacto informado: deadline hoje.",user_permissions,roles_profiles,deadline hoje,infrastructure_problem / critical / infrastructure,infrastructure_problem,critical,infrastructure,
SIS-2026-1379,Braga Print House,printing,Alterar workflow/template de approvals,"Precisamos configurar regras novas no acessos, especialmente no approvals. E uma parametrizacao pedida pela direcao. Se possivel, encaminhar para Marta Silva, que ja conhece este cliente. Impacto informado: afeta uma equipa. Nota do utilizador: maybe it is just a setting. Mixed note: please check today if possible, the client is confused and tired.",user_permissions,approvals,impacto moderado,configuration_request / low / technical_support,configuration_request,medium,technical_support,Marta Silva
SIS-2026-1380,MetalLabel,industrial manufacturing,ambiente bloqueia ao validar navigation,"After the last update, menu started throwing an exception in navigation. Users repeat the same steps and it crashes. Impacto informado: producao parada. Nota do utilizador: sorry pelo detalhe incompleto. Mixed note: please check today if possible, the client is confused and tired.",general,navigation,ASAP,training_needed / high / development,software_bug,critical,technical_support,Miguel Santos
SIS-2026-1381,PlastiCentro,plastics,URGENTE - VPN/server problem affects login,"Desde esta manha ha problema de certificado, backup ou network e o ambiente fica inacessivel. Se possivel, encaminhar para Marta Silva, que ja conhece este cliente. Nota do utilizador: p.f. confirmar.",general,login,critico,feature_request / high / technical_support,infrastructure_problem,critical,infrastructure,Marta Silva
SIS-2026-1382,PrintWorks Porto,printing,Novos utilizadores precisam treino de complaints,"Precisamos de workshop para explicar o fluxo correto e boas praticas. Se possivel, encaminhar para Ana Martins, que ja conhece este cliente. Impacto informado: afeta uma equipa. Nota do utilizador: ja reiniciamos e ficou igual.",CRM,complaints,precisamos esta semana,training_needed / low / training_consulting,training_needed,medium,training_consulting,Ana Martins
SIS-2026-1383,TextilMinho,textile,Permissoes e settings para custos,Can you change the workflow/template for shop_floor? The current settings do not match the client's process. Impacto informado: impacto moderado. Nota do utilizador: ja reiniciamos e ficou igual.,production,shop_floor,impacto moderado,configuration_request / high / technical_support,configuration_request,medium,technical_support,
SIS-2026-1384,Braga Print House,printing,CRM bloqueia ao validar opportunities,"After the last update, oportunidade started throwing an exception in opportunities. Users repeat the same steps and it crashes. Impacto informado: sem faturar. Nota do utilizador: ja reiniciamos e ficou igual.",CRM,opportunities,ASAP,software_bug / critical / development,software_bug,critical,development,
SIS-2026-1385,FlexoPrime,printing,URGENTE - Saldo/valores nao batem em barcode,"A listagem mostra records em falta e totais diferentes entre ecra e relatorio. Nota do utilizador: maybe it is just a setting. Mixed note: please check today if possible, the client is confused and tired.",stock,barcode_labels,cliente a espera,software_bug / medium / support_level_1,data_issue,high,development,
SIS-2026-1386,GrafiNorte SA,printing,URGENTE - Como fazer no ecra de notificacoes?,Duvida funcional: onde esta a opcao para navigation? Nao parece erro tecnico. Nota do utilizador: p.f. confirmar.,general,navigation,afeta varios utilizadores,client_misunderstanding / high / support_level_1,client_misunderstanding,high,support_level_1,Joao Pereira
SIS-2026-1387,EuroPackaging PT,packaging,Falha de rede ao abrir API,"Desde esta manha ha problema de certificado, backup ou network e o ambiente fica inacessivel. Impacto informado: critico. Nota do utilizador: ja reiniciamos e ficou igual. Mixed note: please check today if possible, the client is confused and tired.",integrations,api,todos os utilizadores bloqueados,configuration_request / medium / account_management,infrastructure_problem,critical,infrastructure,Helena Rocha
SIS-2026-1388,LusoPack Embalagens,packaging,Pedido de parametrizacao para perfil,"Precisamos configurar regras novas no acessos, especialmente no password_policy. E uma parametrizacao pedida pela direcao. Nota do utilizador: o utilizador diz que ontem funcionava.",user_permissions,password_policy,afeta uma equipa,configuration_request / medium / infrastructure,configuration_request,medium,support_level_1,
SIS-2026-1389,TextilMinho,textile,Dados inconsistentes em serie de faturacao,Os dados no invoice nao batem certo. Ha registos duplicados e valores estranhos depois de uma importacao CSV. Impacto informado: acontece algumas vezes. Nota do utilizador: nao sei se e bug ou configuracao.,invoicing,e_invoice,precisamos esta semana,infrastructure_problem / critical / technical_support,data_issue,medium,development,
SIS-2026-1390,FlexoPrime,printing,URGENTE - Exception quando usamos credit_notes,"Bom dia, no cliente FlexoPrime aparece erro 500 quando tentamos usar IVA. O credit_notes fica bloqueado e nao grava os dados. Se possivel, encaminhar para Rui Costa, que ja conhece este cliente. Impacto informado: todos os utilizadores bloqueados.",invoicing,credit_notes,deadline hoje,configuration_request / low / account_management,software_bug,critical,development,Rui Costa
SIS-2026-1391,GrafiNorte SA,printing,Importacao criou registos errados no cost_calculation,A listagem mostra records em falta e totais diferentes entre ecra e relatorio. Impacto informado: todos os utilizadores bloqueados. Nota do utilizador: isto acontece no ambiente real.,production,cost_calculation,todos os utilizadores bloqueados,data_issue / critical / account_management,data_issue,critical,account_management,
SIS-2026-1392,GrafiNorte SA,printing,Ambiente Sistrade instavel,O sistema esta muito lento e da timeout ao abrir planeamento. Varios utilizadores reportam falha de rede/VPN. Impacto informado: cliente a espera.,production,cost_calculation,cliente a espera,infrastructure_problem / high / infrastructure,infrastructure_problem,high,infrastructure,Marta Silva
SIS-2026-1393,GrafiNorte SA,printing,URGENTE - Alterar workflow/template de complaints,"Pedido para ajustar permissoes, perfis ou parametros relacionados com oportunidade.",CRM,complaints,cliente a espera,configuration_request / medium / support_level_1,configuration_request,high,support_level_1,
SIS-2026-1394,EuroPackaging PT,packaging,Seria possivel adicionar regra em invoice_emission?,Seria possivel adicionar uma regra extra no invoice_emission? Hoje fazem isto fora do sistema. Impacto informado: pode esperar. Nota do utilizador: maybe it is just a setting.,invoicing,invoice_emission,duvida simples,feature_request / low / development,feature_request,low,development,
SIS-2026-1395,AlfaForms,forms and labels,Sessao de esclarecimento sobre invoice,Precisamos de workshop para explicar o fluxo correto e boas praticas. Impacto informado: pode esperar. Nota do utilizador: ja reiniciamos e ficou igual.,invoicing,tax_validation,quando possivel,client_misunderstanding / critical / account_management,training_needed,low,training_consulting,
SIS-2026-1396,GrafiNorte SA,printing,URGENTE - Ambiente Sistrade instavel,O sistema esta muito lento e da timeout ao abrir permissoes. Varios utilizadores reportam falha de rede/VPN. Nota do utilizador: nao sei se e bug ou configuracao.,user_permissions,approvals,producao parada,client_misunderstanding / high / account_management,infrastructure_problem,critical,infrastructure,
SIS-2026-1397,GrafiNorte SA,printing,Duvida sobre stock / warehouse_transfer,"O utilizador pergunta como fazer esta operacao no stock. Parece que nao encontra o menu correto para warehouse_transfer. Se possivel, encaminhar para Helena Rocha, que ja conhece este cliente. Nota do utilizador: sorry pelo detalhe incompleto.",stock,warehouse_transfer,sem urgencia,client_misunderstanding / low / support_level_1,client_misunderstanding,low,support_level_1,Helena Rocha
SIS-2026-1398,Cartonagem Douro,packaging,Exception quando usamos api,"After the last update, ecommerce started throwing an exception in api. Users repeat the same steps and it crashes. Impacto informado: duvida simples. Nota do utilizador: isto acontece no ambiente real.",integrations,api,pode esperar,client_misunderstanding / high / infrastructure,software_bug,low,technical_support,
SIS-2026-1399,Cartonagem Douro,packaging,Importacao criou registos errados no inventory_counts,A listagem mostra records em falta e totais diferentes entre ecra e relatorio. Impacto informado: precisamos esta semana.,stock,inventory_counts,precisamos esta semana,data_issue / high / technical_support,data_issue,medium,technical_support,
SIS-2026-1400,EuroPackaging PT,packaging,URGENTE - Timeout/lentidao no acesso a perfil,"Desde esta manha ha problema de certificado, backup ou network e o ambiente fica inacessivel. Se possivel, encaminhar para Ana Martins, que ja conhece este cliente. Impacto informado: ASAP. Mixed note: please check today if possible, the client is confused and tired.",user_permissions,access_rights,critico,client_misunderstanding / medium / training_consulting,infrastructure_problem,critical,infrastructure,Ana Martins
